<?xml version="1.0" encoding="UTF-8" standalone="no"?>
<window xmlns="http://jmix.io/schema/ui/window"
        xmlns:c="http://jmix.io/schema/ui/jpql-condition"
        caption="msg://borrowerDealRatingDictionaryBrowse.caption"
        focusComponent="borrowerDealRatingDictionariesTable">
    <data readOnly="true">
        <collection id="borrowerDealRatingDictionariesDc"
                    class="kz.eub.rm.entity.dwh.BorrowerDealRatingDictionary">
            <fetchPlan extends="_base"/>
            <loader id="borrowerDealRatingDictionariesDl">
                <query>
                    <![CDATA[select e from rm_BorrowerDealRatingDictionary e]]>
                </query>
            </loader>
        </collection>
    </data>
    <facets>
        <dataLoadCoordinator auto="true"/>
        <screenSettings id="settingsFacet" auto="true"/>
    </facets>
    <actions>
        <action id="lookupSelectAction"
                caption="msg:///actions.Select"
                icon="LOOKUP_OK"
                primary="true"
                shortcut="${COMMIT_SHORTCUT}"/>
        <action id="lookupCancelAction"
                caption="msg:///actions.Cancel"
                icon="LOOKUP_CANCEL"/>
    </actions>
    <dialogMode height="600"
                width="800"/>
    <layout expand="borrowerDealRatingDictionariesTable" spacing="true">
        <filter id="filter"
                dataLoader="borrowerDealRatingDictionariesDl">
            <properties include=".*"/>
        </filter>
        <groupTable id="borrowerDealRatingDictionariesTable"
                    width="100%"
                    dataContainer="borrowerDealRatingDictionariesDc"
                    multiselect="true">
            <actions>
                <action id="create" type="create"/>
                <action id="edit" type="edit"/>
                <action id="remove" type="remove"/>
                <action id="excelExport" type="excelExport"/>
            </actions>
            <columns>
                <column id="inValues"/>
                <column id="outValues"/>
                <column id="description"/>
            </columns>
            <simplePagination itemsPerPageUnlimitedOptionVisible="true" itemsPerPageVisible="true"/>
            <buttonsPanel id="buttonsPanel"
                          alwaysVisible="true">
                <button id="createBtn" action="borrowerDealRatingDictionariesTable.create"/>
                <button id="editBtn" action="borrowerDealRatingDictionariesTable.edit"/>
                <button id="removeBtn" action="borrowerDealRatingDictionariesTable.remove"/>
                <button id="excelExportBtn" action="borrowerDealRatingDictionariesTable.excelExport"/>
            </buttonsPanel>
        </groupTable>
        <hbox id="lookupActions" spacing="true" visible="false">
            <button action="lookupSelectAction"/>
            <button action="lookupCancelAction"/>
        </hbox>
    </layout>
</window>
