<?xml version="1.0" encoding="UTF-8" standalone="no"?>
<window xmlns="http://jmix.io/schema/ui/window"
        caption="msg://accountErrorsBrowse.caption"
        focusComponent="accountErrorsTable">
    <data readOnly="true">
        <collection id="accountErrorsDc"
                    class="kz.eub.report360.entity.AccountErrors">
            <fetchPlan extends="_base">
                <property name="daeDictError" fetchPlan="_base"/>
                <property name="daeSystem" fetchPlan="_base"/>
            </fetchPlan>
            <loader id="accountErrorsDl">
                <query>
                    <![CDATA[select e from r360_AccountErrors e]]>
                </query>
            </loader>
        </collection>
    </data>
    <facets>
        <dataLoadCoordinator auto="true"/>
        <screenSettings id="settingsFacet" auto="true"/>
    </facets>
    <actions>
        <action id="lookupSelectAction"
                caption="msg:///actions.Select"
                icon="LOOKUP_OK"
                primary="true"
                shortcut="${COMMIT_SHORTCUT}"/>
        <action id="lookupCancelAction"
                caption="msg:///actions.Cancel"
                icon="LOOKUP_CANCEL"/>
    </actions>
    <dialogMode height="600"
                width="800"/>
    <layout expand="accountErrorsTable" spacing="true">
        <filter id="filter" columnsCount="4"
                dataLoader="accountErrorsDl">
            <properties include=".*"/>
            <configurations>
                <configuration id="defaultConfiguration" name="msg://defaultConfiguration.name" default="true">
                    <propertyFilter property="daestartDate" operation="GREATER_OR_EQUAL"
                                    caption="msg://propertyFilter.caption"/>
                    <propertyFilter property="daestartDate" operation="LESS_OR_EQUAL"
                                    caption="msg://propertyFilter1.caption"/>
                    <propertyFilter property="daeSystem" operation="EQUAL" caption="msg://propertyFilter2.caption"/>
                    <propertyFilter property="daeDictError" operation="EQUAL" caption="msg://propertyFilter3.caption"/>
                </configuration>
            </configurations>
        </filter>
        <table id="accountErrorsTable"
               width="100%"
               dataContainer="accountErrorsDc">
            <actions>
                <action id="excelExport" type="excelExport"/>
                <action id="jsonExport" type="jsonExport"/>
            </actions>
            <columns>
                <column id="daestartDate"/>
                <column id="daeDeadlineDate"/>
                <column id="daeDepartment"/>
                <column id="daeSystem"/>
                <column id="daeAcntplnBalNum"/>
                <column id="daeAcntNumber"/>
                <column id="daeAcntName" maxTextLength="45"/>
                <column id="daeStatName"/>
                <column id="daeCurCode"/>
                <column id="daeAcntOpenDate"/>
                <column id="daeAcntCloseDate"/>
                <column id="daeOutKzt"/>
                <column id="daeClntType"/>
                <column id="daeClntIinBin"/>
                <column id="daeClntFullName"/>
                <column id="daeClntResidentFlg"/>
                <column id="daeError"/>
                <column id="daeDictError"/>
            </columns>
            <simplePagination itemsPerPageUnlimitedOptionVisible="true" itemsPerPageVisible="true"/>
            <buttonsPanel id="buttonsPanel" alwaysVisible="true">
                <button id="excelExportBtn" action="accountErrorsTable.excelExport"/>
                <button id="jsonExportBtn" action="accountErrorsTable.jsonExport"/>
            </buttonsPanel>
        </table>
        <hbox id="lookupActions" spacing="true" visible="false">
            <button action="lookupSelectAction"/>
            <button action="lookupCancelAction"/>
        </hbox>
    </layout>
</window>
