<?xml version="1.0" encoding="UTF-8" standalone="no"?>
<window xmlns="http://jmix.io/schema/ui/window"
        caption="msg://dictErrorDeadlineBrowse.caption"
        focusComponent="dictErrorDeadlinesTable">
    <data readOnly="true">
        <collection id="dictErrorDeadlinesDc"
                    class="kz.eub.report360.entity.DictErrorDeadline">
            <fetchPlan extends="_base"/>
            <loader id="dictErrorDeadlinesDl">
                <query>
                    <![CDATA[select e from r360_DictErrorDeadline e]]>
                </query>
            </loader>
        </collection>
    </data>
    <facets>
        <dataLoadCoordinator auto="true"/>
        <screenSettings id="settingsFacet" auto="true"/>
    </facets>
    <actions>
        <action id="lookupSelectAction"
                caption="msg:///actions.Select"
                icon="LOOKUP_OK"
                primary="true"
                shortcut="${COMMIT_SHORTCUT}"/>
        <action id="lookupCancelAction"
                caption="msg:///actions.Cancel"
                icon="LOOKUP_CANCEL"/>
    </actions>
    <dialogMode height="600"
                width="800"/>
    <layout expand="dictErrorDeadlinesTable" spacing="true">
        <filter id="filter"
                dataLoader="dictErrorDeadlinesDl">
            <properties include=".*"/>
        </filter>
        <table id="dictErrorDeadlinesTable"
               width="100%"
               dataContainer="dictErrorDeadlinesDc">
            <actions>
                <action id="create" type="create"/>
                <action id="edit" type="edit"/>
                <action id="remove" type="remove"/>
                <action id="excelExport" type="excelExport"/>
                <action id="jsonExport" type="jsonExport"/>
            </actions>
            <columns>
                <column id="errdlDescr"/>
            </columns>
            <simplePagination itemsPerPageUnlimitedOptionVisible="true" itemsPerPageVisible="true"/>
            <buttonsPanel id="buttonsPanel"
                          alwaysVisible="true">
                <button id="createBtn" action="dictErrorDeadlinesTable.create"/>
                <button id="editBtn" action="dictErrorDeadlinesTable.edit"/>
                <button id="removeBtn" action="dictErrorDeadlinesTable.remove"/>
                <button id="excelExportBtn" action="dictErrorDeadlinesTable.excelExport"/>
                <button id="jsonExportBtn" action="dictErrorDeadlinesTable.jsonExport"/>
            </buttonsPanel>
        </table>
        <hbox id="lookupActions" spacing="true" visible="false">
            <button action="lookupSelectAction"/>
            <button action="lookupCancelAction"/>
        </hbox>
    </layout>
</window>
