<?xml version="1.0" encoding="UTF-8" standalone="no"?>
<window xmlns="http://jmix.io/schema/ui/window"
        caption="msg://duelEdit.caption">
    <data>
        <collection id="questionDc"
                    class="kz.eub.kpi.entity.DuelQuestion"/>
    </data>
    <layout width="100%" height="100%" spacing="false">
        <groupBox css="border:none" height="900" width="100%">
            <scrollBox contentMinWidth="600px"
                       contentMinHeight="200px"
                       height="100%"
                       width="100%">
                <hbox width="100%" height="1" css="background-color: black"/>

                <hbox height="20"/>
                <hbox height="20" width="100%" spacing="true" align="MIDDLE_CENTER">
                    <textField id="duelTitleId" caption="Название дуэли" description="Название дуэли 2" width="100%"/>
                    <hbox width="100%" align="BOTTOM_CENTER" height="20">
                        <timeField id="timeId" caption="Длительность" timeFormat="mm:ss" align="BOTTOM_CENTER"/>
                    </hbox>
                </hbox>
                <hbox height="40"/>
                <hbox height="30">
                    <comboBox id="maritalStatusField"
                              property="maritalStatus"
                              caption="Тип дуэли" css="font-size: 150%"/>
                </hbox>
                <hbox height="20"/>
                <hbox height="30" width="30">
                    <textField width="50" id="questionCount" caption="Количество вопросов"/>
                </hbox>

                <hbox height="40"/>
                <hbox width="60%" align="MIDDLE_LEFT">
                    <label css="font-size:150%" stylename="bold" value="Начислить победителю " align="MIDDLE_RIGHT"/>
                    <textField id="pointId" height="40" width="40" align="MIDDLE_CENTER"/>
                    <label css="font-size:150%" stylename="bold" value="баллов" align="MIDDLE_LEFT"/>
                </hbox>
                <hbox height="20"/>

                <groupTable id="questionsGroupTable" dataContainer="questionDc" width="100%">
                    <columns>
                        <column id="id"/>
                        <column id="questionTitle" caption="Вопросы"/>
                    </columns>
                </groupTable>

                <groupBox id="newQuestionId" css="border:none; background-color: #f5f5f5" orientation="horizontal"
                          width="100%" height="50%">
                    <vbox height="50%" spacing="true">
                        <label value="Вопрос"
                               css="font-size: 150%; color: #646EA1" stylename="bold"
                               align="TOP_LEFT" height="50"/>

                        <hbox align="BOTTOM_CENTER" width="100%">
                            <hbox width="100%" align="BOTTOM_RIGHT">
                                <groupBox width="100%" height="220" align="MIDDLE_CENTER">
                                    <textArea id="textAreaId" width="100%" height="100%"/>
                                </groupBox>
                            </hbox>
                            <hbox width="100%">
                                <groupBox
                                        css="border-color: #646EA1; border-width: 1px; border: dotted"
                                        orientation="horizontal"
                                        align="MIDDLE_CENTER"
                                        width="90%" height="220">
                                    <fileUpload id="fileRefId" caption="Выберите файл" width="100%" height="100%"/>
                                </groupBox>
                            </hbox>
                        </hbox>
                        <hbox height="20"/>
                        <groupBox width="100%" spacing="false" responsive="false">
                            <textField id="firstChoice" caption="Вариант 1" width="100%" />
                            <checkBox id="firstChoiceCheck" width="20" caption="Правильный ответ"/>
                        </groupBox>
                        <groupBox width="100%" spacing="false" responsive="false">
                            <textField id="secondChoice" caption="Вариант 2" width="100%"/>
                            <checkBox id="secondChoiceCheck" width="20" caption="Правильный ответ"/>
                        </groupBox>
                        <groupBox width="100%" spacing="false" responsive="false">
                            <textField id="thirdChoice" caption="Вариант 3" width="100%"/>
                            <checkBox id="thirdChoiceCheck" width="20" caption="Правильный ответ"/>
                        </groupBox>
                        <groupBox width="100%" spacing="false" responsive="false">
                            <textField id="fourthChoice" caption="Вариант 4" width="100%"/>
                            <checkBox id="fourthChoiceCheck" width="20" caption="Правильный ответ"/>
                        </groupBox>

                        <hbox height="20"/>
                    </vbox>
                </groupBox>

                <hbox height="40"/>
                <button id="addQuestionBtn" css="font-size: 150%" caption="+ Добавить вопрос"/>
                <button id="updQuestionBtn" css="font-size: 150%" caption="Сохранить изменение"/>


            </scrollBox>
        </groupBox>
        <button id="saveDuel" caption="Сохранить" height="30" css="font-size: 150%" align="BOTTOM_CENTER"/>
    </layout>
    <dialogMode forceDialog="true" width="1000" height="1000"/>
</window>