<?xml version="1.0" encoding="UTF-8" standalone="no"?>
<window xmlns="http://jmix.io/schema/ui/window"
        caption="msg://organigramScreen.caption">
    <data>
        <collection id="departmentDc"
                    class="kz.eub.kpi.entity.DictDepartment">
            <fetchPlan extends="_base"/>
            <loader id="departmentsDl">
                <query>
                    <![CDATA[select e from kpi_DictDepartment e where e.endDate > current_date order by e.name]]>
                </query>
            </loader>
        </collection>
    </data>
    <facets>
        <dataLoadCoordinator auto="true"/>
    </facets>
    <layout>
        <vbox height="100%" expand="asd" spacing="true">
            <split id="asd" dockable="true" dockMode="LEFT" orientation="horizontal" pos="550px">
               <vbox width="100%" spacing="true" margin="false,true,false,false">
                   <suggestionField id="departmentSuggestionField"
                                    inputPrompt="Поиск департамента"
                                    width="100%"
                                    />
                   <tree id="departmentTree"
                         dataContainer="departmentDc"
                         hierarchyProperty="parent"
                         captionProperty="name"
                         width="100%"/>
               </vbox>
                <vbox id="orgBox" expand="frameContainer" height="100%" margin="false,false,false,true">
                    <suggestionField id="employeeSuggestionField"
                                     inputPrompt="Поиск сотрудника"
                                     suggestionsLimit="100"
                                     width="AUTO"
                                     align="TOP_LEFT"/>
                    <hbox id="frameContainer" width="100%"/>
                </vbox>
            </split>

        </vbox>
    </layout>
</window>