<?xml version="1.0" encoding="UTF-8" standalone="no"?>
<window xmlns="http://jmix.io/schema/ui/window"
        xmlns:c="http://jmix.io/schema/ui/jpql-condition"
        caption="msg://contractsBrowse.caption"
        focusComponent="contractsesTable">
    <data readOnly="true">
        <collection id="contractsesDc"
                    class="kz.eub.kpi.entity.Contracts">
            <fetchPlan extends="_instance_name">
                <property name="clientName"/>
                <property name="number"/>
                <property name="userId"/>
            </fetchPlan>
        </collection>
    </data>
    <facets>
        <dataLoadCoordinator auto="true"/>
        <screenSettings id="settingsFacet" auto="true"/>
    </facets>
    <actions>
        <action id="lookupSelectAction"
                caption="msg:///actions.Select"
                icon="LOOKUP_OK"
                primary="true"
                shortcut="${COMMIT_SHORTCUT}"/>
        <action id="lookupCancelAction"
                caption="msg:///actions.Cancel"
                icon="LOOKUP_CANCEL"/>
    </actions>
    <dialogMode forceDialog="true" width="800" height="600"/>
    <layout expand="contractsesTable" spacing="true">
        <groupTable id="contractsesTable"
                    width="100%"
                    dataContainer="contractsesDc">
            <actions>
            </actions>
            <columns>
                <column id="clientName" caption="ФИО клиента"/>
                <column id="number" caption="№ Договора банковского займа"/>
                <column id="userId" caption="Табельный номер сотрудника"/>
            </columns>
            <simplePagination/>
            <buttonsPanel id="buttonsPanel"
                          alwaysVisible="true">
            </buttonsPanel>
        </groupTable>
        <hbox id="lookupActions" spacing="true" visible="false">
            <button action="lookupSelectAction"/>
            <button action="lookupCancelAction"/>
        </hbox>
    </layout>
</window>
