<?xml version="1.0" encoding="UTF-8" standalone="no"?>
<window xmlns="http://jmix.io/schema/ui/window"
        xmlns:c="http://jmix.io/schema/ui/jpql-condition"
        caption="msg://alphaCoefficientDictionaryBrowse.caption"
        focusComponent="alphaCoefficientDictionariesTable">
    <data readOnly="true">
        <collection id="alphaCoefficientDictionariesDc"
                    class="kz.eub.rm.entity.dwh.AlphaCoefficientDictionary">
            <fetchPlan extends="_base">
                <property name="pozSegment" fetchPlan="_base"/>
                <property name="changerUser" fetchPlan="_base"/>
            </fetchPlan>
            <loader id="alphaCoefficientDictionariesDl">
                <query>
                    <![CDATA[select e from rm_AlphaCoefficientDictionary e]]>
                </query>
            </loader>
        </collection>
    </data>
    <facets>
        <dataLoadCoordinator auto="true"/>
        <screenSettings id="settingsFacet" auto="true"/>
    </facets>
    <actions>
        <action id="lookupSelectAction"
                caption="msg:///actions.Select"
                icon="LOOKUP_OK"
                primary="true"
                shortcut="${COMMIT_SHORTCUT}"/>
        <action id="lookupCancelAction"
                caption="msg:///actions.Cancel"
                icon="LOOKUP_CANCEL"/>
    </actions>
    <dialogMode height="600"
                width="800"/>
    <layout expand="alphaCoefficientDictionariesTable" spacing="true">
        <filter id="filter"
                dataLoader="alphaCoefficientDictionariesDl">
            <properties include=".*"/>
        </filter>
        <groupTable id="alphaCoefficientDictionariesTable"
                    width="100%"
                    dataContainer="alphaCoefficientDictionariesDc"
                    multiselect="true">
            <actions>
                <action id="create" type="create"/>
                <action id="edit" type="edit"/>
                <action id="remove" type="remove"/>
            </actions>
            <columns>
                <column id="pozSegment"/>
                <column id="depth"/>
                <column id="pdltTerm"/>
                <column id="modaPercent"/>
                <column id="isActual"/>
                <column id="startDate"/>
                <column id="endDate"/>
                <column id="alphaDrPeriod"/>
                <column id="monthNumberRrForProvisions"/>
                <column id="changeDate"/>
                <column id="changerUser"/>
                <column id="tvDepth"/>
            </columns>
            <simplePagination/>
            <buttonsPanel id="buttonsPanel"
                          alwaysVisible="true">
                <button id="createBtn" action="alphaCoefficientDictionariesTable.create"/>
                <button id="editBtn" action="alphaCoefficientDictionariesTable.edit"/>
                <button id="removeBtn" action="alphaCoefficientDictionariesTable.remove"/>
            </buttonsPanel>
        </groupTable>
        <hbox id="lookupActions" spacing="true" visible="false">
            <button action="lookupSelectAction"/>
            <button action="lookupCancelAction"/>
        </hbox>
    </layout>
</window>
