<?xml version="1.0" encoding="UTF-8" standalone="no"?>
<window xmlns="http://jmix.io/schema/ui/window"
        caption="msg://alphaCoefficientDictionaryEdit.caption"
        focusComponent="form">
    <data>
        <instance id="alphaCoefficientDictionaryDc"
                  class="kz.eub.rm.entity.dwh.AlphaCoefficientDictionary">
            <fetchPlan extends="_base">
                <property name="pozSegment" fetchPlan="_base"/>
            </fetchPlan>
            <loader/>
        </instance>
    </data>
    <facets>
        <dataLoadCoordinator auto="true"/>
        <screenSettings id="settingsFacet" auto="true"/>
    </facets>
    <actions>
        <action id="windowCommitAndClose" caption="msg:///actions.Ok"
                icon="EDITOR_OK"
                primary="true"
                shortcut="${COMMIT_SHORTCUT}"/>
        <action id="windowClose"
                caption="msg:///actions.Close"
                icon="EDITOR_CANCEL"/>
    </actions>
    <dialogMode height="600"
                width="800"/>
    <layout spacing="true" expand="scrollBox">
        <scrollBox id="scrollBox" spacing="true">
            <form id="form" dataContainer="alphaCoefficientDictionaryDc">
                <column width="350px">
                    <entityPicker id="pozSegmentField" property="pozSegment">
                        <actions>
                            <action id="entityLookup" type="entity_lookup"/>
                            <action id="entityClear" type="entity_clear"/>
                        </actions>
                    </entityPicker>
                    <textField id="depthField" property="depth"/>
                    <textField id="pdltTermField" property="pdltTerm"/>
                    <textField id="modaPercentField" property="modaPercent"/>
                    <checkBox id="isActualField" property="isActual"/>
                    <dateField id="startDateField" property="startDate"/>
                    <dateField id="endDateField" property="endDate"/>
                    <textField id="alphaDrPeriodField" property="alphaDrPeriod"/>
                    <textField id="monthNumberRrForProvisionsField" property="monthNumberRrForProvisions"/>
                    <textField id="tvDepthField" property="tvDepth"/>
                </column>
            </form>
        </scrollBox>
        <hbox id="editActions" spacing="true">
            <button id="commitAndCloseBtn" action="windowCommitAndClose"/>
            <button id="closeBtn" action="windowClose"/>
        </hbox>
    </layout>
</window>
