<window xmlns="http://jmix.io/schema/ui/window"
        xmlns:c="http://jmix.io/schema/ui/jpql-condition"
        caption="msg://administrationBrowse.caption"
        focusComponent="table">
    <data>
        <collection id="usersDc"
                    class="kz.eub.kpi.entity.User">
            <fetchPlan extends="_instance_name">
                <property name="username"/>
                <property name="email"/>
            </fetchPlan>
            <loader id="usersDl">
                <query>
                    <![CDATA[select e from kpi_User e]]>
                </query>
            </loader>
        </collection>
        <instance id="userDc"
                  class="kz.eub.kpi.entity.User">
            <fetchPlan extends="_base"/>
            <loader/>
        </instance>
    </data>
    <facets>
        <dataLoadCoordinator auto="true"/>
        <screenSettings id="settingsFacet" auto="true"/>
    </facets>
    <actions>
        <action id="save" icon="OK" caption="msg:///actions.Ok" shortcut="CTRL-ENTER"/>
        <action id="cancel" icon="CANCEL" caption="msg:///actions.Cancel" description="Esc"/>
    </actions>
    <dialogMode height="600" width="800"/>
    <layout>
        <split id="split" height="100%" orientation="horizontal" reversePosition="true" width="100%">
            <vbox id="lookupBox" expand="table" height="100%" margin="false,true,false,false" spacing="true">
                <filter id="filter" dataLoader="usersDl">
                    <properties include=".*"/>
                </filter>
                <groupTable id="table"
                            width="100%"
                            dataContainer="usersDc">
                    <actions>
                    </actions>
                    <columns>
                        <column id="username"/>
                        <column id="fullName"/>
                        <column id="email"/>
                    </columns>
                    <simplePagination/>
                    <buttonsPanel id="buttonsPanel"
                                  alwaysVisible="true">
                    </buttonsPanel>
                </groupTable>
                <hbox id="lookupActions" spacing="true" visible="false">
                    <button action="lookupSelectAction"/>
                    <button action="lookupCancelAction"/>
                </hbox>
            </vbox>
            <vbox id="editBox" height="100%" margin="false,false,false,true" expand="fieldGroupBox" spacing="true">
                <scrollBox id="fieldGroupBox">
                    <form id="form" dataContainer="userDc">
                        <column width="350px">
                            <textField id="usernameField" property="username"/>
                            <textField id="firstNameField" property="firstName"/>
                            <textField id="lastNameField" property="lastName"/>
                            <textField id="middleNameField" property="middleName"/>
                            <textField id="fullNameField" property="fullName"/>
                            <textField id="nameShortField" property="nameShort"/>
                            <textField id="emailField" property="email"/>
                            <checkBox id="activeField" property="active"/>
                            <textField id="timeZoneIdField" property="timeZoneId"/>
                            <textField id="payrollNumberField" property="pn"/>
                            <textField id="phoneField" property="phone"/>
                            <textField id="mobileField" property="mobile"/>
                        </column>
                    </form>
                </scrollBox>
                <hbox id="actionsPane" spacing="true" visible="false">
                    <button id="saveBtn" action="save"/>
                    <button id="cancelBtn" action="cancel"/>
                </hbox>
            </vbox>
        </split>
    </layout>
</window>
