<?xml version="1.0" encoding="UTF-8" standalone="no"?>
<window xmlns="http://jmix.io/schema/ui/window"
        caption="msg://dictErrorsBrowse.caption"
        focusComponent="dictErrorsTable">
    <data readOnly="true">
        <collection id="dictErrorsDc"
                    class="kz.eub.report360.entity.DictErrors">
            <fetchPlan extends="_base">
                <property name="errSubgroup" fetchPlan="_base"/>
                <property name="errGroup" fetchPlan="_base"/>
            </fetchPlan>
            <loader id="dictErrorsDl">
                <query>
                    <![CDATA[select e from r360_DictErrors e]]>
                </query>
            </loader>
        </collection>
    </data>
    <facets>
        <dataLoadCoordinator auto="true"/>
        <screenSettings id="settingsFacet" auto="true"/>
    </facets>
    <actions>
        <action id="lookupSelectAction"
                caption="msg:///actions.Select"
                icon="LOOKUP_OK"
                primary="true"
                shortcut="${COMMIT_SHORTCUT}"/>
        <action id="lookupCancelAction"
                caption="msg:///actions.Cancel"
                icon="LOOKUP_CANCEL"/>
    </actions>
    <dialogMode height="600"
                width="800"/>
    <layout expand="dictErrorsTable" spacing="true">
        <filter id="filter"
                dataLoader="dictErrorsDl">
            <properties include=".*"/>
        </filter>
        <table id="dictErrorsTable"
               width="100%"
               dataContainer="dictErrorsDc">
            <actions>
                <action id="create" type="create"/>
                <action id="edit" type="edit"/>
                <action id="remove" type="remove"/>
                <action id="excelExport" type="excelExport"/>
                <action id="jsonExport" type="jsonExport"/>
            </actions>
            <columns>
                <column id="errGroup"/>
                <column id="errSubgroup"/>
                <column id="errDescr"/>
                <column id="errAlg" maxTextLength="50"/>
            </columns>
            <simplePagination itemsPerPageUnlimitedOptionVisible="true" itemsPerPageVisible="true"/>
            <buttonsPanel id="buttonsPanel"
                          alwaysVisible="true">
                <button id="createBtn" action="dictErrorsTable.create"/>
                <button id="editBtn" action="dictErrorsTable.edit"/>
                <button id="removeBtn" action="dictErrorsTable.remove"/>
                <button id="excelExportBtn" action="dictErrorsTable.excelExport"/>
                <button id="jsonExportBtn" action="dictErrorsTable.jsonExport"/>
            </buttonsPanel>
        </table>
        <hbox id="lookupActions" spacing="true" visible="false">
            <button action="lookupSelectAction"/>
            <button action="lookupCancelAction"/>
        </hbox>
    </layout>
</window>
