<?xml version="1.0" encoding="UTF-8" standalone="no"?>
<window xmlns="http://jmix.io/schema/ui/window"
        caption="msg://dictErrorGroupBrowse.caption"
        focusComponent="dictErrorGroupsTable">
    <data readOnly="true">
        <collection id="dictErrorGroupsDc"
                    class="kz.eub.report360.entity.DictErrorGroup">
            <fetchPlan extends="_base"/>
            <loader id="dictErrorGroupsDl">
                <query>
                    <![CDATA[select e from r360_DictErrorGroup e]]>
                </query>
            </loader>
        </collection>
    </data>
    <facets>
        <dataLoadCoordinator auto="true"/>
        <screenSettings id="settingsFacet" auto="true"/>
    </facets>
    <actions>
        <action id="lookupSelectAction"
                caption="msg:///actions.Select"
                icon="LOOKUP_OK"
                primary="true"
                shortcut="${COMMIT_SHORTCUT}"/>
        <action id="lookupCancelAction"
                caption="msg:///actions.Cancel"
                icon="LOOKUP_CANCEL"/>
    </actions>
    <dialogMode height="600"
                width="800"/>
    <layout expand="dictErrorGroupsTable" spacing="true">
        <filter id="filter"
                dataLoader="dictErrorGroupsDl">
            <properties include=".*"/>
        </filter>
        <table id="dictErrorGroupsTable"
               width="100%"
               dataContainer="dictErrorGroupsDc">
            <actions>
                <action id="create" type="create"/>
                <action id="edit" type="edit"/>
                <action id="remove" type="remove"/>
                <action id="excelExport" type="excelExport"/>
                <action id="jsonExport" type="jsonExport"/>
            </actions>
            <columns>
                <column id="errgDescr"/>
            </columns>
            <simplePagination itemsPerPageUnlimitedOptionVisible="true" itemsPerPageVisible="true"/>
            <buttonsPanel id="buttonsPanel"
                          alwaysVisible="true">
                <button id="createBtn" action="dictErrorGroupsTable.create"/>
                <button id="editBtn" action="dictErrorGroupsTable.edit"/>
                <button id="removeBtn" action="dictErrorGroupsTable.remove"/>
                <button id="excelExportBtn" action="dictErrorGroupsTable.excelExport"/>
                <button id="jsonExportBtn" action="dictErrorGroupsTable.jsonExport"/>
            </buttonsPanel>
        </table>
        <hbox id="lookupActions" spacing="true" visible="false">
            <button action="lookupSelectAction"/>
            <button action="lookupCancelAction"/>
        </hbox>
    </layout>
</window>
