<?xml version="1.0" encoding="UTF-8" standalone="no"?>
<window xmlns="http://jmix.io/schema/ui/window"
        caption="msg://kpiGoalDictEdit.caption"
        focusComponent="form">
    <data>
        <instance id="kpiGoalDictDc"
                  class="kz.eub.kpi.entity.kpi.KpiGoalDict">
            <fetchPlan extends="_base">
                <property name="unit" fetchPlan="_base"/>
                <property name="subCategory" fetchPlan="_base"/>
                <property name="business" fetchPlan="_base"/>
            </fetchPlan>
            <loader/>
        </instance>
        <collection id="kpiGoalSubCategoriesDc" class="kz.eub.kpi.entity.kpi.KpiGoalSubCategory" fetchPlan="_base"/>
        <collection id="unitsDc" class="kz.eub.kpi.entity.Unit">
            <fetchPlan extends="_base"/>
            <loader id="unitsDl">
                <query>
                    <![CDATA[select e from kpi_Unit e]]>
                </query>
            </loader>
        </collection>
        <collection id="businessesDc" class="kz.eub.kpi.entity.DictBusiness">
            <fetchPlan extends="_base"/>
            <loader id="businessesDl">
                <query>
                    <![CDATA[select e from kpi_DictBusiness e]]>
                </query>
            </loader>
        </collection>
    </data>
    <facets>
        <dataLoadCoordinator auto="true"/>
        <screenSettings id="settingsFacet" auto="true"/>
    </facets>
    <actions>
        <action id="windowCommitAndClose" caption="msg:///actions.Ok"
                icon="EDITOR_OK"
                primary="true"
                shortcut="${COMMIT_SHORTCUT}"/>
        <action id="windowClose"
                caption="msg:///actions.Close"
                icon="EDITOR_CANCEL"/>
    </actions>
    <dialogMode forceDialog="true"
                height="AUTO"
                width="AUTO"/>
    <layout spacing="true" expand="editActions">
        <form id="form" dataContainer="kpiGoalDictDc">
            <column width="350px">
                <comboBox id="categoryField" property="category"/>
                <entityComboBox id="subCategoryField" property="subCategory"
                                optionsContainer="kpiGoalSubCategoriesDc"/>
                <entityComboBox id="businessField" property="business" optionsContainer="businessesDc"/>
                <textField id="nameField" property="name" required="true"/>
                <textArea id="goalDescriptionField" property="goalDescription"/>
                <entityComboBox id="unitField" property="unit" optionsContainer="unitsDc"/>
                <textArea id="dataSourceField" property="dataSource"/>
                <comboBox id="assessmentMethodField" property="assessmentMethod"/>
                <textArea id="infoField" property="info"/>
            </column>
        </form>
        <hbox id="editActions" spacing="true">
            <button id="commitAndCloseBtn" action="windowCommitAndClose"/>
            <button id="closeBtn" action="windowClose"/>
        </hbox>
    </layout>
</window>
