<?xml version="1.0" encoding="UTF-8" standalone="no"?>
<window xmlns="http://jmix.io/schema/ui/window"
        xmlns:c="http://jmix.io/schema/ui/jpql-condition"
        caption="msg://kpiGoalDictBrowse.caption"
        focusComponent="kpiGoalDictsTable">
    <data readOnly="true">
        <collection id="kpiGoalDictsDc"
                    class="kz.eub.kpi.entity.kpi.KpiGoalDict">
            <fetchPlan extends="_base">
                <property name="unit" fetchPlan="_base"/>
                <property name="subCategory" fetchPlan="_base"/>
                <property name="business" fetchPlan="_base"/>
            </fetchPlan>
            <loader id="kpiGoalDictsDl">
                <query>
                    <![CDATA[select e from kpi_KpiGoalDict e]]>
                </query>
            </loader>
        </collection>
    </data>
    <facets>
        <dataLoadCoordinator auto="true"/>
        <screenSettings id="settingsFacet" auto="true"/>
    </facets>
    <actions>
        <action id="lookupSelectAction"
                caption="msg:///actions.Select"
                icon="LOOKUP_OK"
                primary="true"
                shortcut="${COMMIT_SHORTCUT}"/>
        <action id="lookupCancelAction"
                caption="msg:///actions.Cancel"
                icon="LOOKUP_CANCEL"/>
    </actions>
    <dialogMode height="600"
                width="1200"/>
    <layout expand="kpiGoalDictsTable" spacing="true">
        <filter id="filter"
                dataLoader="kpiGoalDictsDl">
            <configurations>
                <configuration id="categoryFilterConf" name="msg://lookupByCatgoryFilter">
                    <propertyFilter id="categoryProperty" property="category" operation="EQUAL" visible="false"/>
                </configuration>
            </configurations>
            <properties include=".*"/>
        </filter>
        <groupTable id="kpiGoalDictsTable"
                    width="100%" multiLineCells="true"
                    dataContainer="kpiGoalDictsDc">
            <actions>
                <action id="create" type="create"/>
                <action id="edit" type="edit"/>
                <action id="remove" type="remove"/>
                <action id="copy" caption="msg://copy" icon="font-icon:COPY"/>
                <action id="excelExport" type="excelExport"/>
            </actions>
            <columns>
                <column id="category"/>
                <column id="subCategory"/>
                <column id="name"/>
                <column id="goalDescription"/>
                <column id="unit"/>
                <column id="dataSource"/>
                <column id="assessmentMethod"/>
                <column id="business"/>
                <column id="info"/>
            </columns>
            <simplePagination itemsPerPageUnlimitedOptionVisible="true" itemsPerPageVisible="true" itemsPerPageDefaultValue="500"/>
            <buttonsPanel id="buttonsPanel"
                          alwaysVisible="true">
                <button id="createBtn" action="kpiGoalDictsTable.create"/>
                <button id="editBtn" action="kpiGoalDictsTable.edit"/>
                <button id="removeBtn" action="kpiGoalDictsTable.remove"/>
                <button id="kpiFdGoalDictsTableCopyBtn" action="kpiGoalDictsTable.copy"/>
                <button id="kpiGoalDictsTableExcelExportBtn" action="kpiGoalDictsTable.excelExport"/>
            </buttonsPanel>
        </groupTable>
        <hbox id="lookupActions" spacing="true" visible="false">
            <button action="lookupSelectAction"/>
            <button action="lookupCancelAction"/>
        </hbox>
    </layout>
</window>
