<?xml version="1.0" encoding="UTF-8" standalone="no"?>
<window xmlns="http://jmix.io/schema/ui/window"
        caption="msg://pozReferenceBrowse.caption"
        focusComponent="pozReferencesTable">
    <data readOnly="true">
        <collection id="pozReferencesDc"
                    class="kz.eub.report360.entity.PozReference">
            <fetchPlan extends="_base">
                <property name="srcCd" fetchPlan="_base"/>
            </fetchPlan>
            <loader id="pozReferencesDl">
                <query>
                    <![CDATA[select e from r360_PozReference e]]>
                </query>
            </loader>
        </collection>
    </data>
    <facets>
        <dataLoadCoordinator auto="true"/>
        <screenSettings id="settingsFacet" auto="true"/>
    </facets>
    <actions>
        <action id="lookupSelectAction"
                caption="msg:///actions.Select"
                icon="LOOKUP_OK"
                primary="true"
                shortcut="${COMMIT_SHORTCUT}"/>
        <action id="lookupCancelAction"
                caption="msg:///actions.Cancel"
                icon="LOOKUP_CANCEL"/>
    </actions>
    <dialogMode height="600"
                width="800"/>
    <layout expand="pozReferencesTable" spacing="true">
        <filter id="filter"
                dataLoader="pozReferencesDl">
            <properties include=".*"/>
        </filter>
        <groupTable id="pozReferencesTable"
                    width="100%"
                    dataContainer="pozReferencesDc">
            <actions>
                <action id="create" type="create"/>
                <action id="edit" type="edit"/>
                <action id="remove" type="remove"/>
                <action id="excelExport" type="excelExport"/>
            </actions>
            <columns>
                <column id="pozName" maxTextLength="45"/>
                <column id="srcCd"/>
                <column id="changeDate"/>
            </columns>
            <simplePagination itemsPerPageUnlimitedOptionVisible="true" itemsPerPageVisible="true"/>
            <buttonsPanel id="buttonsPanel"
                          alwaysVisible="true">
                <button id="createBtn" action="pozReferencesTable.create"/>
                <button id="editBtn" action="pozReferencesTable.edit"/>
                <button id="removeBtn" action="pozReferencesTable.remove"/>
                <button id="excelExportBtn" action="pozReferencesTable.excelExport"/>
            </buttonsPanel>
        </groupTable>
        <hbox id="lookupActions" spacing="true" visible="false">
            <button action="lookupSelectAction"/>
            <button action="lookupCancelAction"/>
        </hbox>
    </layout>
</window>
