<?xml version="1.0" encoding="UTF-8" standalone="no"?>
<window xmlns="http://jmix.io/schema/ui/window"
        xmlns:c="http://jmix.io/schema/ui/jpql-condition"
        caption="msg://employeeRoles.caption"
        focusComponent="employeesTable">
    <data readOnly="true">
        <collection id="employeesDc"
                    class="kz.eub.kpi.entity.Employee">
            <fetchPlan extends="_base">
                <property name="department" fetchPlan="_base"/>
                <property name="position" fetchPlan="_base"/>
                <property name="orgUnit" fetchPlan="_base"/>
            </fetchPlan>
            <loader id="employeesDl">
                <query>
                    <![CDATA[select e from kpi_Employee e]]>
                </query>
            </loader>
        </collection>
        <instance id="employeeDc" class="kz.eub.kpi.entity.Employee"/>
        <collection id="roleModelsDc"
                    class="io.jmix.securityui.model.ResourceRoleModel"/>
        <collection id="userRolesDc"
                    class="io.jmix.securityui.model.ResourceRoleModel"/>
        <collection id="dictDepartmentsDc" class="kz.eub.kpi.entity.DictDepartment">
            <fetchPlan extends="_base"/>
            <loader id="dictDepartmentsDl">
                <query>
                    <![CDATA[select e from kpi_DictDepartment e]]>
                </query>
            </loader>
        </collection>
    </data>
    <facets>
        <dataLoadCoordinator auto="true"/>
        <screenSettings id="settingsFacet" auto="true"/>
    </facets>
    <actions>
        <action id="lookupSelectAction"
                caption="msg:///actions.Select"
                icon="LOOKUP_OK"
                primary="true"
                shortcut="${COMMIT_SHORTCUT}"/>
        <action id="lookupCancelAction"
                caption="msg:///actions.Cancel"
                icon="LOOKUP_CANCEL"/>
    </actions>
    <dialogMode height="600"
                width="800"/>
    <layout expand="employeesTable" spacing="true">
        <groupBox>
            <hbox spacing="true" margin="false">
                <entityComboBox id="rolesField"
                                inputPrompt="msg://selectRole"
                                optionsContainer="roleModelsDc"/>
                <entityComboBox id="departmentField"
                                inputPrompt="msg://selectDepartment"
                                optionsContainer="dictDepartmentsDc"/>
            </hbox>
        </groupBox>
        <dataGrid id="employeesTable"
                    width="100%"
                    selectionMode="MULTI_CHECK"

                    dataContainer="employeesDc">
            <actions>
                <action id="showUserRoles" caption="msg://showUserRoles" icon="font-icon:SEARCH_PLUS"/>
            </actions>
            <columns>
                <column id="fullName" property="fullName"/>
                <column id="department" property="department"/>
                <column id="position" property="position"/>
                <column id="active" property="active"/>
                <column id="hireDate" property="hireDate"/>
                <column id="startDate" property="startDate"/>
                <column id="endDate" property="endDate"/>
                <column id="email" property="email"/>
                <column id="orgUnit" property="orgUnit"/>
                <column id="payrollNumber" property="payrollNumber"/>
            </columns>
            <simplePagination itemsPerPageVisible="true" itemsPerPageUnlimitedOptionVisible="true"/>
            <buttonsPanel id="buttonsPanel"
                          alwaysVisible="true">
                <textField id="searchFioFld" inputPrompt="msg://searchFio" datatype="string"/>
                <button id="refreshBtn" align="MIDDLE_RIGHT"
                        caption="msg://refresh"
                        primary="true"
                        stylename="friendly"
                        icon="font-icon:REFRESH"/>
                <button id="assignBtn"
                        caption="msg://assign"
                        align="MIDDLE_RIGHT"
                        visible="false"
                        icon="LINK"/>
                <button id="revokeBtn"
                        caption="msg://revokeRole"
                        align="MIDDLE_RIGHT"
                        visible="false"
                        icon="UNLINK"/>
            </buttonsPanel>
        </dataGrid>
        <hbox id="lookupActions" spacing="true" visible="false">
            <button action="lookupSelectAction"/>
            <button action="lookupCancelAction"/>
        </hbox>
        <popupView id="popupView"
                   visible="false"
                   popupPosition="MIDDLE_CENTER"
                   hideOnMouseOut="false">
            <vbox width="500px" height="500px" expand="userRolesTable" spacing="true">
                <groupBox id="groupBox">
                    <label dataContainer="employeesDc"
                           property="fullName"
                           stylename="h2"/>
                    <label dataContainer="employeesDc"
                           property="position"
                           stylename="h3 bold"/>
                    <label dataContainer="employeesDc"
                           property="department.fullName"
                           stylename="h3" css="white-space: normal;"/>
                </groupBox>
                <table id="userRolesTable"
                       dataContainer="userRolesDc"
                       height="100%"
                       width="100%">
                    <columns>
                        <column id="name"/>
                        <column id="description"/>
                        <column id="code"/>
                    </columns>
                </table>
            </vbox>
        </popupView>
    </layout>
</window>
