<?xml version="1.0" encoding="UTF-8" standalone="no"?>
<window xmlns="http://jmix.io/schema/ui/window"
        xmlns:c="http://jmix.io/schema/ui/jpql-condition"
        caption="msg://employeeBrowse.caption"
        focusComponent="employeesTable">
    <data readOnly="true">
        <collection id="employeesDc"
                    class="kz.eub.kpi.entity.Employee">
            <fetchPlan extends="_base">
                <property fetchPlan="_base" name="position"/>
                <property name="email"/>
                <property name="active"/>
                <property name="timeZoneId"/>
                <property name="middleName"/>
                <property name="username"/>
                <property name="department" fetchPlan="_base"/>
                <property name="orgUnit" fetchPlan="_base"/>
            </fetchPlan>
            <loader id="employeesDl">
                <query>
                    <![CDATA[select e from kpi_Employee e]]>
                </query>
            </loader>
        </collection>
    </data>
    <facets>
        <dataLoadCoordinator auto="true"/>
        <screenSettings id="settingsFacet" auto="true"/>
    </facets>
    <actions>
        <action id="lookupSelectAction"
                caption="msg:///actions.Select"
                icon="LOOKUP_OK"
                primary="true"
                shortcut="${COMMIT_SHORTCUT}"/>
        <action id="lookupCancelAction"
                caption="msg:///actions.Cancel"
                icon="LOOKUP_CANCEL"/>
    </actions>
    <dialogMode height="700px"
                width="1200px"/>
    <layout expand="employeesTable" spacing="true">
        <filter id="filter" width="100%"
                dataLoader="employeesDl">
            <properties include=".*"/>
        </filter>
        <groupTable id="employeesTable" responsive="true" multiLineCells="true"
                    width="100%"
                    dataContainer="employeesDc">
            <actions>
                <action id="create" type="create">
                    <properties>
                        <property name="screenId" value="kpi_Employee.create"/>
                    </properties>
                </action>
                <action id="excelExport" type="excelExport"/>
                <action id="view" type="view"/>
            </actions>
            <columns>
                <column id="department"/>
                <column id="orgUnit"/>
                <column id="fullName"/>
                <column id="position"/>
                <column id="startDate"/>
                <column id="hireDate"/>
                <column id="email"/>
                <column id="birthDate"/>
                <column id="active"/>
                <column id="payrollNumber"/>
            </columns>
            <simplePagination itemsPerPageUnlimitedOptionVisible="true" itemsPerPageVisible="true"/>
            <buttonsPanel id="buttonsPanel"
                          alwaysVisible="true">
                <button id="employeesTableCreateBtn" action="employeesTable.create"/>
                <button id="employeesTableViewBtn" action="employeesTable.view"/>
                <button id="employeesTableExcelExportBtn" action="employeesTable.excelExport"/>
            </buttonsPanel>
        </groupTable>
        <hbox id="lookupActions" spacing="true" visible="false">
            <button action="lookupSelectAction"/>
            <button action="lookupCancelAction"/>
        </hbox>
    </layout>
</window>
