<?xml version="1.0" encoding="UTF-8" standalone="no"?>
<window xmlns="http://jmix.io/schema/ui/window"
        caption="msg://employeeEdit.caption"
        focusComponent="form">
    <data>
        <instance id="employeeDc"
                  class="kz.eub.kpi.entity.Employee">
            <fetchPlan extends="_base">
                <property fetchPlan="_base" name="position">
                </property>
                <property fetchPlan="_base" name="supervisor"/>
                <property fetchPlan="_base" name="leader"/>
                <property fetchPlan="_base" name="department">
                    <property name="fullName"/>
                </property>
                <property fetchPlan="_base" name="orgUnit"/>
                <property name="groupType" fetchPlan="_base"/>
            </fetchPlan>
            <loader/>
        </instance>
        <instance id="positionDc"
                  class="kz.eub.kpi.entity.DictPosition">
            <fetchPlan extends="_base">
                <property fetchPlan="_base" name="department">
                    <property name="fullName"/>
                </property>
            </fetchPlan>
            <loader/>
        </instance>
    </data>
    <facets>
        <dataLoadCoordinator auto="true"/>
        <screenSettings id="settingsFacet" auto="true"/>
    </facets>
    <actions>
        <action id="windowCommitAndClose" caption="msg:///actions.Ok"
                icon="EDITOR_OK"
                primary="true"
                shortcut="${COMMIT_SHORTCUT}"/>
        <action id="windowClose"
                caption="msg:///actions.Close"
                icon="EDITOR_CANCEL"/>
    </actions>
    <dialogMode height="AUTO"
                width="AUTO"/>
    <layout spacing="true" expand="formBox">
        <label htmlEnabled="true"
               value="msg://profileScreen.caption"
               stylename="h2 bold"
               icon="ADDRESS_CARD_O"/>
        <groupBox id="searchBox" orientation="horizontal" align="MIDDLE_LEFT">
            <hbox spacing="true">
                <label value="msg://payrollNumber" align="MIDDLE_LEFT"/>
                <maskedField id="pnFld" mask="########"/>
                <button id="searchBtn" caption="msg://search" icon="font-icon:SEARCH"/>
            </hbox>
        </groupBox>
        <groupBox orientation="horizontal"
                  id="formBox"
                  spacing="true"
                  caption="msg://personalData">
            <form id="form" dataContainer="employeeDc" box.expandRatio="0.75">
                <column width="350px">
                    <textField id="usernameField" property="username" editable="false"/>
                    <textField id="lastNameField" property="lastName" editable="false"/>
                    <textField id="firstNameField" property="firstName" editable="false"/>
                    <textField id="middleNameField" property="middleName" editable="false"/>
                    <textField id="fullNameField" property="fullName" editable="false"/>
                    <textField id="nameShortField" property="nameShort" editable="false"/>
                    <dateField id="birthDateField" property="birthDate"/>
                    <comboBox id="genderField" property="gender" required="true"/>
                    <textField id="iinField" property="iin"/>
                    <textField id="emailField" property="email" editable="false"/>
                    <checkBox id="activeField" property="active"/>
                    <entityPicker id="positionField" property="position" required="true">
                        <actions>
                            <action id="entityLookup" type="entity_lookup"/>
                            <action id="entityClear" type="entity_clear"/>
                        </actions>
                    </entityPicker>
                    <textField id="payrollNumberField" property="payrollNumber" editable="false"/>
                    <dateField id="startDateField" property="startDate" required="true"/>
                </column>
                <column>
                    <label width="50px"/>
                </column>
                <column width="350px">
                    <entityPicker id="departmentSelectField" property="department" required="true"/>
                    <textArea id="departmentField" property="department.fullName" rowspan="3" editable="false"/>
                    <textField id="branchField" property="department.branch" editable="false"/>
                    <entityPicker id="supervisorField" property="supervisor" required="true"/>
                    <entityPicker id="leaderField" property="leader"/>
                    <fileStorageUpload id="photoField" property="photo"/>
                    <dateField id="hireDateField" property="hireDate" required="true"/>
                </column>
            </form>
            <image id="photo"
                   box.expandRatio="0.25"
                   css="border: 1px solid #ccc;border-radius: 12px;margin-left: 25px;"
                   dataContainer="employeeDc"
                   property="photo"
                   align="TOP_RIGHT"
                   height="300px"
                   scaleMode="COVER"
                   width="200px"
                   responsive="true" />
        </groupBox>
        <hbox id="editActions" spacing="true">
            <button id="commitAndCloseBtn" action="windowCommitAndClose"/>
            <button id="closeBtn" action="windowClose"/>
        </hbox>
    </layout>
</window>
