<?xml version="1.0" encoding="UTF-8" standalone="no"?>
<window xmlns="http://jmix.io/schema/ui/window"
        caption="msg://employeeEdit.caption"
        focusComponent="form">
    <data>
        <instance id="employeeDc"
                  class="kz.eub.kpi.entity.Employee">
            <fetchPlan extends="_base">
                <property fetchPlan="_base" name="position">
                </property>
                <property fetchPlan="_base" name="supervisor"/>
                <property fetchPlan="_base" name="leader"/>
                <property fetchPlan="_base" name="department">
                    <property name="fullName"/>
                </property>
                <property fetchPlan="_base" name="orgUnit"/>
                <property fetchPlan="_base" name="competencies"/>
                <property fetchPlan="_base" name="devPlans"/>
                <property fetchPlan="_base" name="interAssessmentMeetings"/>
                <property name="groupType" fetchPlan="_base"/>
            </fetchPlan>
            <loader/>
            <collection id="competenciesDc" property="competencies"/>
            <collection id="devPlansDc" property="devPlans"/>
            <collection id="interAssessmentMeetingsDc" property="interAssessmentMeetings"/>
        </instance>
        <collection id="employeesDc" class="kz.eub.kpi.entity.Employee"/>
        <collection id="kpiResultsDc" class="kz.eub.kpi.entity.kpi.KpiResult"/>
        <collection id="kpiCardsDc" class="kz.eub.kpi.entity.kpi.KpiCard"/>
    </data>
    <facets>
        <dataLoadCoordinator auto="true"/>
        <screenSettings id="settingsFacet" auto="true"/>
    </facets>
    <actions>
        <action id="windowClose"
                caption="msg:///actions.Close"
                icon="EDITOR_CANCEL"/>
    </actions>
    <dialogMode height="AUTO"
                width="AUTO"/>
    <layout spacing="true" expand="tabSheet">
        <hbox id="editActions" spacing="true" width="100%">
            <label htmlEnabled="true"
                   value="msg://profileScreen.caption"
                   stylename="h2 bold"
                   icon="ADDRESS_CARD_O"/>
                <button id="closeBtn" align="MIDDLE_RIGHT" icon="font-icon:CLOSE" stylename="icon-only"/>
        </hbox>
        <groupBox orientation="horizontal" spacing="true"
                  caption="msg://personalData"
                  collapsable="true">
            <form id="form" dataContainer="employeeDc" box.expandRatio="0.75" editable="false">
                <column width="350px">
                    <textField id="fullNameField" property="fullName" editable="false"/>
                    <dateField id="birthDateField" property="birthDate" editable="false"/>
                    <comboBox id="genderField" property="gender"/>
                    <textField id="emailField" property="email" editable="false"/>
                    <textField id="positionField" property="position" editable="false"/>
                    <textField id="grouptTypeField" property="groupType" editable="false"/>
                    <textField id="mobileField" property="mobile" editable="false"/>
                    <textField id="phoneField" property="phone" editable="false"/>
                </column>
                <column>
                    <label width="50px"/>
                </column>
                <column width="350px">
                    <textArea id="departmentField" property="department.fullName" rowspan="3" editable="false"/>
                    <textField id="branchField" property="department.branch" editable="false"/>
                    <entityPicker id="supervisorField" property="supervisor" editable="false"/>
                    <entityPicker id="leaderField" property="leader"/>
                    <dateField id="startDateField" property="startDate" editable="false"/>
                    <dateField id="hireDateField" property="hireDate" editable="false"/>
                </column>
            </form>
            <image id="photo"
                   box.expandRatio="0.25"
                   css="border: 1px solid #ccc;border-radius: 12px;margin-left: 25px;"
                   dataContainer="employeeDc"
                   property="photo"
                   align="TOP_RIGHT"
                   height="300px"
                   scaleMode="COVER"
                   width="200px"
                   responsive="true" />
        </groupBox>
        <tabSheet id="tabSheet">
            <tab caption="msg://kz.eub.kpi.screen.employee/employeesBox.caption"
                 id="tab_1" spacing="true"
                 margin="true,false,false,false"
                 expand="accountablesBox"
                 icon="USERS">
                <groupBox id="accountablesBox"
                          orientation="horizontal"
                          spacing="true" expand="accountablesTable">
                    <table id="accountablesTable"
                                height="100%"
                                dataContainer="employeesDc">
                        <actions>
                        </actions>
                        <buttonsPanel>
                            <button id="employeeViewBtn" icon="font-icon:EYE" caption="msg://view"/>
                        </buttonsPanel>
                        <columns>
                            <column id="department"/>
                            <column id="fullName"/>
                            <column id="position"/>
                            <column id="groupType"/>
                            <column id="currentKpiResult"/>
                            <column id="orgUnit"/>
                        </columns>
                    </table>
                </groupBox>
            </tab>
        </tabSheet>
    </layout>
</window>
