<?xml version="1.0" encoding="UTF-8" standalone="no"?>
<window xmlns="http://jmix.io/schema/ui/window"
        caption="msg://employeeEdit.caption"
        focusComponent="form">
    <data>
        <instance id="employeeDc"
                  class="kz.eub.kpi.entity.Employee">
            <fetchPlan extends="_base">
                <property fetchPlan="_base" name="position">
                </property>
                <property fetchPlan="_base" name="supervisor"/>
                <property fetchPlan="_base" name="leader"/>
                <property fetchPlan="_base" name="department">
                    <property name="fullName"/>
                </property>
                <property fetchPlan="_base" name="orgUnit"/>
                <property fetchPlan="_base" name="competencies"/>
                <property fetchPlan="_base" name="devPlans"/>
                <property fetchPlan="_base" name="interAssessmentMeetings"/>
                <property name="groupType" fetchPlan="_base"/>
            </fetchPlan>
            <loader/>
            <collection id="competenciesDc" property="competencies"/>
            <collection id="devPlansDc" property="devPlans"/>
            <collection id="interAssessmentMeetingsDc" property="interAssessmentMeetings"/>
        </instance>
        <collection id="employeesDc" class="kz.eub.kpi.entity.Employee"/>
        <collection id="kpiResultsDc" class="kz.eub.kpi.entity.kpi.KpiResult"/>
        <collection id="kpiCardsDc" class="kz.eub.kpi.entity.kpi.KpiCard"/>
    </data>
    <facets>
        <dataLoadCoordinator auto="true"/>
        <screenSettings id="settingsFacet" auto="true"/>
    </facets>
    <actions>
        <action id="windowCommitAndClose" caption="msg:///actions.Ok"
                icon="EDITOR_OK"
                primary="true"
                shortcut="${COMMIT_SHORTCUT}"/>
        <action id="windowClose"
                caption="msg:///actions.Close"
                icon="EDITOR_CANCEL"/>
    </actions>
    <dialogMode height="AUTO"
                width="AUTO"/>
    <layout spacing="true" expand="tabSheet">
        <label htmlEnabled="true"
               value="msg://profileScreen.caption"
               stylename="h2 bold"
               icon="ADDRESS_CARD_O"/>
        <groupBox orientation="horizontal" spacing="true"
                  caption="msg://personalData"
                  collapsable="true">
            <form id="form" dataContainer="employeeDc" box.expandRatio="0.75">
                <column width="350px">
<!--                    <textField id="usernameField" property="username" editable="false"/>-->
<!--                    <textField id="lastNameField" property="lastName"/>-->
<!--                    <textField id="firstNameField" property="firstName"/>-->
<!--                    <textField id="middleNameField" property="middleName"/>-->
                    <textField id="fullNameField" property="fullName" editable="false"/>
<!--                    <textField id="nameShortField" property="nameShort" editable="false"/>-->
                    <dateField id="birthDateField" property="birthDate" editable="false"/>
                    <comboBox id="genderField" property="gender"/>
<!--                    <textField id="iinField" property="iin"/>-->
                    <textField id="gradeField" property="grade"/>
                    <textField id="emailField" property="email" editable="false"/>
<!--                    <checkBox id="activeField" property="active"/>-->
                    <entityPicker id="positionField" property="position" editable="false">
                        <actions>
                            <action id="entityLookup" type="entity_lookup"/>
                            <action id="entityClear" type="entity_clear"/>
                        </actions>
                    </entityPicker>
                    <textField id="payrollNumberField" property="payrollNumber" editable="false"/>
                    <dateField id="startDateField" property="startDate" editable="false"/>
                    <textField id="grouptTypeField" property="groupType" editable="false"/>
                </column>
                <column>
                    <label width="50px"/>
                </column>
                <column width="350px">
                    <textArea id="departmentField" property="department.fullName" rowspan="3" editable="false"/>
                    <textField id="branchField" property="department.branch" editable="false"/>
                    <entityPicker id="supervisorField" property="supervisor" editable="false"/>
                    <entityPicker id="leaderField" property="leader"/>
                    <fileStorageUpload id="photoField" property="photo"/>
                    <dateField id="hireDateField" property="hireDate" editable="false"/>
                </column>
            </form>
            <image id="photo"
                   box.expandRatio="0.25"
                   css="border: 1px solid #ccc;border-radius: 12px;margin-left: 25px;"
                   dataContainer="employeeDc"
                   property="photo"
                   align="TOP_RIGHT"
                   height="300px"
                   scaleMode="COVER"
                   width="200px"
                   responsive="true" />
        </groupBox>
        <tabSheet id="tabSheet">
            <tab caption="msg://kz.eub.kpi.screen.employee/employeesBox.caption"
                 id="tab_1" spacing="true"
                 margin="true,false,false,false"
                 expand="accountablesBox"
                 icon="USERS">
                <groupBox id="accountablesBox"
                          orientation="horizontal"
                          spacing="true" expand="accountablesTable">
                    <table id="accountablesTable"
                                height="100%"
                                dataContainer="employeesDc">
                        <actions>
                            <action id="view" type="view"/>
                        </actions>
                        <buttonsPanel>
                            <button id="accountablesTableViewBtn" action="accountablesTable.view"/>
                        </buttonsPanel>
                        <columns>
                            <column id="department"/>
                            <column id="fullName"/>
                            <column id="position"/>
                            <column id="groupType"/>
                            <column id="currentKpiResult"/>
                            <column id="orgUnit"/>
                        </columns>
                    </table>
                </groupBox>
            </tab>
            <tab caption="msg://kz.eub.kpi.screen.profile/goalsBox.caption"
                 id="tab_2" spacing="true"
                 margin="true,false,false,false"
                 expand="goalsBox"
                 icon="FILE_TEXT">
                <groupBox id="goalsBox"
                          orientation="horizontal"
                          spacing="true"
                          expand="kpiCardsTable">
                    <table id="kpiCardsTable" height="100%" dataContainer="kpiCardsDc">
                        <actions>
                            <action id="view" type="view"/>
                        </actions>
                        <buttonsPanel alwaysVisible="true">
                            <button id="kpiCardsTableViewBtn" action="kpiCardsTable.view"/>
                        </buttonsPanel>
                        <columns>
                            <column id="sn"/>
                            <column id="author"/>
                            <column id="date"/>
                            <column id="status"/>
                            <column id="info"/>
                            <column id="name"/>
                            <column id="period"/>
                            <column id="department"/>
                        </columns>
                    </table>
                </groupBox>
            </tab>
            <tab caption="msg://kz.eub.kpi.entity/Employee.kpiResults"
                 id="tab_3" spacing="true"
                 margin="true,false,false,false"
                 icon="font-icon:DASHBOARD"
                 expand="kpiResultsBox">
                <groupBox id="kpiResultsBox"
                          expand="kpiResultsTable">
                    <table id="kpiResultsTable" dataContainer="kpiResultsDc" width="100%">
                        <actions>
                            <action id="create" type="create"/>
                            <action id="edit" type="edit"/>
                            <action id="remove" type="remove"/>
                        </actions>
                        <columns>
                            <column id="period"/>
                            <column id="percentage"/>
                            <column id="createdBy"/>
                            <column id="createdDate"/>
                            <column id="lastModifiedBy"/>
                            <column id="lastModifiedDate"/>
                            <column id="version"/>
                        </columns>
                        <buttonsPanel>
                            <button action="kpiResultsTable.create"/>
                            <button action="kpiResultsTable.edit"/>
                            <button action="kpiResultsTable.remove"/>
                        </buttonsPanel>
                    </table>
                </groupBox>
            </tab>
            <tab id="competenceAssessmentTab"
                 caption="msg://assessment"
                 spacing="true"
                 icon="CALENDAR_CHECK_O"
                 margin="true,false,false,false"
                 expand="kpiCompetencesTable">
                <table id="kpiCompetencesTable" width="100%" dataContainer="competenciesDc"
                       showTotalAggregation="true" aggregatable="true" aggregationStyle="BOTTOM" >
                    <actions>
                        <action id="view" type="view"/>
                    </actions>
                    <buttonsPanel alwaysVisible="true">
                        <button id="kpiCompetencesTableViewBtn" action="kpiCompetencesTable.view"/>
                    </buttonsPanel>
                    <columns>
                        <column id="name"/>
                        <column id="weight">
                            <aggregation type="SUM"/>
                        </column>
                        <column id="requiredLevel"/>
                        <column id="currentLevel"/>
                        <column id="performance"/>
                        <column id="efficiency">
                            <aggregation type="SUM"/>
                        </column>
                    </columns>
                </table>
            </tab>
            <tab id="devPlanTab"
                 caption="msg://devPlans"
                 spacing="true"
                 margin="true,false,false,false"
                 expand="kpiEmplDevPlansTable"
                 icon="CALENDAR">
                <table id="kpiEmplDevPlansTable" width="100%" dataContainer="devPlansDc">
                    <actions>
                        <action id="view" type="view"/>
                    </actions>
                    <buttonsPanel alwaysVisible="true">
                        <button id="kpiEmplDevPlansTableViewBtn" action="kpiEmplDevPlansTable.view"/>
                    </buttonsPanel>
                    <columns>
                        <column id="employee"/>
                        <column id="competenceName"/>
                        <column id="actionPlan"/>
                        <column id="implementationForm"/>
                        <column id="weight"/>
                        <column id="plan"/>
                        <column id="performance"/>
                        <column id="efficiency"/>
                        <column id="infoSource"/>
                    </columns>
                </table>
            </tab>
            <tab id="interAssessPlansTab"
                 caption="msg://interAssessPlans"
                 spacing="true"
                 margin="true,false,false,false"
                 expand="intermediateAssessmentMeetingsTable"
                 icon="HOURGLASS_HALF">
                <table id="intermediateAssessmentMeetingsTable" width="100%"
                       dataContainer="interAssessmentMeetingsDc">
                    <actions>
                        <action id="view" type="view"/>
                    </actions>
                    <buttonsPanel alwaysVisible="true">
                        <button id="intermediateAssessmentMeetingsTableViewBtn"
                                action="intermediateAssessmentMeetingsTable.view"/>
                    </buttonsPanel>
                    <columns>
                        <column id="employee"/>
                        <column id="date"/>
                        <column id="dateStart"/>
                        <column id="dateEnd"/>
                        <column id="commentSuperviser"/>
                    </columns>
                </table>
            </tab>
        </tabSheet>
        <hbox id="editActions" spacing="true">
            <button id="commitAndCloseBtn" action="windowCommitAndClose"/>
            <button id="closeBtn" action="windowClose"/>
        </hbox>
    </layout>
</window>
