<?xml version="1.0" encoding="UTF-8" standalone="no"?>
<window xmlns="http://jmix.io/schema/ui/window"
        caption="msg://tutorialScreen.caption">
    <data readOnly="true">
        <collection id="awardsDc"
                    class="kz.eub.kpi.entity.DuelContest">
            <fetchPlan extends="_base">
                <property name="id"/>
                <property name="contester" fetchPlan="_base"/>
                <property name="opponent" fetchPlan="_instance_name"/>
            </fetchPlan>
            <loader id="awardsDl">
                <query>
                    <![CDATA[select e from kpi_DuelContest e]]>
                </query>
            </loader>
        </collection>
        <collection id="depDc" class="kz.eub.kpi.entity.Duel">
            <fetchPlan extends="_base"/>
            <loader id="dictDepartmentsDl">
                <query>
                    <![CDATA[select e from kpi_Duel e where e.status = true ]]>
                </query>
            </loader>
        </collection>
    </data>
    <layout spacing="false">
        <groupBox>
            <button height="30" id="newDuelBtn" caption="Случайная дуэль"/>
            <entityComboBox
                    id="depComboBox" optionsContainer="depDc"
                    caption="Выбор Дуэли"/>
            <dataGrid id="awardsTable"
                      width="100%"
                      dataContainer="awardsDc">
                <actions>
                    <action id="create" type="create"/>
                    <action id="edit" type="edit"/>
                    <action id="remove" type="remove"/>
                </actions>
                <columns>
                    <column property="id" caption="#"/>
                    <column property="contester.profileId.lastname" id="contester" caption="Инициатор"/>
                    <column property="pointContester" id="pointContester" caption="Количество правильных ответов"/>
                    <column property="opponent.profileId.lastname" id="opponent" caption="Оппонент"/>
                    <column property="pointOpponent" id="pointOpponent" caption="Количество правильных ответов"/>
                    <column property="winnerStaff.profileId.lastname" id="winner" caption="Победитель"/>
                    <column property="created_date" id="created_date" caption="Дата начала"/>
                    <column property="finished_date" id="finished_date" caption="Дата окончания"/>
                </columns>
                <simplePagination/>
            </dataGrid>
        </groupBox>
    </layout>
</window>