<?xml version="1.0" encoding="UTF-8" standalone="no"?>
<window xmlns="http://jmix.io/schema/ui/window"
        xmlns:c="http://jmix.io/schema/ui/jpql-condition"
        caption="msg://kpiGoalFactImportDocBrowse.caption"
        focusComponent="kpiGoalFactImportDocsTable">
    <data readOnly="true">
        <collection id="kpiGoalFactImportDocsDc"
                    class="kz.eub.kpi.entity.kpi.KpiGoalFactImportDoc">
            <fetchPlan extends="_base">
                <property name="period" fetchPlan="_base"/>
                <property name="author" fetchPlan="_base"/>
            </fetchPlan>
            <loader id="kpiGoalFactImportDocsDl">
                <query>
                    <![CDATA[select e from kpi_KpiGoalFactImport e]]>
                </query>
            </loader>
        </collection>
    </data>
    <facets>
        <dataLoadCoordinator auto="true"/>
        <screenSettings id="settingsFacet" auto="true"/>
    </facets>
    <actions>
        <action id="lookupSelectAction"
                caption="msg:///actions.Select"
                icon="LOOKUP_OK"
                primary="true"
                shortcut="${COMMIT_SHORTCUT}"/>
        <action id="lookupCancelAction"
                caption="msg:///actions.Cancel"
                icon="LOOKUP_CANCEL"/>
    </actions>
    <dialogMode height="600"
                width="800"/>
    <layout expand="kpiGoalFactImportDocsTable" spacing="true">
        <filter id="filter"
                dataLoader="kpiGoalFactImportDocsDl">
            <properties include=".*"/>
        </filter>
        <groupTable id="kpiGoalFactImportDocsTable"
                    width="100%"
                    dataContainer="kpiGoalFactImportDocsDc">
            <actions>
                <action id="create" type="create"/>
                <action id="edit" type="edit"/>
                <action id="remove" type="remove" enable="false"/>
            </actions>
            <columns>
                <column id="sn"/>
                <column id="author"/>
                <column id="date"/>
                <column id="status"/>
                <column id="info"/>
                <column id="period"/>
            </columns>
            <simplePagination itemsPerPageUnlimitedOptionVisible="true" itemsPerPageVisible="true" itemsPerPageDefaultValue="500"/>
            <buttonsPanel id="buttonsPanel"
                          alwaysVisible="true">
                <button id="createBtn" action="kpiGoalFactImportDocsTable.create"/>
                <button id="editBtn" action="kpiGoalFactImportDocsTable.edit"/>
                <button id="removeBtn" action="kpiGoalFactImportDocsTable.remove"/>
            </buttonsPanel>
        </groupTable>
        <hbox id="lookupActions" spacing="true" visible="false">
            <button action="lookupSelectAction"/>
            <button action="lookupCancelAction"/>
        </hbox>
    </layout>
</window>
