<?xml version="1.0" encoding="UTF-8" standalone="no"?>
<window xmlns="http://jmix.io/schema/ui/window"
        caption="msg://dictSourcesBrowse.caption"
        focusComponent="dictSourcesTable">
    <data readOnly="true">
        <collection id="dictSourcesDc"
                    class="kz.eub.report360.entity.DictSources">
            <fetchPlan extends="_base"/>
            <loader id="dictSourcesDl">
                <query>
                    <![CDATA[select e from r360_DictSources e]]>
                </query>
            </loader>
        </collection>
    </data>
    <facets>
        <dataLoadCoordinator auto="true"/>
        <screenSettings id="settingsFacet" auto="true"/>
    </facets>
    <actions>
        <action id="lookupSelectAction"
                caption="msg:///actions.Select"
                icon="LOOKUP_OK"
                primary="true"
                shortcut="${COMMIT_SHORTCUT}"/>
        <action id="lookupCancelAction"
                caption="msg:///actions.Cancel"
                icon="LOOKUP_CANCEL"/>
    </actions>
    <dialogMode height="700px"
                width="1200px"/>
    <layout expand="dictSourcesTable" spacing="true">
        <filter id="filter"
                dataLoader="dictSourcesDl">
            <properties include=".*"/>
        </filter>
        <table id="dictSourcesTable"
               width="100%"
               dataContainer="dictSourcesDc">
            <actions>
                <action id="excelExport" type="excelExport"/>
            </actions>
            <columns>
                <column id="srcCd"/>
                <column id="srcName"/>
                <column id="srcDescription"/>
                <column id="gidPref"/>
            </columns>
            <simplePagination itemsPerPageUnlimitedOptionVisible="true" itemsPerPageVisible="true"/>
            <buttonsPanel id="buttonsPanel"
                          alwaysVisible="true">
                <button id="excelExportBtn" action="dictSourcesTable.excelExport"/>
            </buttonsPanel>
        </table>
        <hbox id="lookupActions" spacing="true" visible="false">
            <button action="lookupSelectAction"/>
            <button action="lookupCancelAction"/>
        </hbox>
    </layout>
</window>
