<fetchPlans xmlns="http://jmix.io/schema/core/fetch-plans">
    <fetchPlan entity="kpi_KpiCard" name="kpiCard-with-details" extends="_base">
        <property name="period" fetchPlan="_instance_name"/>
        <property name="kpiGoals" fetchPlan="_base">
            <property name="attachments" fetchPlan="_base"/>
            <property name="unit" fetchPlan="_instance_name"/>
            <property name="subCategory" fetchPlan="_instance_name"/>
            <property name="employee" fetchPlan="_instance_name">
                <property name="payrollNumber"/>
            </property>
            <property name="comments" fetchPlan="_base">
                <property name="author" fetchPlan="_instance_name"/>
            </property>
            <property name="planStr"/>
            <property name="factStr"/>
        </property>
        <property name="author" fetchPlan="_instance_name">
            <property name="payrollNumber"/>
        </property>
        <property name="department" fetchPlan="_instance_name">
            <property name="fullName"/>
        </property>
        <property name="position" fetchPlan="_instance_name"/>
        <property name="leader" fetchPlan="_instance_name"/>
        <property name="comments" fetchPlan="_base">
            <property name="author" fetchPlan="_instance_name"/>
        </property>
        <property name="supervisor" fetchPlan="_instance_name"/>
    </fetchPlan>
    <fetchPlan entity="kpi_KpiGoal" name="kpiGoal-fetch-plan" extends="_base">
        <property name="period" fetchPlan="_base"/>
        <property name="unit" fetchPlan="_base"/>
        <property name="subCategory" fetchPlan="_base"/>
        <property name="employee" fetchPlan="_base"/>
        <property name="department" fetchPlan="_base">
            <property name="fullName"/>
        </property>
        <property name="planStr"/>
        <property name="factStr"/>
    </fetchPlan>
</fetchPlans>