<?xml version="1.0" encoding="UTF-8" standalone="no"?>
<menu-config xmlns="http://jmix.io/schema/ui/menu">
    <item id="myTasks" screen="kpi_ApplicationTask.browse" stylename="margin-top15px"
          caption="msg://kz.eub.kpi.screen.application/applicationTaskBrowse.menu" icon="TASKS"/>
    <item screen="kpi_OrganigramScreen" icon="GROUP" caption="msg://kz.eub.kpi/menu.kpi_OrganigramScreen"/>
    <menu id="applications" caption="msg://kz.eub.kpi/menu.applications" icon="FOLDER_OPEN">
        <item screen="kpi_Application.browse" caption="msg://kz.eub.kpi.screen.application/applicationBrowse.menu"/>
    </menu>
    <menu id="kpi" caption="msg://kz.eub.kpi/menu.kpi" icon="ADDRESS_CARD_O">
        <item screen="kpi_KpiCard.browse" caption="msg://kz.eub.kpi.screen.kpi.kpicard/kpiCardBrowse.menu"/>
        <item screen="kpi_KpiCard.import" caption="msg://kz.eub.kpi/kpiCardImport"/>
        <item screen="kpi_KpiGoalPlanImportDoc.browse"
              caption="msg://kz.eub.kpi.screen.kpi.kpigoalplanimportdoc/kpiGoalPlanImportDocBrowse.menu"/>
        <item screen="kpi_KpiGoalFactImport.browse"
              caption="msg://kz.eub.kpi.screen.kpi.kpigoalfactimportdoc/kpiGoalFactImportDocBrowse.menu"/>
    </menu>
    <menu id="rubilix" icon="BOOK" caption="msg://kz.eub.kpi/menu.rubilix" >
        <item screen="bonus_administration_BonusProfileScreen" caption="Мои Бонусы"/>
        <item screen="bonus_KnowledgeScreen" caption="msg://kz.eub.kpi.screen.knowledge/knowledgeScreen.caption" />
        <item screen="bonus_TutorialScreen" caption="msg://kz.eub.kpi.screen.tutorial/tutorialScreen.caption"/>
        <item screen="dshbrd_HorizontalLayout.browse"
              caption="msg://kz.eub.kpi.screen.horizontallayout/horizontalLayoutBrowse.menu"/>

        <menu id="Администрирование" icon="BOOK" caption="msg://kz.eub.kpi/menu.administration">
            <item screen="bonus_administration_BonusReport.browse"
                  caption="msg://kz.eub.kpi.screen.bonusstatus/bonusReportBrowse.menu"/>
            <item screen="kpi_Award.browse" caption="msg://kz.eub.kpi.screen.award/awardBrowse.menu"/>
            <item screen="kpi_Authorityview" caption="msg://kz.eub.kpi.screen.bonusauthority/bonusAuthorityBrowse.menu"/>
            <item screen="kpi_Duel.browse" caption="msg://kz.eub.kpi.screen.duel/duelBrowse.menu"/>
            <item screen="kpi_CompetitionScreen" caption="msg://kz.eub.kpi.screen.competition/competitionScreen.caption"/>
        </menu>

    </menu>
    <menu id="references" caption="msg://kz.eub.kpi/menu_config.references" icon="BOOK">
        <item screen="kpi_Employee.browse" caption="msg://kz.eub.kpi.screen.employee/employeeBrowse.menu"/>
        <item screen="kpi_DictPosition.browse" caption="msg://kz.eub.kpi.screen.dictposition/dictPositionBrowse.menu"/>
        <item screen="kpi_DictDepartment.browse"
            caption="msg://kz.eub.kpi.screen.dictdepartment/dictDepartmentBrowse.menu"/>
        <item screen="kpi_Unit.browse" caption="msg://kz.eub.kpi.screen.unit/unitBrowse.menu"/>
        <item screen="kpi_DictBusiness.browse" caption="msg://kz.eub.kpi.screen.dictbusiness/dictBusinessBrowse.menu"/>
        <item screen="buscal_BusinessCalendarModel.browse"/>
        <menu id="kpi_ref" caption="msg://kz.eub.kpi/menu_config.kpi_ref" icon="DOT_CIRCLE_O">
            <item screen="kpi_KpiPeriod.browse" caption="msg://kz.eub.kpi.screen.kpi.kpiperiod/kpiPeriodBrowse.menu"/>
            <item screen="kpi_KpiResult.browse" caption="msg://kz.eub.kpi.screen.kpi.kpiresult/kpiResultBrowse.menu"/>
            <item screen="kpi_KpiGoal.browse" caption="msg://kz.eub.kpi.screen.kpigoal/kpiGoalBrowse.menu"/>
            <item screen="kpi_BlockGoals" caption="msg://kz.eub.kpi.screen.kpi.kpigoal/blockGoals"/>
            <item screen="kpi_DepartmentTasks" caption="msg://kz.eub.kpi.screen.kpi.kpigoal/deptTasks"/>
            <item screen="kpi_IndividualTasks" caption="msg://kz.eub.kpi.screen.kpi.kpigoal/individualTasks"/>
            <item screen="kpi_KpiCompetence.browse"
                  caption="msg://kz.eub.kpi.screen.kpi.kpicompetence/kpiCompetenceBrowse.menu"/>
            <item screen="kpi_KpiEmplDevPlan.browse"
                  caption="msg://kz.eub.kpi.screen.kpi.kpiempldevplan/kpiEmplDevPlanBrowse.menu"/>
            <item screen="kpi_IntermediateAssessmentMeeting.browse"
                  caption="msg://kz.eub.kpi.screen.kpi.intermediateassessmentmeeting/intermediateAssessmentMeetingBrowse.menu"/>
            <item screen="kpi_KpiGoalDict.browse"
                  caption="msg://kz.eub.kpi.screen.kpigoaldict/kpiGoalDictBrowse.menu"/>
            <item screen="kpi_KpiGoalSubCategory.browse"
                  caption="msg://kz.eub.kpi.screen.kpi.kpigoalsubcategory/kpiGoalSubCategoryBrowse.menu"/>
        </menu>
        <item screen="kpi_GvkDepartment.browse"
              caption="msg://kz.eub.kpi.screen.gvkdepartment/gvkDepartmentBrowse.menu"/>
    </menu>
    <menu id="dashboard" icon="PIE_CHART">
        <item screen="dshbrd_PersistentDashboard.browse"/>
        <item screen="dshbrd_WidgetTemplate.browse"/>
    </menu>
    <menu id="bpm" caption="msg://bpm.caption" icon="font-icon:HANDSHAKE_O">
        <item screen="bpm_StartProcessScreen"/>
        <item screen="bpm_MyTasks.browse"/>
        <item screen="bpm_BpmnModelerScreen"/>
        <item screen="bpm_ProcessDefinition.browse"/>
        <item screen="bpm_ProcessInstance.browse"/>
        <item screen="bpm_UserGroup.browse"/>
        <item screen="bpm_AllTasks.browse"/>
        <item screen="bpm_DmnDecisionTableBrowse"/>
        <item screen="bpm_DecisionTableModelerScreen"/>
    </menu>
    <menu id="reports" caption="msg://io.jmix.reportsui/menu.reports" icon="LINE_CHART">
        <item id="report_Report.browse" caption="msg://io.jmix.reportsui/menu.report_Report.browse"/>
        <item id="report_ReportGroup.browse" caption="msg://io.jmix.reportsui/menu.report_ReportGroup.browse"/>
        <item id="report_Report.run" caption="msg://io.jmix.reportsui/menu.report_Report.run"/>
        <item id="report_ShowChart.screen" caption="msg://io.jmix.reportsui/menu.report_ShowChart.screen"/>
        <item id="report_ShowReportTable.screen" caption="msg://io.jmix.reportsui/menu.report_ShowReportTable.screen"/>
        <item id="report_ShowPivotTable.screen" caption="msg://io.jmix.reportsui/menu.report_ShowPivotTable.screen"/>
    </menu>
    <menu id="administration" icon="GEARS">
        <item screen="kpi_User.browse"
              caption="msg://menu_config.users.caption"/>
        <item screen="kpi_Employee.roles" caption="msg://kz.eub.kpi.screen.employee/employeeRoles.menu"/>
        <item screen="themeSettingsScreen" caption="msg://io.jmix.ui.app.themesettings/themeSettings.caption"/>
        <item screen="ui_JmxConsoleScreen"/>
        <item screen="sec_ResourceRoleModel.browse"
              caption="msg://io.jmix.securityui/menu.sec_ResourceRoleModel.browse"/>
        <item screen="sec_RowLevelRoleModel.browse"
              caption="msg://io.jmix.securityui/menu.sec_RowLevelRoleModel.browse"/>
        <item screen="ntf_InAppNotification.browse"
              caption="msg://io.jmix.notificationsui.screen.inappnotification/inAppNotificationBrowse.menu"/>
        <item screen="entityInspector.browse"/>
        <item screen="entityLog.browse"/>
        <item screen="userSessions.browse"/>
        <item screen="appset_appSettingsEntity.screen" caption="msg://menu_config.appset_appSettingsEntity.screen"/>
        <item screen="email_SendingMessage.browse"/>
        <item screen="quartz_JobModel.browse" caption="msg://io.jmix.quartz.screen.jobs/jobModelBrowse.menu"/>
        <item screen="emltmp_EmailTemplate.browse"/>
        <item screen="kpi_Announce.browse" caption="msg://kz.eub.kpi.screen.announce/announceBrowse.menu" icon="BELL_O"/>
    </menu>
</menu-config>