<?xml version="1.0" encoding="UTF-8" standalone="no"?>
<window xmlns="http://jmix.io/schema/ui/window" xmlns:ext="http://jmix.io/schema/ui/window-ext"
        extends="kz/eub/rm/screen/pozsegmentchoicereport/poz-segment-choice-report-screen.xml">
    <layout>
        <tabSheet id="tabSheet">
            <tab id="pozTab" caption="msg://kz.eub.rm.screen.pozsegmentchoicereport/pozTab.caption" ext:index="1">
                <entitySuggestionField id="pozSuggestionField" metaClass="rm_PozDictionary"
                                       caption="msg://kz.eub.rm.screen.pozsegmentchoicereport/pozSuggestionField.caption"/>
                <buttonsPanel id="pozButtonsPanel"/>
            </tab>
        </tabSheet>
    </layout>
</window>
