<?xml version="1.0" encoding="UTF-8" standalone="no"?>
<window xmlns="http://jmix.io/schema/ui/window"
        caption="msg://kpiMassiveApproval.caption">
    <data>
        <collection id="kpiApplicationsDc" class="kz.eub.kpi.entity.kpi.KpiApplication"/>
        <collection id="kpiApplicationTasksDc" class="kz.eub.kpi.entity.ApplicationTask"/>
    </data>
    <layout expand="kpiApplicationTasksTable">
        <hbox spacing="true" width="100%" margin="false,false,true,false">
            <button id="massiveApproveBtn"
                    caption="msg://massiveApprove"
                    icon="font-icon:LIST"/>
            <hbox id="editActions" spacing="true" width="100%">
                <hbox align="MIDDLE_RIGHT" spacing="true">
                    <button id="closeBtn" align="MIDDLE_RIGHT"
                            stylename="icon-only" icon="font-icon:CLOSE"/>
                </hbox>
            </hbox>
        </hbox>
        <dataGrid id="kpiApplicationTasksTable"
                  width="100%"
                  selectionMode="MULTI_CHECK"
                  dataContainer="kpiApplicationTasksDc">
            <columns>
                <column id="sn" property="application.sn" />
                <column id="author" property="application.author"/>
                <column id="date" property="application.date"/>
                <column id="status" property="application.status"/>
                <column id="procId" property="taskData.name"/>
                <column id="info" property="application.info"/>
                <column id="name" property="application.name"/>
                <column id="department" property="application.department"/>
                <column id="position" property="application.position"/>
                <column id="supervisor" property="application.supervisor"/>
                <column id="leader" property="application.leader"/>
            </columns>
        </dataGrid>
    </layout>
</window>