<?xml version="1.0" encoding="UTF-8" standalone="no"?>
<window xmlns="http://jmix.io/schema/ui/window"
        xmlns:c="http://jmix.io/schema/ui/jpql-condition"
        caption="msg://creditContractsDictionaryBrowse.caption"
        focusComponent="creditContractsDictionariesTable"
        extends="kz/eub/rm/screen/poz/abstractpozdictionarybrowse/abstract-poz-dictionary-browse.xml">
    <data readOnly="true">
        <collection id="dictionaryDc"
                    class="kz.eub.rm.entity.dwh.CreditContractsDictionary"
                    fetchPlan="_base">
            <loader id="dictionaryDl">
                <query>
                    <![CDATA[select e from rm_CreditContractsDictionary e]]>
                </query>
            </loader>
        </collection>
        <!--        <collection id="runHistoryDc"-->
        <!--                    class="kz.eub.rm.entity.RunHistory"-->
        <!--                    fetchPlan="_base">-->
        <!--            <loader id="runHistoryDl">-->
        <!--                <query>-->
        <!--                    <![CDATA[select e from rm_RunHistory e order by e.creationDate desc]]>-->
        <!--                </query>-->
        <!--            </loader>-->
        <!--        </collection>-->
    </data>
    <facets>
        <dataLoadCoordinator auto="true"/>
        <screenSettings id="settingsFacet" auto="true"/>
    </facets>
    <actions>
        <action id="lookupSelectAction"
                caption="msg:///actions.Select"
                icon="LOOKUP_OK"
                primary="true"
                shortcut="${COMMIT_SHORTCUT}"/>
        <action id="lookupCancelAction"
                caption="msg:///actions.Cancel"
                icon="LOOKUP_CANCEL"/>
    </actions>
    <dialogMode height="600"
                width="800"/>
    <layout expand="mainVbox" spacing="true">
        <vbox id="mainVbox" expand="creditContractsDictionariesTable">
            <!--            <entityComboBox id="runIdFilterComboBox" metaClass="rm_RunHistory" optionsContainer="runHistoryDc" caption="msg://creditContractsDictionaryBrowse.runIdFilterComboBox"/>-->
            <filter id="filter"
                    dataLoader="dictionaryDl">
                <properties include=".*"/>
            </filter>
            <groupTable id="creditContractsDictionariesTable"
                        width="100%"
                        dataContainer="dictionaryDc" multiselect="true">
                <actions>
                </actions>
                <columns>
                    <column id="cReportDate"/>
                    <column id="cId"/>
                    <column id="cDogNum"/>
                    <column id="transh"/>
                    <column id="cCurCode"/>
                    <column id="cDprtName"/>
                    <column id="cClntName"/>
                    <column id="cCgrpName"/>
                    <column id="cOutSumOd"/>
                    <column id="cOutSumOdDelay"/>
                    <column id="cOutSumPerc"/>
                    <column id="cOutSumPercDelay"/>
                    <column id="cOutSumPercOd"/>
                    <column id="cOutSumCom"/>
                    <column id="cOutSumComDelay"/>
                    <column id="cOutSumPenKzt"/>
                    <column id="cOutSumMsfoPer"/>
                    <column id="cOutSumNegCorr"/>
                    <column id="cOutSumDis1434"/>
                    <column id="cOutSumDis2794"/>
                    <column id="cOutSumCorrEsp"/>
                    <column id="cOutSumDev"/>
                    <column id="cOutSumMod1435"/>
                    <column id="cOutSumMsfo1428"/>
                    <column id="cOutSumProvCom1845"/>
                    <column id="cOutSumProv1877Kzt"/>
                    <column id="cOutSumDebt1860Kzt"/>
                    <column id="cOutSumKik"/>
                    <column id="cOutSumDz1877Kzt"/>
                    <column id="cOutSumReserKzt"/>
                    <column id="cOutSumOutsys"/>
                    <column id="cOutSumOdOdd"/>
                    <column id="cOutSumAllDebt"/>
                    <column id="cOutSumOdOddMonBeg"/>
                    <column id="cOutSumAllDebtMonBeg"/>
                    <column id="cMsfoRate"/>
                    <column id="cOutSumOutsysSum"/>
                    <column id="cOutSumLesion"/>
                    <column id="cCrRateMonthBeg"/>
                    <column id="cCrRateRepDate"/>
                    <column id="cProdName"/>
                    <column id="cTarif"/>
                    <column id="isUniform"/>
                    <column id="pozName"/>
                    <column id="cUserCredType"/>
                    <column id="cCliIinBin"/>
                    <column id="cCliType"/>
                    <column id="cSdCd"/>
                    <column id="cKodIp"/>
                    <column id="cExpDays"/>
                    <column id="cExpDaysOpPerc"/>
                    <column id="cOpenDate"/>
                    <column id="cPaymDate"/>
                    <column id="cOked"/>
                    <column id="cCliOkedCd"/>
                    <column id="cProblem"/>
                    <column id="cClass"/>
                    <column id="cModif"/>
                    <column id="cModDate"/>
                    <column id="cBasketMonBeg"/>
                    <column id="basketOnReportDate"/>
                    <column id="cRate"/>
                    <column id="cEffRate"/>
                    <column id="cNonMarketFl"/>
                    <column id="cAllSum"/>
                    <column id="cControlList"/>
                    <column id="cState"/>
                    <column id="cSource"/>
                    <column id="trigger2"/>
                    <column id="trigger3"/>
                    <column id="trigger4"/>
                    <column id="recoveryReady"/>
                    <column id="defaultDate"/>
                    <column id="recoveryDate"/>
                    <column id="runId"/>
                    <column id="uuid"/>
                    <column id="segment"/>
                    <column id="creditDepartmentCode"/>
                    <column id="creditSumKzt"/>
                    <column id="duration"/>
                    <column id="csPd12ol"/>
                    <column id="csPdltol"/>
                    <column id="csPd12"/>
                    <column id="csPdlt"/>
                    <column id="csLgd"/>
                </columns>
                <simplePagination itemsPerPageDefaultValue="50"/>
                <buttonsPanel id="buttonsPanel"
                              alwaysVisible="true">
                </buttonsPanel>
            </groupTable>
            <hbox id="lookupActions" spacing="true" visible="false">
                <button action="lookupSelectAction"/>
                <button action="lookupCancelAction"/>
            </hbox>
        </vbox>
    </layout>
</window>
