<?xml version="1.0" encoding="UTF-8" standalone="no"?>
<window xmlns="http://jmix.io/schema/ui/window"
        xmlns:ext="http://jmix.io/schema/ui/window-ext"
        caption="msg://epsReportScreen.caption"
        extends="kz/eub/rm/screen/pozuserfriendlyreport/poz-user-friendly-report-screen.xml">
    <layout>
        <tabSheet id="tabSheet">
            <tab id="singleReportTab" caption="msg://singleReportTab.caption"><!-- название поля для ввода значения вынес сюда тк здесь таб всего один и поле для ввода всего одно -->
                <vbox id="singleReportVbox">
                    <hbox id="searchHbox" ext:index="0"/>
                </vbox>
            </tab>
        </tabSheet>
    </layout>
</window>