<?xml version="1.0" encoding="UTF-8" standalone="no"?>
<window xmlns="http://jmix.io/schema/ui/window"
        caption="msg://startScreen.caption">
    <layout>
        <hbox spacing="true"  align="MIDDLE_CENTER">
            <vbox id="profileBox" spacing="true" align="TOP_CENTER">
                <image id="profileImg" scaleMode="COVER" height="200px" align="TOP_CENTER">
                    <resource>
                        <relativePath path="VAADIN/img/profile.png"/>
                    </resource>
                </image>
                <label/>
                <label value="msg://profileImg.caption" htmlEnabled="true" align="MIDDLE_CENTER"/>
            </vbox>
            <label width="100px"/>
            <vbox id="kpiBox" spacing="true" align="TOP_CENTER">
                <image id="kpiImg" scaleMode="COVER" height="200px"  align="TOP_CENTER">
                    <resource>
                        <relativePath path="VAADIN/img/kpi.png"/>
                    </resource>
                </image>
                <label/>
                <label value="msg://kpiImg.caption" htmlEnabled="true" align="MIDDLE_CENTER"/>
            </vbox>
            <label width="100px"/>
            <vbox id="reportsBox" spacing="true" align="TOP_CENTER">
                <image id="reportImg" scaleMode="COVER" height="200px"  align="TOP_CENTER">
                    <resource>
                        <relativePath path="VAADIN/img/report.png"/>
                    </resource>
                </image>
                <label/>
                <label value="msg://reportImg.caption" htmlEnabled="true" align="MIDDLE_CENTER"/>
            </vbox>
        </hbox>
    </layout>
</window>