<?xml version="1.0" encoding="UTF-8" standalone="no"?>
<window xmlns="http://jmix.io/schema/ui/window"
        caption="msg://dealErrorsBrowse.caption"
        focusComponent="dealErrorsTable">
    <data readOnly="true">
        <collection id="dealErrorsDc"
                    class="kz.eub.report360.entity.DealErrors">
            <fetchPlan extends="_base">
                <property name="ddeErrorUU" fetchPlan="_base"/>
                <property name="ddeSystem" fetchPlan="_base"/>
            </fetchPlan>
            <loader id="dealErrorsDl">
                <query>
                    <![CDATA[select e from r360_DealErrors e]]>
                </query>
            </loader>
        </collection>
    </data>
    <facets>
        <dataLoadCoordinator auto="true"/>
        <screenSettings id="settingsFacet" auto="true"/>
    </facets>
    <actions>
        <action id="lookupSelectAction"
                caption="msg:///actions.Select"
                icon="LOOKUP_OK"
                primary="true"
                shortcut="${COMMIT_SHORTCUT}"/>
        <action id="lookupCancelAction"
                caption="msg:///actions.Cancel"
                icon="LOOKUP_CANCEL"/>
    </actions>
    <dialogMode height="600"
                width="800"/>
    <layout expand="dealErrorsTable" spacing="true">
        <filter id="filter" columnsCount="4"
                dataLoader="dealErrorsDl">
            <properties include=".*"/>
            <configurations>
                <configuration id="defaultConfiguration" name="msg://defaultConfiguration.name" default="true">
                    <propertyFilter property="ddeStartDate" operation="GREATER_OR_EQUAL"
                                    caption="msg://propertyFilter.caption"/>
                    <propertyFilter property="ddeStartDate" operation="LESS_OR_EQUAL"
                                    caption="msg://propertyFilter1.caption"/>
                    <propertyFilter property="ddeSystem" operation="EQUAL"
                                    caption="msg://propertyFilter2.caption"/>
                    <propertyFilter property="ddeErrorUU" operation="EQUAL"
                                    caption="msg://propertyFilter3.caption"/>
                </configuration>
            </configurations>
        </filter>
        <table id="dealErrorsTable"
               width="100%"
               dataContainer="dealErrorsDc">
            <actions>
                <action id="excelExport" type="excelExport"/>
                <action id="jsonExport" type="jsonExport"/>
            </actions>
            <columns>
                <column id="ddeStartDate"/>
                <column id="ddeDedlineDate"/>
                <column id="ddeDepartment"/>
                <column id="ddeSystem"/>
                <column id="ddeDogNum"/>
                <column id="ddeProduct"/>
                <column id="ddeOpenDate"/>
                <column id="ddeClntCode"/>
                <column id="ddeCliName" maxTextLength="45"/>
                <column id="ddeIin"/>
                <column id="ddeDealStatus"/>
                <column id="ddeDealInfo"/>
                <column id="ddeError" maxTextLength="45"/>
                <column id="ddeErrorUU"/>
            </columns>
            <simplePagination itemsPerPageUnlimitedOptionVisible="true" itemsPerPageVisible="true"/>
            <buttonsPanel id="buttonsPanel"
                          alwaysVisible="true">
                <button id="excelExportBtn" action="dealErrorsTable.excelExport"/>
                <button id="jsonExportBtn" action="dealErrorsTable.jsonExport"/>
            </buttonsPanel>
        </table>
        <hbox id="lookupActions" spacing="true" visible="false">
            <button action="lookupSelectAction"/>
            <button action="lookupCancelAction"/>
        </hbox>
    </layout>
</window>
