<?xml version="1.0" encoding="UTF-8" standalone="no"?>
<window xmlns="http://jmix.io/schema/ui/window"
        caption="msg://errCardClientBrowse.caption"
        focusComponent="errCardClientsTable">
    <data readOnly="true">
        <collection id="errCardClientsDc"
                    class="kz.eub.report360.entity.ErrCardClient">
            <fetchPlan extends="_base">
                <property name="dceError" fetchPlan="_base"/>
                <property name="dceSystem" fetchPlan="_base"/>
            </fetchPlan>
            <loader id="errCardClientsDl">
                <query>
                    <![CDATA[select e from r360_ErrCardClient e]]>
                </query>
            </loader>
        </collection>
    </data>
    <facets>
        <dataLoadCoordinator auto="true"/>
        <screenSettings id="settingsFacet" auto="true"/>
    </facets>
    <actions>
        <action id="lookupSelectAction"
                caption="msg:///actions.Select"
                icon="LOOKUP_OK"
                primary="true"
                shortcut="${COMMIT_SHORTCUT}"/>
        <action id="lookupCancelAction"
                caption="msg:///actions.Cancel"
                icon="LOOKUP_CANCEL"/>
    </actions>
    <dialogMode height="600"
                width="800"/>
    <layout expand="errCardClientsTable" spacing="true">
        <filter id="filter" columnsCount="4"
                dataLoader="errCardClientsDl">
            <properties include=".*"/>
            <configurations>
                <configuration id="defaultConfiguration" default="true" name="msg://defaultConfiguration.name">
                    <propertyFilter property="dceStartDate" operation="GREATER_OR_EQUAL"
                                    caption="msg://propertyFilter.caption"/>
                    <propertyFilter property="dceStartDate" operation="LESS_OR_EQUAL"
                                    caption="msg://propertyFilter1.caption"/>
                    <propertyFilter property="dceSystem" operation="EQUAL"
                                    caption="msg://propertyFilter2.caption"/>
                    <propertyFilter property="dceError" operation="EQUAL"
                                    caption="msg://propertyFilter3.caption"/>
                </configuration>
            </configurations>
        </filter>
        <table id="errCardClientsTable"
               width="100%"
               dataContainer="errCardClientsDc">
            <actions>
                <action id="excelExport" type="excelExport"/>
                <action id="jsonExport" type="jsonExport"/>
            </actions>
            <columns>
                <column id="dceStartDate"/>
                <column id="dceDeadlineDate"/>
                <column id="dceClntType"/>
                <column id="dceDepartment"/>
                <column id="dceSystem"/>
                <column id="dceBirthDate"/>
                <column id="dceName"/>
                <column id="dceIinBin"/>
                <column id="dceClRezident"/>
                <column id="dceErrDescr" maxTextLength="45"/>
                <column id="dceError"/>
            </columns>
            <simplePagination itemsPerPageUnlimitedOptionVisible="true" itemsPerPageVisible="true"/>
            <buttonsPanel id="buttonsPanel" alwaysVisible="true">
                <button id="excelExportBtn" action="errCardClientsTable.excelExport"/>
                <button id="jsonExportBtn" action="errCardClientsTable.jsonExport"/>
            </buttonsPanel>
        </table>
        <hbox id="lookupActions" spacing="true" visible="false">
            <button action="lookupSelectAction"/>
            <button action="lookupCancelAction"/>
        </hbox>
    </layout>
</window>
