<?xml version="1.0" encoding="UTF-8" standalone="no"?>
<window xmlns="http://jmix.io/schema/ui/window"
        caption="msg://bonusBonusDescription.caption">
    <dialogMode forceDialog="true" width="1000" height="1000"/>
    <layout>
        <scrollBox contentMinWidth="600px"
                   contentMinHeight="200px"
                   height="100%"
                   width="100%">
            <tabSheet id="tabSheet" width="100%">
                <tab caption="Расчет бонуса"
                     id="tab_1" spacing="true"
                     margin="true,false,false,false"
                     expand="accountablesBox"
                     icon="USERS">
                    <flowBox width="100%" id="accountablesBox">
                        <responsiveGridLayout stylename="demo">
                            <row>
                                <col sm="6" md="1">
                                    <label value="" css="font-size: 120%; "/>
                                </col>
                                <col sm="6" md="7">
                                    <label value="Показатель" css="font-size: 150%; "/>
                                </col>
                                <col sm="6" md="3">
                                    <label value="Значение" css="font-size: 150%; "/>
                                </col>
                            </row>
                            <row>
                                <col sm="4" md="1">
                                    <label value="1" css="font-size: 120%; "/>
                                </col>
                                <col sm="4" md="7">
                                    <label value="Минимальное кол-во автокредитов" css="font-size: 120%; "/>
                                </col>
                                <col sm="4" md="3">
                                    <label value="4 шт" css="font-size: 120%; "/>
                                </col>
                            </row>
                            <row>
                                <col sm="4" md="1">
                                    <label value="2" css="font-size: 120%; "/>
                                </col>
                                <col sm="4" md="7">
                                    <label value="Бонус за кредит на новый а/м" css="font-size: 120%; "/>
                                </col>
                                <col sm="4" md="3">
                                    <label value="0,2%*" css="font-size: 120%; "/>
                                </col>
                            </row>
                            <row>
                                <col sm="4" md="1">
                                    <label value="3" css="font-size: 120%; "/>
                                </col>
                                <col sm="4" md="7">
                                    <label value="Бонус за кредит на БУ а/м и высокодоходные продукты"
                                           css="font-size: 120%; "/>
                                </col>
                                <col sm="4" md="3">
                                    <label value="0,4%*" css="font-size: 120%; "/>
                                </col>
                            </row>
                            <row>
                                <col sm="4" md="1">
                                    <label value="4" css="font-size: 120%; "/>
                                </col>
                                <col sm="4" md="7">
                                    <label value="Бонус за выпуск кредитных карт" css="font-size: 120%; "/>
                                </col>
                                <col sm="4" md="3">
                                    <label value="1000 тенге за 1 активную карту" css="font-size: 120%; "/>
                                </col>
                            </row>
                            <row height="30">
                                <col sm="10" md="10">
                                    <hbox height="10"/>
                                </col>
                            </row>
                            <row>
                                <col sm="6" md="10">
                                    <label value="*Кроме кредитов, выданных в Aster Auto, где бонус за новый а/м 0,4%, а бонус за БУ и высокодоходные 0,2%"/>
                                </col>
                            </row>
                            <row height="30">
                                <col sm="10" md="10">
                                    <hbox height="10"/>
                                </col>
                            </row>
                            <row>
                                <col sm="6" md="10">
                                    <label value="Пример расчета:" css="font-size: 150%; color: #314082;"
                                           stylename="bold"/>
                                </col>
                            </row>
                            <row>
                                <col sm="6" md="10">
                                    <label value="Сумма займа * %бонуса за тариф" css="font-size: 100%; "
                                           stylename="bold"/>
                                </col>
                            </row>
                            <row height="20">
                                <col sm="10" md="10">
                                    <hbox height="10"/>
                                </col>
                            </row>
                            <row>
                                <col sm="6" md="10">
                                    <label value="Максимальная выплата бонуса 200 000 тг."
                                           css="font-size: 200%; color: #dd1668;" stylename="bold"/>
                                </col>
                            </row>

                            <row height="20">
                                <col sm="10" md="10">
                                    <hbox height="10"/>
                                </col>
                            </row>

                            <row height="10">
                                <col>
                                    <label width="100%" height="1" css="background-color: grey"/>
                                </col>
                            </row>

                            <row height="20">
                                <col sm="10" md="10">
                                    <hbox height="10"/>
                                </col>
                            </row>

                            <row>
                                <col sm="6" md="10">
                                    <label value="Премия за выданные займы по каналу POS:"
                                           css="font-size: 150%; color: #314082;" stylename="bold"/>
                                </col>
                            </row>
                            <row height="10">
                                <col sm="10" md="10">
                                    <hbox height="10"/>
                                </col>
                            </row>
                            <row>
                                <col sm="6" md="1">
                                    <label value="#" css="font-size: 120%; "/>
                                </col>
                                <col sm="6" md="7">
                                    <label value="Показатель" css="font-size: 150%; "/>
                                </col>
                                <col sm="6" md="3">
                                    <label value="Значение" css="font-size: 150%; "/>
                                </col>
                            </row>
                            <row>
                                <col sm="4" md="1">
                                    <label value="" css="font-size: 120%; "/>
                                </col>
                                <col sm="4" md="7">
                                    <label value="Высокодоходный тариф" css="font-size: 120%; "/>
                                </col>
                                <col sm="4" md="3">
                                    <label value="0,8%" css="font-size: 120%; "/>
                                </col>
                            </row>
                            <row>
                                <col sm="4" md="1">
                                    <label value="1" css="font-size: 120%; "/>
                                </col>
                                <col sm="4" md="7">
                                    <label value="Среднедоходный тариф" css="font-size: 120%; "/>
                                </col>
                                <col sm="4" md="3">
                                    <label value="0,35%" css="font-size: 120%; "/>
                                </col>
                            </row>
                            <row>
                                <col sm="4" md="1">
                                    <label value="" css="font-size: 120%; "/>
                                </col>
                                <col sm="4" md="7">
                                    <label value="Низкодоходный тариф" css="font-size: 120%; "/>
                                </col>
                                <col sm="4" md="3">
                                    <label value="0,1%" css="font-size: 120%; "/>
                                </col>
                            </row>

                            <row height="10">
                                <col sm="10" md="10">
                                    <hbox height="10"/>
                                </col>
                            </row>

                            <row>
                                <col sm="4" md="1">
                                    <label value="+" css="font-size: 120%; "/>
                                </col>
                                <col sm="4" md="7">
                                    <label value="Бонус за страховку" css="font-size: 120%; "/>
                                </col>
                                <col sm="4" md="3">
                                    <label value="0,4%" css="font-size: 120%; "/>
                                </col>
                            </row>

                            <row height="10">
                                <col sm="10" md="10">
                                    <hbox height="10"/>
                                </col>
                            </row>

                            <row>
                                <col sm="4" md="1">
                                    <label value="" css="font-size: 120%; "/>
                                </col>
                                <col sm="4" md="7">
                                    <label value="Срок займа ( меньше 7 месяцев )" css="font-size: 120%; "/>
                                </col>
                                <col sm="4" md="3">
                                    <label value="+0,2%" css="font-size: 120%; "/>
                                </col>
                            </row>
                            <row>
                                <col sm="4" md="1">
                                    <label value="+" css="font-size: 120%; "/>
                                </col>
                                <col sm="4" md="7">
                                    <label value="Срок займа ( 7-12 месяцев )" css="font-size: 120%; "/>
                                </col>
                                <col sm="4" md="3">
                                    <label value="0" css="font-size: 120%; "/>
                                </col>
                            </row>
                            <row>
                                <col sm="4" md="1">
                                    <label value="" css="font-size: 120%; "/>
                                </col>
                                <col sm="4" md="7">
                                    <label value="Срок займа (больше 12 месяцев)" css="font-size: 120%; "/>
                                </col>
                                <col sm="4" md="3">
                                    <label value="-0,2%" css="font-size: 120%; "/>
                                </col>
                            </row>

                            <row height="10">
                                <col sm="10" md="10">
                                    <hbox height="10"/>
                                </col>
                            </row>

                            <row>
                                <col sm="6" md="10">
                                    <label width="80%"
                                           value="Размер бонуса за тариф, страховку, сроки займов, задачи и веса могут меняться по решению руководства в зависимости от приоритетов"/>
                                </col>
                            </row>
                            <row height="30">
                                <col sm="10" md="10">
                                    <hbox height="10"/>
                                </col>
                            </row>
                            <row>
                                <col sm="6" md="10">
                                    <label value="Пример расчета:" css="font-size: 150%; color: #314082;"
                                           stylename="bold"/>
                                </col>
                            </row>
                            <row>
                                <col sm="6" md="10">
                                    <label value="Сумма займа * (%бонуса за тариф + Бонус за страховку + Бонус за срок) - Штрафы"
                                           css="font-size: 100%; " stylename="bold"/>
                                </col>
                            </row>
                            <row height="20">
                                <col sm="10" md="10">
                                    <hbox height="10"/>
                                </col>
                            </row>
                            <row>
                                <col sm="6" md="10">
                                    <label value="Максимальная выплата бонуса 200 000 тг."
                                           css="font-size: 200%; color: #dd1668;" stylename="bold"/>
                                </col>
                            </row>

                            <row height="20">
                                <col sm="10" md="10">
                                    <hbox height="10"/>
                                </col>
                            </row>

                            <row height="10">
                                <col>
                                    <label width="100%" height="1" css="background-color: grey"/>
                                </col>
                            </row>

                            <row>
                                <col sm="6" md="10">
                                    <label value="Премия за оформленные договора страхования НС"
                                           css="font-size: 150%; color: #314082;" stylename="bold"/>
                                </col>
                            </row>
                            <row height="10">
                                <col sm="10" md="10">
                                    <hbox height="10"/>
                                </col>
                            </row>
                            <row>
                                <col sm="6" md="1">
                                    <label value="#" css="font-size: 120%; "/>
                                </col>
                                <col sm="6" md="4">
                                    <label value="	Сумма займа" css="font-size: 150%; "/>
                                </col>
                                <col sm="6" md="3">
                                    <label value="Страховая премия" css="font-size: 150%; "/>
                                </col>
                                <col sm="6" md="4">
                                    <label value="Размер бонуса" css="font-size: 150%; "/>
                                </col>
                            </row>
                            <row>
                                <col sm="4" md="1">
                                    <label value="1" css="font-size: 120%; "/>
                                </col>
                                <col sm="4" md="4">
                                    <label value="-" css="font-size: 120%; "/>
                                </col>
                                <col sm="4" md="3">
                                    <label value="100 000 тг" css="font-size: 120%; "/>
                                </col>
                                <col sm="4" md="4">
                                    <label value="1000 тг" css="font-size: 120%; "/>
                                </col>
                            </row>
                            <row>
                                <col sm="4" md="1">
                                    <label value="2" css="font-size: 120%; "/>
                                </col>
                                <col sm="4" md="4">
                                    <label value="от 200 000 тг до 5 000 000 тг" css="font-size: 120%; "/>
                                </col>
                                <col sm="4" md="3">
                                    <label value="-" css="font-size: 120%; "/>
                                </col>
                                <col sm="4" md="4">
                                    <label value="7 500 тг" css="font-size: 120%; "/>
                                </col>
                            </row>
                            <row>
                                <col sm="4" md="1">
                                    <label value="3" css="font-size: 120%; "/>
                                </col>
                                <col sm="4" md="4">
                                    <label value="от 5 000 001 тг до 10 000 000 тг" css="font-size: 120%; "/>
                                </col>
                                <col sm="4" md="3">
                                    <label value="-" css="font-size: 120%; "/>
                                </col>
                                <col sm="4" md="4">
                                    <label value="10 000 тг" css="font-size: 120%; "/>
                                </col>
                            </row>
                            <row>
                                <col sm="4" md="1">
                                    <label value="4" css="font-size: 120%; "/>
                                </col>
                                <col sm="4" md="4">
                                    <label value="свыше 10 000 000 тг" css="font-size: 120%; "/>
                                </col>
                                <col sm="4" md="3">
                                    <label value="-" css="font-size: 120%; "/>
                                </col>
                                <col sm="4" md="4">
                                    <label value="15 000 тг" css="font-size: 120%; "/>
                                </col>
                            </row>
                            <row height="20">
                                <col sm="10" md="10">
                                    <hbox height="10"/>
                                </col>
                            </row>
                            <row>
                                <col sm="6" md="10">
                                    <label value="Максимальный размер бонуса за оформление договора страхования НС не ограничен."
                                           css="font-size: 150%; color: #dd1668;" stylename="bold"/>
                                </col>
                            </row>
                            <row height="100">
                                <col sm="10" md="10">
                                    <hbox height="10"/>
                                </col>
                            </row>
                        </responsiveGridLayout>
                    </flowBox>
                </tab>

                <tab caption="Штрафы"
                     id="tab_2" spacing="true"
                     margin="true,false,false,false"
                     icon="USERS">
                    <flowBox width="100%">
                        <responsiveGridLayout stylename="demo">
                            <row>
                                <col sm="6" md="1">
                                    <label value="#" css="font-size: 120%; "/>
                                </col>
                                <col sm="6" md="7">
                                    <label value="SPD% +7" css="font-size: 150%; "/>
                                </col>
                                <col sm="6" md="3">
                                    <label value="% Штрафа" css="font-size: 150%; "/>
                                </col>
                            </row>
                            <row>
                                <col sm="4" md="1">
                                    <label value="1" css="font-size: 120%; "/>
                                </col>
                                <col sm="4" md="7">
                                    <label value="4%" css="font-size: 120%; "/>
                                </col>
                                <col sm="4" md="3">
                                    <label value="	0%" css="font-size: 120%; "/>
                                </col>
                            </row>
                            <row>
                                <col sm="4" md="1">
                                    <label value="2" css="font-size: 120%; "/>
                                </col>
                                <col sm="4" md="7">
                                    <label value='4%-7%' css="font-size: 120%; "/>
                                </col>
                                <col sm="4" md="3">
                                    <label value="25%" css="font-size: 120%; "/>
                                </col>
                            </row>
                            <row>
                                <col sm="4" md="1">
                                    <label value="3" css="font-size: 120%; "/>
                                </col>
                                <col sm="4" md="7">
                                    <label value='7%-10%' css="font-size: 120%; "/>
                                </col>
                                <col sm="4" md="3">
                                    <label value="50%" css="font-size: 120%; "/>
                                </col>
                            </row>
                            <row>
                                <col sm="4" md="1">
                                    <label value="4" css="font-size: 120%; "/>
                                </col>
                                <col sm="4" md="7">
                                    <label value='>10%' css="font-size: 120%; "/>
                                </col>
                                <col sm="4" md="3">
                                    <label value="100%" css="font-size: 120%; "/>
                                </col>
                            </row>
                        </responsiveGridLayout>
                    </flowBox>
                </tab>
            </tabSheet>
        </scrollBox>
    </layout>
</window>