<window xmlns="http://jmix.io/schema/ui/window"
        xmlns:ntf="http://jmix.io/schema/notifications/ui"
        caption="msg://caption">
    <layout expand="workArea">
        <hbox id="header"
              expand="mainMenu"
              margin="false;true;false;true"
              stylename="jmix-app-menubar"
              spacing="true"
              width="100%" css="background-color: #6356C0;">
            <image id="logoImage"
                   align="MIDDLE_CENTER"
                   scaleMode="SCALE_DOWN"
                   stylename="app-icon">
                <resource>
                    <theme path="branding/r360-logo.png"/>
                </resource>
            </image>
            <menu id="mainMenu"
                  align="MIDDLE_LEFT"/>
            <ntf:notificationsIndicator id="ntfIndicator" description="msg://ntfIndicator.description"/>
            <userIndicator id="userIndicator"
                           align="MIDDLE_LEFT"/>
            <timeZoneIndicator id="timeZoneIndicator"
                               align="MIDDLE_LEFT"/>
            <hbox id="mainButtonsBox"
                  align="MIDDLE_LEFT"
                  stylename="jmix-main-buttons">
                <newWindowButton id="newWindowButton"
                                 icon="TH_LARGE"
                                 description="msg://newWindowBtnDescription"/>
                <logoutButton id="logoutButton"
                              description="msg://logoutBtnDescription"
                              icon="SIGN_OUT"/>
            </hbox>
        </hbox>
        <workArea id="workArea"
                  stylename="jmix-workarea"
                  width="100%">
            <initialLayout margin="true" spacing="true">
                <image align="MIDDLE_CENTER" width="50%" scaleMode="FILL">
                    <resource>
                        <theme path="branding/r360_logo_with_slogan.png"/>
                    </resource>
                </image>
            </initialLayout>
        </workArea>
    </layout>
</window>