<?xml version="1.0" encoding="UTF-8"?>
<project version="4">
  <component name="JmixDataStoreSettingsManager">
    <moduleSettings>
      <entry key="kz.eub.mon-cl.main">
        <ModuleSettings>
          <option name="dataStoreOptions">
            <map>
              <entry key="main">
                <value>
                  <DataStoreSettings>
                    <option name="generateDdlType" value="CREATE_AND_UPDATE" />
                    <option name="supportedTypes">
                      <option value="postgres" />
                    </option>
                  </DataStoreSettings>
                </value>
              </entry>
            </map>
          </option>
        </ModuleSettings>
      </entry>
      <entry key="mon-cl.main">
        <ModuleSettings>
          <option name="dataStoreOptionsV2">
            <map>
              <entry key="main">
                <value>
                  <DataStoreSettingsV2>
                    <option name="generateDdlType" value="CREATE_AND_UPDATE" />
                    <option name="nameLengthMode" value="ORACLE" />
                    <option name="supportedTypes">
                      <option value="postgres" />
                    </option>
                  </DataStoreSettingsV2>
                </value>
              </entry>
            </map>
          </option>
        </ModuleSettings>
      </entry>
    </moduleSettings>
  </component>
  <component name="JmixPluginProjectSettings">
    <option name="savedDbProperties">
      <list>
        <SavedDbProperties>
          <option name="databaseName" value="mcl" />
          <option name="dbType" value="hsqlfile" />
          <option name="dbmsVersion" />
          <option name="host" value=".jmix/hsqldb" />
          <option name="url" value="jdbc:hsqldb:file:.jmix/hsqldb/mcl" />
          <option name="user" value="sa" />
        </SavedDbProperties>
      </list>
    </option>
  </component>
  <component name="JmixStudioVersionUpdateSettings">
    <option name="doNotShowAgain" value="true" />
  </component>
</project>