<?xml version="1.0" encoding="UTF-8" standalone="no"?>
<window xmlns="http://jmix.io/schema/ui/window"
        caption="msg://kz.eub.edo.screen.applicationbase/applicationBaseScreen.caption">
    <data>
        <instance id="applicationDc" class="kz.eub.edo.entity.Application">
            <fetchPlan extends="_base">
                <property name="comments" fetchPlan="_base">
                    <property name="author" fetchPlan="_instance_name"/>
                </property>
            </fetchPlan>
            <collection id="commentsDc" property="comments"/>
        </instance>
        <instance id="processInstanceDataDc" class="io.jmix.bpm.entity.ProcessInstanceData"/>
    </data>
    <facets>
        <dataLoadCoordinator auto="true"/>
        <screenSettings id="settingsFacet" auto="true"/>
    </facets>
    <actions>
        <action id="windowClose"
                caption="msg:///actions.Close"
                icon="EDITOR_CANCEL"/>
    </actions>
    <dialogMode height="AUTO"
                width="AUTO"/>
    <layout spacing="true" expand="splitBox">
        <split id="splitBox"
               pos="80" locked="true"
               orientation="horizontal"
               width="100%">
            <vbox id="vboxLeft" width="100%" spacing="true" expand="mainScrollBox" box.expandRatio="0.8">
                <hbox spacing="true" width="100%" margin="false,true,false,false">
                    <label id="title"
                           value="msg://kz.eub.edo.screen.applicationbase/applicationBaseScreen.caption"
                           icon="FILE_TEXT_O"
                           stylename="h2"/>
                    <hbox id="editActions" spacing="true" width="100%">
                        <hbox align="MIDDLE_RIGHT" spacing="true">
                            <button id="revokeBtn" stylename="danger" align="MIDDLE_RIGHT"
                                    caption="msg://kz.eub.edo.screen.applicationbase/revoke" icon="CANCEL"/>
                            <button id="sendBtn" stylename="friendly" align="MIDDLE_RIGHT"
                                    caption="msg://kz.eub.edo.screen.applicationbase/send" icon="font-icon:SEND_O" visible="false"/>
                            <button id="closeBtn" action="windowClose" align="MIDDLE_RIGHT"
                                    stylename="icon-only" icon="font-icon:CLOSE"/>
                        </hbox>
                    </hbox>
                </hbox>
                <scrollBox id="mainScrollBox"
                           spacing="true"
                           margin="false,true,true,false"
                           stylename="well"
                           orientation="vertical"
                           width="100%"
                           contentHeight="100%"
                           contentMaxHeight="100%">
                    <tabSheet id="tabSheet">
                        <tab caption="msg://kz.eub.edo.screen.applicationbase/bpmDiagram.caption"
                             id="bpmFragmentBox"
                             margin="true,false,false,false"
                             spacing="true">
                            <fragment id="bpmFragment"
                                      screen="bpm_BpmnDiagramViewerFragment"
                                      height="500px" width="100%"/>
                        </tab>
                        <tab id="commentsTab"
                             caption="msg://kz.eub.edo.screen.applicationbase/comments"
                             margin="true,false,false,false"
                             expand="commentsTable"
                             spacing="true">
                            <table id="commentsTable"
                                   width="100%" multiLineCells="true"
                                   dataContainer="commentsDc">
                                <actions>
                                    <action id="edit" type="edit" enable="true"/>
                                    <action id="remove" type="remove" enable="true"/>
                                    <action id="view" type="view"/>
                                </actions>
                                <buttonsPanel alwaysVisible="true">
                                    <button id="commentsTableCreateBtn"
                                            caption="msg://kz.eub.edo.screen.applicationbase/addComment"
                                            icon="font-icon:COMMENT"/>
                                    <button id="commentsTableEditBtn" action="commentsTable.edit" enable="false"/>
                                    <button id="commentsTableRemoveBtn" action="commentsTable.remove" enable="false"/>
                                    <button id="commentsTableViewBtn" action="commentsTable.view"/>
                                </buttonsPanel>
                                <columns>
                                    <column id="author"/>
                                    <column id="subject"/>
                                    <column id="comment"/>
                                    <column id="createdDate"/>
                                </columns>
                            </table>
                        </tab>
                    </tabSheet>
                </scrollBox>
            </vbox>
            <vbox expand="rightBox" height="100%" box.expandRatio="0.2">
                <groupBox id="rightBox" responsive="true"
                          spacing="true"
                          orientation="vertical"
                          expand="taskHistoryScrollBox">

                    <vbox id="appInfo" stylename="card">
                        <gridLayout spacing="true"
                                    width="AUTO"
                                    align="MIDDLE_LEFT"
                                    margin="true">
                            <columns count="2"/>
                            <rows>
                                <row>
                                    <label stylename="bold"
                                           value="msg://applicationSn"
                                           align="MIDDLE_LEFT"/>
                                    <label id="reqIdField"
                                           dataContainer="applicationDc"
                                           property="sn"/>
                                </row>
                                <row>
                                    <label stylename="bold"
                                           value="msg://applicationStatus"
                                           align="TOP_LEFT"/>
                                    <label dataContainer="applicationDc"
                                           stylename="c-label"
                                           align="TOP_LEFT"
                                           property="status"/>
                                </row>
                                <row>
                                    <label stylename="bold"
                                           value="msg://kz.eub.edo.screen.applicationbase/processName"
                                           align="MIDDLE_LEFT"/>
                                    <label id="processNameField"
                                           property="processDefinitionName"
                                           dataContainer="processInstanceDataDc"/>
                                </row>
                                <row>
                                    <label stylename="bold"
                                           value="msg://startTime.caption"
                                           align="MIDDLE_LEFT"/>
                                    <label id="startTimeField"
                                           property="startTime"
                                           dataContainer="processInstanceDataDc"/>
                                </row>
                                <row>
                                    <label stylename="bold"
                                           value="msg://endTime.caption"
                                           align="MIDDLE_LEFT"/>
                                    <label id="endTimeField"
                                           property="endTime"
                                           dataContainer="processInstanceDataDc"/>
                                </row>
                            </rows>
                        </gridLayout>
                    </vbox>

                    <fragment id="currentTaskFragment" screen="edo_BpmTaskFragment"/>

                    <scrollBox id="taskHistoryScrollBox" align="TOP_CENTER">
                        <fragment id="taskHistoryFragment"
                                  screen="edo_BpmTaskHistoryFragment" />
                    </scrollBox>
                </groupBox>
            </vbox>
        </split>
    </layout>
</window>