<?xml version="1.0" encoding="UTF-8" standalone="no"?>
<window xmlns="http://jmix.io/schema/ui/window"
        caption="msg://applicationCommentEdit.caption"
        focusComponent="commentForm">
    <data>
        <instance id="applicationCommentDc"
                  class="kz.eub.kpi.entity.ApplicationComment">
            <fetchPlan extends="_base">
                <property name="author" fetchPlan="_base"/>
            </fetchPlan>
            <loader/>
        </instance>
    </data>
    <facets>
        <dataLoadCoordinator auto="true"/>
        <screenSettings id="settingsFacet" auto="true"/>
    </facets>
    <actions>
        <action id="windowCommitAndClose" caption="msg:///actions.Ok"
                icon="EDITOR_OK"
                primary="true"
                shortcut="${COMMIT_SHORTCUT}"/>
        <action id="windowClose"
                caption="msg:///actions.Close"
                icon="EDITOR_CANCEL"/>
    </actions>
    <dialogMode height="AUTO"
                width="AUTO"
                forceDialog="true"/>
    <layout spacing="true" expand="editActions">
        <vbox id="commentFormBox" spacing="true" expand="commentForm" width="100%">
            <form id="commentForm" dataContainer="applicationCommentDc" width="100%">
                <column width="350px">
                    <entityPicker id="authorField" property="author" visible="true" editable="false"/>
                    <textField id="subjectField" property="subject" visible="true"/>
                    <textArea id="commentField" property="comment" visible="true"/>
                </column>
            </form>
        </vbox>
        <hbox id="editActions" spacing="true">
            <button id="commitAndCloseBtn" action="windowCommitAndClose"/>
            <button id="closeBtn" action="windowClose"/>
        </hbox>
    </layout>
</window>
