<?xml version="1.0" encoding="UTF-8" standalone="no"?>
<window xmlns="http://jmix.io/schema/ui/window"
        caption="msg://uniDictCwdbBrowse.caption"
        focusComponent="uniDictCwdbsTable">
    <data readOnly="true">
        <collection id="uniDictCwdbsDc"
                    class="kz.eub.report360.entity.UniDictCwdb">
            <fetchPlan extends="_base"/>
            <loader id="uniDictCwdbsDl">
                <query>
                    <![CDATA[select e from r360_UniDictCwdb e]]>
                </query>
            </loader>
        </collection>
    </data>
    <facets>
        <dataLoadCoordinator auto="true"/>
        <screenSettings id="settingsFacet" auto="true"/>
    </facets>
    <actions>
        <action id="lookupSelectAction"
                caption="msg:///actions.Select"
                icon="LOOKUP_OK"
                primary="true"
                shortcut="${COMMIT_SHORTCUT}"/>
        <action id="lookupCancelAction"
                caption="msg:///actions.Cancel"
                icon="LOOKUP_CANCEL"/>
    </actions>
    <dialogMode height="700px"
                width="1200px"/>
    <layout expand="uniDictCwdbsTable" spacing="true">
        <filter id="filter"
                dataLoader="uniDictCwdbsDl">
            <properties include=".*"/>
        </filter>
        <table id="uniDictCwdbsTable"
                    width="100%"
                    dataContainer="uniDictCwdbsDc"
                    multiselect="true">
            <columns>
                <column id="descr"/>
                <column id="type"/>
                <column id="subtype"/>
                <column id="value"/>
                <column id="idReport"/>
                <column id="nameDemensionCwdb"/>
                <column id="dateBegin"/>
                <column id="dateEnd"/>
                <column id="isActual"/>
                <column id="rowCreationDate"/>
            </columns>
            <simplePagination itemsPerPageUnlimitedOptionVisible="true" itemsPerPageVisible="true"/>
        </table>
        <hbox id="lookupActions" spacing="true" visible="false">
            <button action="lookupSelectAction"/>
            <button action="lookupCancelAction"/>
        </hbox>
    </layout>
</window>
