<?xml version="1.0" encoding="UTF-8" standalone="no"?>
<window xmlns="http://jmix.io/schema/ui/window"
        caption="msg://competitionView.caption">
    <data>
        <collection id="userDc"
                    class="kz.eub.kpi.entity.Accounts"/>
        <collection id="competitionDc"
                    class="kz.eub.kpi.entity.Competition">
            <loader id="competitionDl">
                <query>
                    <![CDATA[select e from kpi_Competition e]]>
                </query>
            </loader>
        </collection>
    </data>
    <layout>
        <scrollBox height="100%" width="100%">
            <groupBox height="100%" width="70%" align="TOP_CENTER">
                <vbox width="100%" align="MIDDLE_CENTER">
                    <hbox height="50" width="100%" align="MIDDLE_CENTER">
                        <label align="MIDDLE_CENTER" value="Перед публикацией необходимо заполнить все поля"
                               icon="font-icon:EXCLAMATION_CIRCLE"
                               css="icon-color: blue; font-size: 150%"/>
                    </hbox>
                    <hbox height="50"/>
                    <hbox width="100%" height="20">
                        <label align="MIDDLE_CENTER" value="Общая информация"
                               css="font-size: 150%"/>
                        <label align="MIDDLE_LEFT" value="Настройка конкурса"
                               css="font-size: 150%"/>
                    </hbox>
                    <hbox height="20"/>
                    <hbox width="100%" height="700" align="MIDDLE_CENTER">
                        <vbox width="100%">
                            <vbox align="MIDDLE_CENTER" width="100%">
<!--                                <label id="competitionTitleId" align="MIDDLE_CENTER" description="Название конкурса"/>-->
                                <textField id="competitionTitleId" editable="false" caption="Название конкурса" align="MIDDLE_CENTER"/>
                            </vbox>
                            <hbox height="20"/>
                            <vbox align="MIDDLE_CENTER">
<!--                                <label id="descriptionId" align="MIDDLE_CENTER" description="Описание конкурса"/>-->
                                <textArea id="descriptionId" align="MIDDLE_CENTER" caption="Описание конкурса"/>
                            </vbox>
                            <hbox height="20"/>
                            <vbox align="MIDDLE_CENTER">
<!--                                <label id="conditionId"/>-->
                                <textArea id="conditionId" align="MIDDLE_CENTER" caption="Условия конкурса"/>
                            </vbox>
                            <hbox height="20"/>
                            <vbox align="MIDDLE_CENTER">
<!--                                <label id="sloganId"/>-->
                                <textField id="sloganId" align="MIDDLE_CENTER" caption="Слоган конкурса"/>
                            </vbox>
                        </vbox>
                        <vbox>
                            <label align="MIDDLE_LEFT" value="Период проведения"
                                   css="font-size: 100%" stylename="bold"/>
                            <hbox width="50%" spacing="false" align="TOP_LEFT">
                                <label id="dateStartId" height="50" align="TOP_LEFT"/>
<!--                                <dateField id="dateStart"  datatype="date" dateFormat="dd-MM-yyyy" autofill="true"-->
<!--                                           height="50" align="TOP_LEFT" caption=""/>-->
                                <label id="dateEndId" height="50" align="TOP_LEFT"/>
<!--                                <dateField-->
<!--                                        id="dateEnd" dateFormat="dd-MM-yyyy" datatype="date" autofill="true"-->
<!--                                        caption="" align="TOP_LEFT" height="50"/>-->
                            </hbox>
                            <hbox height="20"/>
                            <vbox>
                                <label align="TOP_LEFT" value="Тип конкурса"
                                       css="font-size: 100%" stylename="bold"/>
                                <hbox width="50%" spacing="false" align="TOP_LEFT">
                                    <label height="50" width="100%" align="TOP_LEFT" id="typeID"/>
<!--                                    <button id="individualBtn" height="50" width="100%" align="TOP_LEFT" caption="Индивидуальный"/>-->
<!--                                    <button id="teamBtn" caption="Командный" width="100%" align="TOP_LEFT" height="50"/>-->
                                </hbox>
                            </vbox>
                            <hbox height="20"/>
                            <vbox>
                                <label align="TOP_LEFT" value="Участники конкурса"
                                       css="font-size: 100%" stylename="bold"/>
                                <hbox width="50%" spacing="false" align="TOP_LEFT">
<!--                                    <label id="positionId"/>-->
                                    <textField id="positionId" align="MIDDLE_CENTER" caption="Должность"/>
                                </hbox>
                                <hbox height="20"/>
                                <hbox width="50%" spacing="false" align="TOP_LEFT">
<!--                                    <label id="branchId"/>-->
                                    <textField id="branchId" align="MIDDLE_CENTER" caption="Филиал"/>
                                </hbox>
                                <hbox id="userListWidget" visible="false" width="100%" align="TOP_CENTER" spacing="true">
                                    <hbox height="100%" width="100%">
                                        <groupTable id="accountUserTable"
                                                    width="100%" height="300"
                                                    dataContainer="userDc">
                                            <columns>
                                                <column id="profileId.firstname" caption="Имя"/>
                                                <column id="profileId.lastname" caption="Фамилия"/>
                                            </columns>
                                        </groupTable>
                                    </hbox>
                                </hbox>

                            </vbox>
                            <hbox height="20"/>
                        </vbox>
                    </hbox>
                </vbox>

            </groupBox>
        </scrollBox>
    </layout>
</window>