<?xml version="1.0" encoding="UTF-8" standalone="no"?>
<window xmlns="http://jmix.io/schema/ui/window"
        xmlns:c="http://jmix.io/schema/ui/jpql-condition"
        caption="msg://unitBrowse.caption"
        focusComponent="unitsTable">
    <data readOnly="true">
        <collection id="unitsDc"
                    class="kz.eub.kpi.entity.Unit">
            <fetchPlan extends="_base"/>
            <loader id="unitsDl">
                <query>
                    <![CDATA[select e from kpi_Unit e]]>
                </query>
            </loader>
        </collection>
    </data>
    <facets>
        <dataLoadCoordinator auto="true"/>
        <screenSettings id="settingsFacet" auto="true"/>
    </facets>
    <actions>
        <action id="lookupSelectAction"
                caption="msg:///actions.Select"
                icon="LOOKUP_OK"
                primary="true"
                shortcut="${COMMIT_SHORTCUT}"/>
        <action id="lookupCancelAction"
                caption="msg:///actions.Cancel"
                icon="LOOKUP_CANCEL"/>
    </actions>
    <dialogMode height="600"
                width="800"/>
    <layout expand="unitsTable" spacing="true">
        <filter id="filter"
                dataLoader="unitsDl">
            <properties include=".*"/>
        </filter>
        <groupTable id="unitsTable"
                    width="100%"
                    dataContainer="unitsDc">
            <actions>
                <action id="create" type="create"/>
                <action id="edit" type="edit"/>
                <action id="remove" type="remove"/>
            </actions>
            <columns>
                <column id="id"/>
                <column id="name"/>
                <column id="code"/>
            </columns>
            <simplePagination/>
            <buttonsPanel id="buttonsPanel"
                          alwaysVisible="true">
                <button id="createBtn" action="unitsTable.create"/>
                <button id="editBtn" action="unitsTable.edit"/>
                <button id="removeBtn" action="unitsTable.remove"/>
            </buttonsPanel>
        </groupTable>
        <hbox id="lookupActions" spacing="true" visible="false">
            <button action="lookupSelectAction"/>
            <button action="lookupCancelAction"/>
        </hbox>
    </layout>
</window>
