<?xml version="1.0" encoding="UTF-8" standalone="no"?>
<window xmlns="http://jmix.io/schema/ui/window"
        xmlns:c="http://jmix.io/schema/ui/jpql-condition"
        caption="msg://generalReportsBrowse.caption"
        xmlns:ext="http://jmix.io/schema/ui/window-ext"
        focusComponent="generalReportsesTable">
    <data readOnly="true">
        <collection id="generalReportsesDc"
                    class="kz.eub.moncl.entity.GeneralReports">
            <fetchPlan extends="_base"/>
            <loader id="generalReportsesDl">
                <query>
                    <![CDATA[select e from mcl_GeneralReports e]]>
                </query>
            </loader>
        </collection>
    </data>
    <facets>
        <dataLoadCoordinator auto="true"/>
        <screenSettings id="settingsFacet" auto="true"/>
    </facets>
    <actions>
        <action id="lookupSelectAction"
                caption="msg:///actions.Select"
                icon="LOOKUP_OK"
                primary="true"
                shortcut="${COMMIT_SHORTCUT}"/>
        <action id="lookupCancelAction"
                caption="msg:///actions.Cancel"
                icon="LOOKUP_CANCEL"/>
    </actions>
    <dialogMode height="600"
                width="800"/>
    <layout spacing="true">
        <vbox id="vbox" spacing="true">
            <filter id="filter"
                    dataLoader="generalReportsesDl">
                <properties include=".*"/>
                <configurations>
                    <configuration id="groupFilter"
                                   name="Фильтр в промежутке дат"
                                   default="true">
                        <groupFilter operation="AND">
                            <propertyFilter property="date"
                                            operation="GREATER_OR_EQUAL"
                                            operationEditable="true"
                                            caption="Дата от"/>
                            <propertyFilter property="date"
                                            operation="LESS_OR_EQUAL"
                                            operationEditable="true"
                                            caption="Дата до"/>
                        </groupFilter>
                    </configuration>
                </configurations>
            </filter>
            <dataGrid id="generalReportsesTable"
                        width="100%"
                        height="500"
                        dataContainer="generalReportsesDc">
                <actions>
                    <action id="create" type="create"/>
                    <action id="edit" type="edit"/>
                    <action id="remove" type="remove"/>
                    <action id="excelExport" type="excelExport"/>
                </actions>
                <columns>
                    <column id="date" property="date"/>
                    <column id="systemName" property="systemName"/>
                    <column id="taskName" property="taskName"/>
                    <column id="priority" property="priority"/>
                    <column id="scheduledStartTime" property="scheduledStartTime"/>
                    <column id="scheduledEndTime" property="scheduledEndTime"/>
                    <column id="actualStartTime" property="actualStartTime"/>
                    <column id="actualEndTime" property="actualEndTime"/>
                    <column id="comment" property="comment"/>
                    <column id="delayTimeAmountHours" property="delayTimeAmountHours"/>
                    <column id="status" property="status"/>
                    <column id="fullName" property="fullName"/>
                </columns>
                <simplePagination/>
                <buttonsPanel id="buttonsPanel"
                              alwaysVisible="true">
                    <button id="createBtn" action="generalReportsesTable.create" visible="false"/>
                    <button id="editBtn" action="generalReportsesTable.edit" visible="false"/>
                    <button id="removeBtn" action="generalReportsesTable.remove" visible="false"/>
                    <button id="mclGeneralReportsTableExcelExportBtn" action="generalReportsesTable.excelExport"
                            caption="msg://excelExportBtn.caption"/>
                </buttonsPanel>
            </dataGrid>
        </vbox>
        <hbox id="lookupActions" spacing="true" visible="false">
            <button action="lookupSelectAction"/>
            <button action="lookupCancelAction"/>
        </hbox>
    </layout>
</window>
