<?xml version="1.0" encoding="UTF-8" standalone="no"?>
<window xmlns="http://jmix.io/schema/ui/window"
        caption="msg://generalReportsEdit.caption"
        focusComponent="form">
    <data>
        <instance id="generalReportsDc"
                  class="kz.eub.moncl.entity.GeneralReports">
            <fetchPlan extends="_base"/>
            <loader/>
        </instance>
    </data>
    <facets>
        <dataLoadCoordinator auto="true"/>
        <screenSettings id="settingsFacet" auto="true"/>
    </facets>
    <actions>
        <action id="windowCommitAndClose" caption="msg:///actions.Ok"
                icon="EDITOR_OK"
                primary="true"
                shortcut="${COMMIT_SHORTCUT}"/>
        <action id="windowClose"
                caption="msg:///actions.Close"
                icon="EDITOR_CANCEL"/>
    </actions>
    <dialogMode height="600"
                width="800"/>
    <layout spacing="true" expand="scrollBox">
        <scrollBox id="scrollBox" spacing="true">
            <form id="form" dataContainer="generalReportsDc">
                <column width="350px">
                    <dateField id="dateField" property="date"/>
                    <textField id="systemNameField" property="systemName"/>
                    <textField id="taskNameField" property="taskName"/>
                    <comboBox id="priorityField" property="priority"/>
                    <timeField id="scheduledStartTimeField" property="scheduledStartTime"/>
                    <timeField id="scheduledEndTimeField" property="scheduledEndTime"/>
                    <timeField id="actualStartTimeField" property="actualStartTime"/>
                    <timeField id="actualEndTimeField" property="actualEndTime"/>
                    <textField id="commentField" property="comment"/>
                    <textField id="delayTimeAmountHoursField" property="delayTimeAmountHours"/>
                    <textField id="delayTimeAmountMinutesField" property="delayTimeAmountMinutes"/>
                    <comboBox id="statusField" property="status"/>
                    <textArea id="fullNameField" property="fullName" rows="5"/>
                </column>
            </form>
        </scrollBox>
        <hbox id="editActions" spacing="true">
            <button id="commitAndCloseBtn" action="windowCommitAndClose"/>
            <button id="closeBtn" action="windowClose"/>
        </hbox>
    </layout>
</window>
