<?xml version="1.0" encoding="UTF-8" standalone="no"?>
<window xmlns="http://jmix.io/schema/ui/window"
        caption="msg://dictRecoverySnpEdit.caption"
        focusComponent="form">
    <data>
        <instance id="dictRecoverySnpDc"
                  class="kz.eub.report360.entity.DictRecoverySnp">
            <fetchPlan extends="_base"/>
            <loader/>
        </instance>
    </data>
    <facets>
        <dataLoadCoordinator auto="true"/>
        <screenSettings id="settingsFacet" auto="true"/>
    </facets>
    <actions>
        <action id="windowCommitAndClose" caption="msg:///actions.Ok"
                icon="EDITOR_OK"
                primary="true"
                shortcut="${COMMIT_SHORTCUT}"/>
        <action id="windowClose"
                caption="msg:///actions.Close"
                icon="EDITOR_CANCEL"/>
    </actions>
    <dialogMode height="AUTO"
                forceDialog="true"
                width="AUTO"/>
    <layout spacing="true" expand="editActions">
        <form id="form" dataContainer="dictRecoverySnpDc">
            <column width="350px">
                <textField id="codeField" property="code"/>
                <textField id="nameField" property="name"/>
                <textField id="valuesField" property="values"/>
                <textField id="uniformityField" property="uniformity"/>
                <textField id="ulSignField" property="ulSign"/>
                <dateField id="startDateField" property="startDate"/>
                <dateField id="endDateField" property="endDate"/>
                <textField id="isActualField" property="isActual"/>
                <dateField id="changeDateField" property="changeDate"/>
                <textField id="userField" property="user"/>
            </column>
        </form>
        <hbox id="editActions" spacing="true">
            <button id="commitAndCloseBtn" action="windowCommitAndClose"/>
            <button id="closeBtn" action="windowClose"/>
        </hbox>
    </layout>
</window>
