<?xml version="1.0" encoding="UTF-8" standalone="no"?>
<window xmlns="http://jmix.io/schema/ui/window"
        xmlns:c="http://jmix.io/schema/ui/jpql-condition"
        caption="msg://exceptionalPozProductsDictionaryBrowse.caption"
        focusComponent="exceptionalPozProductsDictionariesTable">
    <data readOnly="true">
        <collection id="exceptionalPozProductsDictionariesDc"
                    class="kz.eub.rm.entity.dwh.ExceptionalPozProductsDictionary">
            <fetchPlan extends="_base">
                <property name="prdId" fetchPlan="_base"/>
                <property name="user" fetchPlan="_base"/>
            </fetchPlan>
            <loader id="exceptionalPozProductsDictionariesDl">
                <query>
                    <![CDATA[select e from rm_ExceptionalPozProductsDictionary e]]>
                </query>
            </loader>
        </collection>
    </data>
    <facets>
        <dataLoadCoordinator auto="true"/>
        <screenSettings id="settingsFacet" auto="true"/>
    </facets>
    <actions>
        <action id="lookupSelectAction"
                caption="msg:///actions.Select"
                icon="LOOKUP_OK"
                primary="true"
                shortcut="${COMMIT_SHORTCUT}"/>
        <action id="lookupCancelAction"
                caption="msg:///actions.Cancel"
                icon="LOOKUP_CANCEL"/>
    </actions>
    <dialogMode height="600"
                width="800"/>
    <layout expand="exceptionalPozProductsDictionariesTable" spacing="true">
        <filter id="filter"
                dataLoader="exceptionalPozProductsDictionariesDl">
            <properties include=".*"/>
        </filter>
        <groupTable id="exceptionalPozProductsDictionariesTable"
                    width="100%"
                    dataContainer="exceptionalPozProductsDictionariesDc"
                    multiselect="true">
            <actions>
                <action id="create" type="create"/>
                <action id="edit" type="edit"/>
                <action id="remove" type="remove"/>
                <action id="excelExport" type="excelExport"/>
            </actions>
            <columns>
                <column id="changeDate"/>
                <column id="startDate"/>
                <column id="endDate"/>
                <column id="rowStatus"/>
                <column id="prdId"/>
                <column id="user"/>
            </columns>
            <simplePagination itemsPerPageUnlimitedOptionVisible="true" itemsPerPageVisible="true"/>
            <buttonsPanel id="buttonsPanel"
                          alwaysVisible="true">
                <button id="createBtn" action="exceptionalPozProductsDictionariesTable.create"/>
                <button id="editBtn" action="exceptionalPozProductsDictionariesTable.edit"/>
                <button id="removeBtn" action="exceptionalPozProductsDictionariesTable.remove"/>
                <button id="excelExport" action="exceptionalPozProductsDictionariesTable.excelExport"/>
            </buttonsPanel>
        </groupTable>
        <hbox id="lookupActions" spacing="true" visible="false">
            <button action="lookupSelectAction"/>
            <button action="lookupCancelAction"/>
        </hbox>
    </layout>
</window>
