<?xml version="1.0" encoding="UTF-8" standalone="no"?>
<window xmlns="http://jmix.io/schema/ui/window"
        caption="msg://pointUserEdit.caption"
        focusComponent="form">
    <data>
        <instance id="pointUserDc"
                  class="kz.eub.kpi.entity.PointUser">
            <fetchPlan extends="_base"/>
            <loader/>
        </instance>
    </data>
    <facets>
        <dataLoadCoordinator auto="true"/>
        <screenSettings id="settingsFacet" auto="true"/>
    </facets>
    <actions>
        <action id="windowCommitAndClose" caption="msg:///actions.Ok"
                icon="EDITOR_OK"
                primary="true"
                shortcut="${COMMIT_SHORTCUT}"/>
        <action id="windowClose"
                caption="msg:///actions.Close"
                icon="EDITOR_CANCEL"/>
    </actions>
    <dialogMode height="600"
                width="800"/>
    <layout spacing="true" expand="editActions">
        <form id="form" dataContainer="pointUserDc">
            <column width="350px">
                <textField id="account_idField" property="accountId"/>
                <textField id="point_typeField" property="pointType"/>
                <textField id="type_idField" property="typeId"/>
                <textField id="planField" property="plan"/>
                <textField id="valueField" property="value"/>
                <textField id="ratioField" property="ratio"/>
                <textField id="entity_classField" property="entityClass"/>
                <textField id="entity_idField" property="entityId"/>
                <dateField id="created_atField" property="createdAt"/>
                <textField id="descriptionField" property="description"/>
            </column>
        </form>
        <hbox id="editActions" spacing="true">
            <button id="commitAndCloseBtn" action="windowCommitAndClose"/>
            <button id="closeBtn" action="windowClose"/>
        </hbox>
    </layout>
</window>
