<?xml version="1.0" encoding="UTF-8" standalone="no"?>
<window xmlns="http://jmix.io/schema/ui/window"
        xmlns:c="http://jmix.io/schema/ui/jpql-condition"
        caption="msg://pointUserBrowse.caption"
        focusComponent="pointUsersTable">
    <data readOnly="true">

        <instance id="pointTypeDC"
                  class="kz.eub.kpi.entity.PointType"
                  fetchPlan="_local"/>
        <collection id="pointUsersDc"
                    class="kz.eub.kpi.entity.PointUser">
            <fetchPlan extends="_base"/>
            <loader id="pointUsersDl">
                <query>
                    <![CDATA[select e from kpi_PointUser e]]>
                </query>
            </loader>
        </collection>
    </data>
    <facets>
        <dataLoadCoordinator auto="true"/>
        <screenSettings id="settingsFacet" auto="true"/>
    </facets>
    <actions>
        <action id="lookupSelectAction"
                caption="msg:///actions.Select"
                icon="LOOKUP_OK"
                primary="true"
                shortcut="${COMMIT_SHORTCUT}"/>
        <action id="lookupCancelAction"
                caption="msg:///actions.Cancel"
                icon="LOOKUP_CANCEL"/>
    </actions>
    <dialogMode height="600"
                width="800"/>
    <layout expand="pointUsersTable" spacing="true">
        <hbox spacing="true">
            <comboBox
                    id="comboBoxId" dataContainer="pointTypeDC"
                    property="name"
                    caption="Отчет по: "/>
        </hbox>
        <groupTable id="pointUsersTable"
                    width="100%"
                    dataContainer="pointUsersDc">
            <actions>
                <action id="create" type="create"/>
                <action id="edit" type="edit"/>
                <action id="remove" type="remove"/>
            </actions>
            <columns>
                <column id="accountId"/>
                <column id="pointType"/>
                <column id="typeId"/>
                <column id="plan"/>
                <column id="value"/>
                <column id="ratio"/>
                <column id="entityClass"/>
                <column id="entityId"/>
                <column id="createdAt"/>
                <column id="description"/>
            </columns>
            <simplePagination/>
            <buttonsPanel id="buttonsPanel"
                          alwaysVisible="true">
                <button id="createBtn" action="pointUsersTable.create"/>
                <button id="editBtn" action="pointUsersTable.edit"/>
                <button id="removeBtn" action="pointUsersTable.remove"/>
            </buttonsPanel>
        </groupTable>
        <hbox id="lookupActions" spacing="true" visible="false">
            <button action="lookupSelectAction"/>
            <button action="lookupCancelAction"/>
        </hbox>
    </layout>
</window>
