<?xml version="1.0" encoding="UTF-8"?>
<definitions xmlns="http://www.omg.org/spec/BPMN/20100524/MODEL" xmlns:xsi="http://www.w3.org/2001/XMLSchema-instance" xmlns:bpmndi="http://www.omg.org/spec/BPMN/20100524/DI" xmlns:jmix="http://jmix.io/schema/bpm/bpmn" xmlns:omgdc="http://www.omg.org/spec/DD/20100524/DC" xmlns:omgdi="http://www.omg.org/spec/DD/20100524/DI" xmlns:flowable="http://flowable.org/bpmn" xmlns:xsd="http://www.w3.org/2001/XMLSchema" targetNamespace="http://www.flowable.org/processdef" xsi:schemaLocation="http://www.omg.org/spec/BPMN/20100524/MODEL http://www.omg.org/spec/BPMN/2.0/20100501/BPMN20.xsd">
  <collaboration id="Collaboration_KpiAssessment" name="Оценка цели КПЭ">
    <participant id="Participant_KpiAssessment" name="Оценка цели КПЭ" processRef="kpi-card-assessment" />
  </collaboration>
  <process id="kpi-card-assessment" name="Оценка цели КПЭ" isExecutable="true">
    <extensionElements>
      <jmix:conditionDetails conditionSource="userTaskOutcome" />
    </extensionElements>
    <laneSet id="LaneSet_0vj5rkd">
      <lane id="Lane_00w3agp" name="Согласование ГБ и Бизнес владельца">
        <flowNodeRef>Gateway_0gl5ypb</flowNodeRef>
        <flowNodeRef>busOwnerApproval</flowNodeRef>
        <flowNodeRef>Activity_118rjtf</flowNodeRef>
        <flowNodeRef>Activity_1bzb0e8</flowNodeRef>
        <flowNodeRef>Gateway_1c5x7w7</flowNodeRef>
        <flowNodeRef>Gateway_0a7dhmt</flowNodeRef>
        <flowNodeRef>Activity_0ki7c01</flowNodeRef>
        <flowNodeRef>Gateway_1gh509l</flowNodeRef>
        <flowNodeRef>Activity_0xyl1gr</flowNodeRef>
        <flowNodeRef>hqCardMassApproval</flowNodeRef>
        <flowNodeRef>Gateway_0nejhfd</flowNodeRef>
      </lane>
      <lane id="Lane_11dkwic" name="Подразделение">
        <extensionElements>
          <jmix:assignmentDetails assigneeSource="expression" candidateUsersSource="users" candidateGroupsSource="userGroups" />
        </extensionElements>
        <flowNodeRef>startEvent1</flowNodeRef>
        <flowNodeRef>Gateway_1cu6mp0</flowNodeRef>
        <flowNodeRef>Activity_0b8vh0q</flowNodeRef>
        <flowNodeRef>supervisorCardMassApproval</flowNodeRef>
        <flowNodeRef>Gateway_0tq80zb</flowNodeRef>
        <flowNodeRef>Activity_0npwbbe</flowNodeRef>
        <flowNodeRef>Gateway_13zsjc3</flowNodeRef>
        <flowNodeRef>Activity_0p6p2un</flowNodeRef>
        <flowNodeRef>Gateway_1jwbz2w</flowNodeRef>
        <flowNodeRef>Gateway_1mqclug</flowNodeRef>
        <flowNodeRef>Gateway_0l9vdwl</flowNodeRef>
        <flowNodeRef>Gateway_1co5o3m</flowNodeRef>
        <flowNodeRef>Gateway_1j95yv4</flowNodeRef>
        <flowNodeRef>Gateway_0iiuehz</flowNodeRef>
        <flowNodeRef>Activity_033qc2t</flowNodeRef>
        <flowNodeRef>curatorCardMassApproval</flowNodeRef>
        <flowNodeRef>Gateway_0o6j0s8</flowNodeRef>
        <flowNodeRef>Gateway_1t1ojy4</flowNodeRef>
        <flowNodeRef>Activity_0dh1b6o</flowNodeRef>
        <flowNodeRef>Activity_0lls3yh</flowNodeRef>
        <flowNodeRef>Gateway_092903h</flowNodeRef>
        <flowNodeRef>Gateway_10ag3pw</flowNodeRef>
        <flowNodeRef>Activity_0owwsxg</flowNodeRef>
        <flowNodeRef>Gateway_1gopavq</flowNodeRef>
        <flowNodeRef>Gateway_0rhngkf</flowNodeRef>
      </lane>
      <lane id="Lane_0022kzm" name="HR">
        <extensionElements>
          <jmix:assignmentDetails assigneeSource="expression" candidateUsers="" candidateUsersValue="" candidateUsersSource="users" candidateGroupsSource="userGroups" />
        </extensionElements>
        <flowNodeRef>Activity_05qjf33</flowNodeRef>
        <flowNodeRef>Activity_1qwo37k</flowNodeRef>
        <flowNodeRef>Event_0rzl9d5</flowNodeRef>
        <flowNodeRef>Activity_1uqqn9j</flowNodeRef>
      </lane>
      <lane id="Lane_0gm37qn" name="Cогласование ФД">
        <flowNodeRef>Gateway_0tprjoz</flowNodeRef>
        <flowNodeRef>Gateway_0en0m1w</flowNodeRef>
      </lane>
      <lane id="Lane_0kwkdae">
        <flowNodeRef>Activity_0z3cl78</flowNodeRef>
        <flowNodeRef>spGoalMassApproval</flowNodeRef>
        <flowNodeRef>Gateway_0w5xui9</flowNodeRef>
      </lane>
    </laneSet>
    <sequenceFlow id="Flow_0bzl6fv" sourceRef="Gateway_13zsjc3" targetRef="Activity_0npwbbe">
      <extensionElements>
        <jmix:conditionDetails conditionSource="expression" />
      </extensionElements>
    </sequenceFlow>
    <sequenceFlow id="Flow_06c7c0h" sourceRef="Activity_0npwbbe" targetRef="Activity_0b8vh0q">
      <extensionElements>
        <jmix:conditionDetails conditionSource="expression" />
      </extensionElements>
    </sequenceFlow>
    <sequenceFlow id="Flow_0zl1yqb" sourceRef="startEvent1" targetRef="Gateway_1cu6mp0">
      <extensionElements>
        <jmix:conditionDetails conditionSource="expression" />
      </extensionElements>
    </sequenceFlow>
    <sequenceFlow id="Flow_0m036a6" sourceRef="supervisorCardMassApproval" targetRef="Gateway_0tq80zb">
      <extensionElements>
        <jmix:conditionDetails conditionSource="expression" />
      </extensionElements>
    </sequenceFlow>
    <sequenceFlow id="Flow_0t4xzcz" sourceRef="curatorCardMassApproval" targetRef="Gateway_0o6j0s8">
      <extensionElements>
        <jmix:conditionDetails conditionSource="expression" />
      </extensionElements>
    </sequenceFlow>
    <sequenceFlow id="Flow_0zb4ioj" sourceRef="Gateway_0o6j0s8" targetRef="Gateway_1t1ojy4">
      <extensionElements>
        <jmix:conditionDetails conditionSource="userTaskOutcome" conditionType="anyoneCompleted" userTaskId="curatorCardMassApproval" userTaskOutcome="approve" />
      </extensionElements>
      <conditionExpression xsi:type="tFormalExpression">${execution.getVariable('curatorCardMassApproval_result') != null &amp;&amp; bpm_UserTaskResults.containsOutcome(execution.getVariable('curatorCardMassApproval_result'), 'approve')}</conditionExpression>
    </sequenceFlow>
    <sequenceFlow id="Flow_0do39l1" sourceRef="Gateway_0o6j0s8" targetRef="Gateway_1j95yv4">
      <extensionElements>
        <jmix:conditionDetails conditionSource="userTaskOutcome" conditionType="anyoneCompleted" userTaskId="curatorCardMassApproval" userTaskOutcome="reject" />
      </extensionElements>
    </sequenceFlow>
    <sequenceFlow id="Flow_1j6rqjl" sourceRef="Gateway_1cu6mp0" targetRef="Gateway_1jwbz2w" />
    <sequenceFlow id="Flow_1bhf2we" sourceRef="Activity_0b8vh0q" targetRef="Gateway_1cu6mp0" />
    <sequenceFlow id="Flow_11z6gz6" sourceRef="Activity_0p6p2un" targetRef="supervisorCardMassApproval" />
    <sequenceFlow id="Flow_1eli1ad" sourceRef="Activity_033qc2t" targetRef="curatorCardMassApproval" />
    <sequenceFlow id="Flow_1xqg221" sourceRef="Gateway_0l9vdwl" targetRef="Activity_118rjtf">
      <extensionElements>
        <jmix:conditionDetails conditionSource="expression" />
      </extensionElements>
      <conditionExpression xsi:type="tFormalExpression">${businessModer != null}</conditionExpression>
    </sequenceFlow>
    <sequenceFlow id="Flow_0zsvcyb" sourceRef="Gateway_1co5o3m" targetRef="Gateway_0iiuehz" />
    <sequenceFlow id="Flow_0c5zq0f" sourceRef="busOwnerApproval" targetRef="Gateway_0gl5ypb" />
    <sequenceFlow id="Flow_1w7paf8" sourceRef="Gateway_0l9vdwl" targetRef="Gateway_1co5o3m">
      <extensionElements>
        <jmix:conditionDetails conditionSource="expression" />
      </extensionElements>
    </sequenceFlow>
    <sequenceFlow id="Flow_05pp9ur" sourceRef="Gateway_1j95yv4" targetRef="Gateway_13zsjc3" />
    <sequenceFlow id="Flow_118cczo" sourceRef="Gateway_0gl5ypb" targetRef="Gateway_1co5o3m">
      <extensionElements>
        <jmix:conditionDetails conditionSource="userTaskOutcome" conditionType="anyoneCompleted" userTaskId="busOwnerApproval" userTaskOutcome="approve" />
      </extensionElements>
      <conditionExpression xsi:type="tFormalExpression">${execution.getVariable('busOwnerApproval_result') != null &amp;&amp; bpm_UserTaskResults.containsOutcome(execution.getVariable('busOwnerApproval_result'), 'approve')}</conditionExpression>
    </sequenceFlow>
    <sequenceFlow id="Flow_0aj1yu6" sourceRef="Activity_0owwsxg" targetRef="Activity_05qjf33">
      <extensionElements>
        <jmix:conditionDetails conditionSource="expression" />
      </extensionElements>
    </sequenceFlow>
    <sequenceFlow id="Flow_1loft8g" sourceRef="Activity_05qjf33" targetRef="Activity_1uqqn9j" />
    <sequenceFlow id="Flow_1dpxzky" sourceRef="Activity_0dh1b6o" targetRef="Gateway_092903h" />
    <sequenceFlow id="Flow_1qbos7g" sourceRef="hqCardMassApproval" targetRef="Gateway_0nejhfd" />
    <sequenceFlow id="Flow_009nbt8" sourceRef="Gateway_0rhngkf" targetRef="Gateway_1j95yv4">
      <extensionElements>
        <jmix:conditionDetails conditionSource="expression" />
      </extensionElements>
    </sequenceFlow>
    <sequenceFlow id="Flow_1q4raos" sourceRef="Gateway_1gopavq" targetRef="Activity_0owwsxg" />
    <sequenceFlow id="Flow_18uta69" sourceRef="Gateway_0nejhfd" targetRef="Gateway_1gopavq">
      <extensionElements>
        <jmix:conditionDetails conditionSource="userTaskOutcome" conditionType="anyoneCompleted" userTaskId="hqMassCardApproval" userTaskOutcome="approve" />
      </extensionElements>
      <conditionExpression xsi:type="tFormalExpression">${execution.getVariable('hqMassCardApproval_result') != null &amp;&amp; bpm_UserTaskResults.containsOutcome(execution.getVariable('hqMassCardApproval_result'), 'approve')}</conditionExpression>
    </sequenceFlow>
    <sequenceFlow id="Flow_094ukqf" sourceRef="spGoalMassApproval" targetRef="Gateway_0w5xui9">
      <extensionElements>
        <jmix:conditionDetails conditionSource="expression" />
      </extensionElements>
    </sequenceFlow>
    <sequenceFlow id="Flow_0n2yh7j" sourceRef="Gateway_092903h" targetRef="Gateway_0a7dhmt">
      <extensionElements>
        <jmix:conditionDetails conditionSource="expression" />
      </extensionElements>
    </sequenceFlow>
    <sequenceFlow id="Flow_1436pal" sourceRef="Gateway_0nejhfd" targetRef="Gateway_0rhngkf">
      <extensionElements>
        <jmix:conditionDetails conditionSource="userTaskOutcome" conditionType="anyoneCompleted" userTaskId="hqMassCardApproval" userTaskOutcome="reject" />
      </extensionElements>
    </sequenceFlow>
    <sequenceFlow id="Flow_1wf95xh" sourceRef="Gateway_092903h" targetRef="Activity_1bzb0e8">
      <extensionElements>
        <jmix:conditionDetails conditionSource="expression" />
      </extensionElements>
      <conditionExpression xsi:type="tFormalExpression">${isBrachEmpl == true}</conditionExpression>
    </sequenceFlow>
    <sequenceFlow id="Flow_07cmtpo" sourceRef="Activity_118rjtf" targetRef="busOwnerApproval" />
    <sequenceFlow id="Flow_11hyd08" sourceRef="Activity_1qwo37k" targetRef="Event_0rzl9d5">
      <extensionElements>
        <jmix:conditionDetails conditionSource="expression" />
      </extensionElements>
    </sequenceFlow>
    <sequenceFlow id="Flow_1yszkag" sourceRef="Activity_1uqqn9j" targetRef="Gateway_0tprjoz" />
    <sequenceFlow id="Flow_0rij9qs" sourceRef="Activity_0z3cl78" targetRef="spGoalMassApproval">
      <extensionElements>
        <jmix:conditionDetails conditionSource="expression" />
      </extensionElements>
    </sequenceFlow>
    <sequenceFlow id="Flow_0953577" sourceRef="Gateway_0w5xui9" targetRef="Gateway_0en0m1w">
      <extensionElements>
        <jmix:conditionDetails conditionSource="userTaskOutcome" conditionType="anyoneCompleted" userTaskId="spGoalMassApproval" userTaskOutcome="approve" />
      </extensionElements>
      <conditionExpression xsi:type="tFormalExpression">${execution.getVariable('spGoalMassApproval_result') != null &amp;&amp; bpm_UserTaskResults.containsOutcome(execution.getVariable('spGoalMassApproval_result'), 'approve')}</conditionExpression>
    </sequenceFlow>
    <sequenceFlow id="Flow_1hetzm6" sourceRef="Gateway_0w5xui9" targetRef="Gateway_0rhngkf">
      <extensionElements>
        <jmix:conditionDetails conditionSource="userTaskOutcome" conditionType="anyoneCompleted" userTaskId="spGoalMassApproval" userTaskOutcome="reject" />
      </extensionElements>
    </sequenceFlow>
    <sequenceFlow id="Flow_1305ub9" sourceRef="Gateway_0gl5ypb" targetRef="Gateway_1j95yv4">
      <extensionElements>
        <jmix:conditionDetails conditionSource="userTaskOutcome" conditionType="anyoneCompleted" userTaskId="busOwnerApproval" userTaskOutcome="reject" />
      </extensionElements>
    </sequenceFlow>
    <sequenceFlow id="Flow_034696q" sourceRef="Gateway_0tq80zb" targetRef="Gateway_1mqclug">
      <extensionElements>
        <jmix:conditionDetails conditionSource="userTaskOutcome" conditionType="anyoneCompleted" userTaskId="supervisorCardMassApproval" userTaskOutcome="approve" />
      </extensionElements>
      <conditionExpression xsi:type="tFormalExpression">${execution.getVariable('supervisorCardMassApproval_result') != null &amp;&amp; bpm_UserTaskResults.containsOutcome(execution.getVariable('supervisorCardMassApproval_result'), 'approve')}</conditionExpression>
    </sequenceFlow>
    <sequenceFlow id="Flow_0kel1wj" sourceRef="Gateway_0tq80zb" targetRef="Gateway_13zsjc3">
      <extensionElements>
        <jmix:conditionDetails conditionSource="userTaskOutcome" conditionType="anyoneCompleted" userTaskId="supervisorCardMassApproval" userTaskOutcome="reject" />
      </extensionElements>
    </sequenceFlow>
    <sequenceFlow id="Flow_0sc0ljk" sourceRef="Gateway_1c5x7w7" targetRef="Gateway_0a7dhmt">
      <extensionElements>
        <jmix:conditionDetails conditionSource="expression" />
      </extensionElements>
    </sequenceFlow>
    <sequenceFlow id="Flow_0u8o14c" sourceRef="Gateway_1gh509l" targetRef="Activity_0xyl1gr">
      <extensionElements>
        <jmix:conditionDetails conditionSource="expression" />
      </extensionElements>
      <conditionExpression xsi:type="tFormalExpression">${functionalManager != null}</conditionExpression>
    </sequenceFlow>
    <sequenceFlow id="Flow_0w3vone" sourceRef="Activity_0ki7c01" targetRef="Gateway_1gh509l">
      <extensionElements>
        <jmix:conditionDetails conditionSource="expression" />
      </extensionElements>
    </sequenceFlow>
    <sequenceFlow id="Flow_1tfd4wc" sourceRef="Gateway_1c5x7w7" targetRef="Activity_0ki7c01">
      <extensionElements>
        <jmix:conditionDetails conditionSource="expression" />
      </extensionElements>
      <conditionExpression xsi:type="tFormalExpression">${functionalManager == null}</conditionExpression>
    </sequenceFlow>
    <sequenceFlow id="Flow_04dd8s3" sourceRef="Gateway_10ag3pw" targetRef="Gateway_1gopavq" />
    <sequenceFlow id="Flow_1cfamgd" sourceRef="Gateway_1gh509l" targetRef="Gateway_10ag3pw">
      <extensionElements>
        <jmix:conditionDetails conditionSource="expression" />
      </extensionElements>
    </sequenceFlow>
    <sequenceFlow id="Flow_022yvm7" sourceRef="Gateway_0tprjoz" targetRef="Activity_0z3cl78">
      <extensionElements>
        <jmix:conditionDetails conditionSource="expression" />
      </extensionElements>
      <conditionExpression xsi:type="tFormalExpression">${spCheck == true}</conditionExpression>
    </sequenceFlow>
    <sequenceFlow id="Flow_12m86sd" sourceRef="Gateway_0en0m1w" targetRef="Activity_1qwo37k" />
    <sequenceFlow id="Flow_0o22fyr" sourceRef="Gateway_0tprjoz" targetRef="Gateway_0en0m1w">
      <extensionElements>
        <jmix:conditionDetails conditionSource="expression" />
      </extensionElements>
    </sequenceFlow>
    <sequenceFlow id="Flow_1635ect" name="Курир.рук. не указан" sourceRef="Gateway_0iiuehz" targetRef="Gateway_1t1ojy4">
      <extensionElements>
        <jmix:conditionDetails conditionSource="expression" />
      </extensionElements>
    </sequenceFlow>
    <sequenceFlow id="Flow_0kgpynn" sourceRef="Gateway_0iiuehz" targetRef="Activity_033qc2t">
      <extensionElements>
        <jmix:conditionDetails conditionSource="expression" />
      </extensionElements>
      <conditionExpression xsi:type="tFormalExpression">${leader != null}</conditionExpression>
    </sequenceFlow>
    <sequenceFlow id="Flow_15dy3bq" sourceRef="Gateway_1t1ojy4" targetRef="Activity_0lls3yh" />
    <startEvent id="startEvent1">
      <extensionElements>
        <jmix:processVariables />
        <jmix:formData type="input-dialog" openMode="DIALOG">
          <jmix:formFields>
            <jmix:formField id="application" caption="Карта КПЭ" type="entity" editable="true" required="false">
              <jmix:formFieldProperty name="uiComponent" value="entityPicker" />
              <jmix:formFieldProperty name="entityName" value="kpi_KpiCard" />
            </jmix:formField>
            <jmix:formField id="employee" caption="Инициатор" type="entity" editable="true" required="false">
              <jmix:formFieldProperty name="uiComponent" value="entityPicker" />
              <jmix:formFieldProperty name="entityName" value="kpi_Employee" />
            </jmix:formField>
            <jmix:formField id="supervisor" caption="Непосредственный руководитель" type="entity" editable="true" required="false">
              <jmix:formFieldProperty name="uiComponent" value="entityPicker" />
              <jmix:formFieldProperty name="entityName" value="kpi_Employee" />
            </jmix:formField>
            <jmix:formField id="leader" caption="Курирующий руководитель" type="entity" editable="true" required="false">
              <jmix:formFieldProperty name="uiComponent" value="entityPicker" />
              <jmix:formFieldProperty name="entityName" value="kpi_Employee" />
            </jmix:formField>
            <jmix:formField id="info" caption="Примечание" type="multilineString" editable="true" required="false" />
            <jmix:formField id="hrModers" caption="Модераторы HR" type="entity-list" editable="false" required="false">
              <jmix:formFieldProperty name="uiComponent" value="entityPicker" />
              <jmix:formFieldProperty name="entityName" value="kpi_Employee" />
            </jmix:formField>
            <jmix:formField id="fdModers" caption="Модераторы ФД" type="entity-list" editable="false" required="false">
              <jmix:formFieldProperty name="uiComponent" value="entityPicker" />
              <jmix:formFieldProperty name="entityName" value="kpi_Employee" />
            </jmix:formField>
            <jmix:formField id="fdCheck" caption="Согласование ФД" type="boolean" editable="false" required="false" />
            <jmix:formField id="spCheck" caption="Согласование СБ" type="boolean" editable="false" required="false" />
            <jmix:formField id="spModers" caption="Модераторы СБ" type="entity-list" editable="false" required="false">
              <jmix:formFieldProperty name="uiComponent" value="entityPicker" />
              <jmix:formFieldProperty name="entityName" value="kpi_Employee" />
            </jmix:formField>
            <jmix:formField id="rework" caption="Доработка" type="boolean" editable="false" required="false" />
            <jmix:formField id="isBrachEmpl" caption="Is brach empl" type="boolean" editable="false" required="false" />
            <jmix:formField id="functionalManager" caption="FunctionalManager" type="entity" editable="false" required="false">
              <jmix:formFieldProperty name="uiComponent" value="entityPicker" />
              <jmix:formFieldProperty name="entityName" value="kpi_Employee" />
            </jmix:formField>
            <jmix:formField id="businessModer" caption="Business moder" type="entity" editable="true" required="false">
              <jmix:formFieldProperty name="uiComponent" value="entityPicker" />
              <jmix:formFieldProperty name="entityName" value="kpi_Employee" />
            </jmix:formField>
          </jmix:formFields>
        </jmix:formData>
      </extensionElements>
      <outgoing>Flow_0zl1yqb</outgoing>
    </startEvent>
    <exclusiveGateway id="Gateway_1cu6mp0">
      <incoming>Flow_0zl1yqb</incoming>
      <incoming>Flow_1bhf2we</incoming>
      <outgoing>Flow_1j6rqjl</outgoing>
    </exclusiveGateway>
    <userTask id="Activity_0b8vh0q" name="Корректировка КПЭ" flowable:assignee="${employee.username}" jmix:assigneeSource="processVariable" jmix:assigneeValue="employee">
      <extensionElements>
        <jmix:formData type="jmix-screen" openMode="THIS_TAB" screenId="kpi_KpiCard.edit" />
      </extensionElements>
      <incoming>Flow_06c7c0h</incoming>
      <outgoing>Flow_1bhf2we</outgoing>
    </userTask>
    <sequenceFlow id="Flow_0l14kft" sourceRef="Activity_0lls3yh" targetRef="Activity_0dh1b6o" />
    <sequenceFlow id="Flow_094trk3" sourceRef="Activity_1bzb0e8" targetRef="Gateway_1c5x7w7" />
    <sequenceFlow id="Flow_1ff149a" sourceRef="Gateway_0a7dhmt" targetRef="Gateway_1gh509l" />
    <sequenceFlow id="Flow_08arnul" sourceRef="Activity_0xyl1gr" targetRef="hqCardMassApproval" />
    <sequenceFlow id="Flow_1rrht80" sourceRef="Gateway_1jwbz2w" targetRef="Activity_0p6p2un">
      <extensionElements>
        <jmix:conditionDetails conditionSource="expression" />
      </extensionElements>
      <conditionExpression xsi:type="tFormalExpression">${supervisor != null}</conditionExpression>
    </sequenceFlow>
    <userTask id="supervisorCardMassApproval" name="Согласование непосредственного руководителя" flowable:assignee="${supervisor.username}" jmix:assigneeSource="processVariable" jmix:assigneeValue="supervisor">
      <extensionElements>
        <jmix:conditionDetails conditionSource="userTaskOutcome" />
        <jmix:formData type="input-dialog" openMode="DIALOG">
          <jmix:formFields>
            <jmix:formField id="application" caption="Карта КПЭ" type="entity" editable="false" required="false">
              <jmix:formFieldProperty name="uiComponent" value="entityPicker" />
              <jmix:formFieldProperty name="entityName" value="kpi_KpiCard" />
            </jmix:formField>
            <jmix:formField id="employee" caption="Сотрудник" type="entity" editable="false" required="false">
              <jmix:formFieldProperty name="uiComponent" value="entityPicker" />
              <jmix:formFieldProperty name="entityName" value="kpi_Employee" />
            </jmix:formField>
            <jmix:formField id="info" caption="Примечание" type="multilineString" editable="false" required="false" />
            <jmix:formField id="businessModer" caption="Бизнес модератор" type="entity" editable="true" required="false">
              <jmix:formFieldProperty name="uiComponent" value="entityPicker" />
              <jmix:formFieldProperty name="entityName" value="kpi_Employee" />
            </jmix:formField>
          </jmix:formFields>
          <jmix:formOutcomes>
            <jmix:formOutcome id="approve" caption="Согласовать" icon="font-icon:CHECK" />
            <jmix:formOutcome id="reject" caption="Отклонить" icon="font-icon:BAN" />
          </jmix:formOutcomes>
        </jmix:formData>
      </extensionElements>
      <incoming>Flow_11z6gz6</incoming>
      <outgoing>Flow_0m036a6</outgoing>
    </userTask>
    <exclusiveGateway id="Gateway_0tq80zb">
      <extensionElements>
        <jmix:conditionDetails conditionSource="userTaskOutcome" />
      </extensionElements>
      <incoming>Flow_0m036a6</incoming>
      <outgoing>Flow_034696q</outgoing>
      <outgoing>Flow_0kel1wj</outgoing>
    </exclusiveGateway>
    <serviceTask id="Activity_0npwbbe" name="Отказано / На корректировки" flowable:expression="${kpi_KpiCardService.updateStatus(application, &#39;ADJUSTMENT&#39;)}" flowable:resultVariable="application" jmix:taskType="springBean" jmix:beanName="kpi_KpiCardService">
      <extensionElements>
        <jmix:springBean beanName="kpi_KpiCardService" methodName="updateStatus">
          <jmix:methodParam name="application" type="kz.eub.kpi.entity.Application" isVariable="true">application</jmix:methodParam>
          <jmix:methodParam name="statusStr" type="java.lang.String" isVariable="false">ADJUSTMENT</jmix:methodParam>
        </jmix:springBean>
      </extensionElements>
      <incoming>Flow_0bzl6fv</incoming>
      <outgoing>Flow_06c7c0h</outgoing>
    </serviceTask>
    <exclusiveGateway id="Gateway_13zsjc3">
      <incoming>Flow_05pp9ur</incoming>
      <incoming>Flow_0kel1wj</incoming>
      <outgoing>Flow_0bzl6fv</outgoing>
    </exclusiveGateway>
    <serviceTask id="Activity_0p6p2un" name="СТАТУС: Согласование руководителя" flowable:expression="${kpi_KpiCardService.updateStatus(application, &#39;SUPERVISOR_APPROVAL&#39;)}" flowable:resultVariable="application" jmix:taskType="springBean" jmix:beanName="kpi_KpiCardService">
      <extensionElements>
        <jmix:springBean beanName="kpi_KpiCardService" methodName="updateStatus">
          <jmix:methodParam name="application" type="kz.eub.kpi.entity.Application" isVariable="true">application</jmix:methodParam>
          <jmix:methodParam name="statusStr" type="java.lang.String" isVariable="false">SUPERVISOR_APPROVAL</jmix:methodParam>
        </jmix:springBean>
      </extensionElements>
      <incoming>Flow_1rrht80</incoming>
      <outgoing>Flow_11z6gz6</outgoing>
    </serviceTask>
    <exclusiveGateway id="Gateway_1jwbz2w" default="Flow_0ma3bey">
      <incoming>Flow_1j6rqjl</incoming>
      <outgoing>Flow_1rrht80</outgoing>
      <outgoing>Flow_0ma3bey</outgoing>
    </exclusiveGateway>
    <sequenceFlow id="Flow_1ksgezu" sourceRef="Gateway_1mqclug" targetRef="Gateway_0l9vdwl">
      <extensionElements>
        <jmix:conditionDetails conditionSource="expression" />
      </extensionElements>
    </sequenceFlow>
    <sequenceFlow id="Flow_0ma3bey" name="Непоср. рук. не указан" sourceRef="Gateway_1jwbz2w" targetRef="Gateway_1mqclug">
      <extensionElements>
        <jmix:conditionDetails conditionSource="expression" />
      </extensionElements>
    </sequenceFlow>
    <exclusiveGateway id="Gateway_1mqclug">
      <incoming>Flow_034696q</incoming>
      <incoming>Flow_0ma3bey</incoming>
      <outgoing>Flow_1ksgezu</outgoing>
    </exclusiveGateway>
    <exclusiveGateway id="Gateway_0gl5ypb" default="Flow_1305ub9">
      <incoming>Flow_0c5zq0f</incoming>
      <outgoing>Flow_118cczo</outgoing>
      <outgoing>Flow_1305ub9</outgoing>
    </exclusiveGateway>
    <userTask id="busOwnerApproval" name="Согласование бизнес владельца" flowable:assignee="${businessModer.username}" jmix:assigneeSource="processVariable" jmix:assigneeValue="businessModer">
      <extensionElements>
        <jmix:conditionDetails conditionSource="userTaskOutcome" />
        <jmix:formData type="input-dialog" openMode="DIALOG">
          <jmix:formFields>
            <jmix:formField id="application" caption="Карта КПЭ" type="entity" editable="false" required="false">
              <jmix:formFieldProperty name="uiComponent" value="entityPicker" />
              <jmix:formFieldProperty name="entityName" value="kpi_KpiCard" />
            </jmix:formField>
            <jmix:formField id="employee" caption="Initiator" type="entity" editable="false" required="false">
              <jmix:formFieldProperty name="uiComponent" value="entityPicker" />
              <jmix:formFieldProperty name="entityName" value="kpi_Employee" />
            </jmix:formField>
            <jmix:formField id="info" caption="Info" type="multilineString" editable="false" required="false" />
          </jmix:formFields>
          <jmix:formOutcomes>
            <jmix:formOutcome id="approve" caption="Согласовать" icon="font-icon:CHECK" />
            <jmix:formOutcome id="reject" caption="Отклонить" icon="font-icon:BAN" />
          </jmix:formOutcomes>
        </jmix:formData>
      </extensionElements>
      <incoming>Flow_07cmtpo</incoming>
      <outgoing>Flow_0c5zq0f</outgoing>
    </userTask>
    <serviceTask id="Activity_118rjtf" name="СТАТУС: Согласование биз.вл." flowable:expression="${kpi_KpiCardService.updateStatus(application, &#39;ADDITIONAL_APPROVAL&#39;)}" flowable:resultVariable="application" jmix:taskType="springBean" jmix:beanName="kpi_KpiCardService">
      <extensionElements>
        <jmix:springBean beanName="kpi_KpiCardService" methodName="updateStatus">
          <jmix:methodParam name="application" type="kz.eub.kpi.entity.Application" isVariable="true">application</jmix:methodParam>
          <jmix:methodParam name="statusStr" type="java.lang.String" isVariable="false">ADDITIONAL_APPROVAL</jmix:methodParam>
        </jmix:springBean>
      </extensionElements>
      <incoming>Flow_1xqg221</incoming>
      <outgoing>Flow_07cmtpo</outgoing>
    </serviceTask>
    <exclusiveGateway id="Gateway_0l9vdwl" default="Flow_1w7paf8">
      <incoming>Flow_1ksgezu</incoming>
      <outgoing>Flow_1xqg221</outgoing>
      <outgoing>Flow_1w7paf8</outgoing>
    </exclusiveGateway>
    <exclusiveGateway id="Gateway_1co5o3m">
      <incoming>Flow_1w7paf8</incoming>
      <incoming>Flow_118cczo</incoming>
      <outgoing>Flow_0zsvcyb</outgoing>
    </exclusiveGateway>
    <exclusiveGateway id="Gateway_1j95yv4">
      <incoming>Flow_0do39l1</incoming>
      <incoming>Flow_1305ub9</incoming>
      <incoming>Flow_009nbt8</incoming>
      <outgoing>Flow_05pp9ur</outgoing>
    </exclusiveGateway>
    <exclusiveGateway id="Gateway_0iiuehz" default="Flow_1635ect">
      <incoming>Flow_0zsvcyb</incoming>
      <outgoing>Flow_0kgpynn</outgoing>
      <outgoing>Flow_1635ect</outgoing>
    </exclusiveGateway>
    <serviceTask id="Activity_033qc2t" name="СТАТУС: Согласование курир.рук." flowable:expression="${kpi_KpiCardService.updateStatus(application, &#39;LEADER_APPROVAL&#39;)}" flowable:resultVariable="application" jmix:taskType="springBean" jmix:beanName="kpi_KpiCardService">
      <extensionElements>
        <jmix:springBean beanName="kpi_KpiCardService" methodName="updateStatus">
          <jmix:methodParam name="application" type="kz.eub.kpi.entity.Application" isVariable="true">application</jmix:methodParam>
          <jmix:methodParam name="statusStr" type="java.lang.String" isVariable="false">LEADER_APPROVAL</jmix:methodParam>
        </jmix:springBean>
      </extensionElements>
      <incoming>Flow_0kgpynn</incoming>
      <outgoing>Flow_1eli1ad</outgoing>
    </serviceTask>
    <userTask id="curatorCardMassApproval" name="Согласование курирующим руководителем" flowable:assignee="${leader.username}" jmix:assigneeSource="processVariable" jmix:assigneeValue="leader">
      <extensionElements>
        <jmix:formData type="input-dialog" openMode="DIALOG">
          <jmix:formFields>
            <jmix:formField id="application" caption="Карта КПЭ" type="entity" editable="false" required="false">
              <jmix:formFieldProperty name="uiComponent" value="entityPicker" />
              <jmix:formFieldProperty name="entityName" value="kpi_KpiCard" />
            </jmix:formField>
            <jmix:formField id="employee" caption="Сотрудник" type="entity" editable="false" required="false">
              <jmix:formFieldProperty name="uiComponent" value="entityPicker" />
              <jmix:formFieldProperty name="entityName" value="kpi_Employee" />
            </jmix:formField>
            <jmix:formField id="info" caption="Примечание" type="multilineString" editable="false" required="false" />
          </jmix:formFields>
          <jmix:formOutcomes>
            <jmix:formOutcome id="approve" caption="Согласовать" icon="font-icon:CHECK" />
            <jmix:formOutcome id="reject" caption="Отклонить" icon="font-icon:BAN" />
          </jmix:formOutcomes>
        </jmix:formData>
      </extensionElements>
      <incoming>Flow_1eli1ad</incoming>
      <outgoing>Flow_0t4xzcz</outgoing>
    </userTask>
    <exclusiveGateway id="Gateway_0o6j0s8" default="Flow_0do39l1">
      <incoming>Flow_0t4xzcz</incoming>
      <outgoing>Flow_0zb4ioj</outgoing>
      <outgoing>Flow_0do39l1</outgoing>
    </exclusiveGateway>
    <exclusiveGateway id="Gateway_1t1ojy4">
      <incoming>Flow_0zb4ioj</incoming>
      <incoming>Flow_1635ect</incoming>
      <outgoing>Flow_15dy3bq</outgoing>
    </exclusiveGateway>
    <serviceTask id="Activity_0dh1b6o" name="Проверка: Сотрудник филиала" flowable:expression="${kpi_EmployeeService.isBranchEmployee(employee)}" flowable:resultVariable="isBrachEmpl" jmix:taskType="springBean" jmix:beanName="kpi_EmployeeService">
      <extensionElements>
        <jmix:springBean beanName="kpi_EmployeeService" methodName="isBranchEmployee">
          <jmix:methodParam name="employee" type="kz.eub.kpi.entity.Employee" isVariable="true">employee</jmix:methodParam>
        </jmix:springBean>
      </extensionElements>
      <incoming>Flow_0l14kft</incoming>
      <outgoing>Flow_1dpxzky</outgoing>
    </serviceTask>
    <serviceTask id="Activity_0lls3yh" name="Получить Функ. Менеджера" flowable:expression="${kpi_EmployeeService.getFunctionalManager(employee)}" flowable:resultVariable="functionalManager" jmix:taskType="springBean" jmix:beanName="kpi_EmployeeService">
      <extensionElements>
        <jmix:formData type="no-form" />
        <jmix:springBean beanName="kpi_EmployeeService" methodName="getFunctionalManager">
          <jmix:methodParam name="employee" type="kz.eub.kpi.entity.Employee" isVariable="true">employee</jmix:methodParam>
        </jmix:springBean>
      </extensionElements>
      <incoming>Flow_15dy3bq</incoming>
      <outgoing>Flow_0l14kft</outgoing>
    </serviceTask>
    <serviceTask id="Activity_1bzb0e8" name="СТАТУС: Согласование ГБ" flowable:expression="${kpi_KpiCardService.updateStatus(application, &#39;HQ_APPROVAL&#39;)}" flowable:resultVariable="application" jmix:taskType="springBean" jmix:beanName="kpi_KpiCardService">
      <extensionElements>
        <jmix:springBean beanName="kpi_KpiCardService" methodName="updateStatus">
          <jmix:methodParam name="application" type="kz.eub.kpi.entity.Application" isVariable="true">application</jmix:methodParam>
          <jmix:methodParam name="statusStr" type="java.lang.String" isVariable="false">HQ_APPROVAL</jmix:methodParam>
        </jmix:springBean>
      </extensionElements>
      <incoming>Flow_1wf95xh</incoming>
      <outgoing>Flow_094trk3</outgoing>
    </serviceTask>
    <exclusiveGateway id="Gateway_092903h" default="Flow_0n2yh7j">
      <incoming>Flow_1dpxzky</incoming>
      <outgoing>Flow_1wf95xh</outgoing>
      <outgoing>Flow_0n2yh7j</outgoing>
    </exclusiveGateway>
    <exclusiveGateway id="Gateway_1c5x7w7" default="Flow_0sc0ljk">
      <incoming>Flow_094trk3</incoming>
      <outgoing>Flow_0sc0ljk</outgoing>
      <outgoing>Flow_1tfd4wc</outgoing>
    </exclusiveGateway>
    <exclusiveGateway id="Gateway_0a7dhmt">
      <incoming>Flow_0sc0ljk</incoming>
      <incoming>Flow_0n2yh7j</incoming>
      <outgoing>Flow_1ff149a</outgoing>
    </exclusiveGateway>
    <userTask id="Activity_0ki7c01" name="Назначение Функ. руков. в ГБ" flowable:assignee="${employee.username}" jmix:assigneeSource="processVariable" jmix:assigneeValue="employee">
      <extensionElements>
        <jmix:formData type="input-dialog" openMode="DIALOG">
          <jmix:formFields>
            <jmix:formField id="functionalManager" caption="Функциональный менеджер" type="entity" editable="true" required="false">
              <jmix:formFieldProperty name="uiComponent" value="entityPicker" />
              <jmix:formFieldProperty name="entityName" value="kpi_Employee" />
            </jmix:formField>
          </jmix:formFields>
        </jmix:formData>
      </extensionElements>
      <incoming>Flow_1tfd4wc</incoming>
      <outgoing>Flow_0w3vone</outgoing>
    </userTask>
    <exclusiveGateway id="Gateway_1gh509l" default="Flow_1cfamgd">
      <incoming>Flow_0w3vone</incoming>
      <incoming>Flow_1ff149a</incoming>
      <outgoing>Flow_0u8o14c</outgoing>
      <outgoing>Flow_1cfamgd</outgoing>
    </exclusiveGateway>
    <exclusiveGateway id="Gateway_10ag3pw">
      <incoming>Flow_1cfamgd</incoming>
      <outgoing>Flow_04dd8s3</outgoing>
    </exclusiveGateway>
    <serviceTask id="Activity_0xyl1gr" name="СТАТУС: Согласование Функ. Менеджером" flowable:expression="${kpi_KpiCardService.updateStatus(application, &#39;FUNC_MANAGER_APPROVAL&#39;)}" flowable:resultVariable="application" jmix:taskType="springBean" jmix:beanName="kpi_KpiCardService">
      <extensionElements>
        <jmix:springBean beanName="kpi_KpiCardService" methodName="updateStatus">
          <jmix:methodParam name="application" type="kz.eub.kpi.entity.Application" isVariable="true">application</jmix:methodParam>
          <jmix:methodParam name="statusStr" type="java.lang.String" isVariable="false">FUNC_MANAGER_APPROVAL</jmix:methodParam>
        </jmix:springBean>
      </extensionElements>
      <incoming>Flow_0u8o14c</incoming>
      <outgoing>Flow_08arnul</outgoing>
    </serviceTask>
    <userTask id="hqCardMassApproval" name="Согласование ГБ" flowable:assignee="${functionalManager.username}" jmix:assigneeSource="processVariable" jmix:assigneeValue="functionalManager">
      <extensionElements>
        <jmix:conditionDetails conditionSource="userTaskOutcome" />
        <jmix:formData type="input-dialog" openMode="DIALOG">
          <jmix:formFields>
            <jmix:formField id="application" caption="Карта КПЭ" type="entity" editable="false" required="false">
              <jmix:formFieldProperty name="uiComponent" value="entityPicker" />
              <jmix:formFieldProperty name="entityName" value="kpi_KpiCard" />
            </jmix:formField>
            <jmix:formField id="employee" caption="Initiator" type="entity" editable="false" required="false">
              <jmix:formFieldProperty name="uiComponent" value="entityPicker" />
              <jmix:formFieldProperty name="entityName" value="kpi_Employee" />
            </jmix:formField>
            <jmix:formField id="info" caption="Info" type="multilineString" editable="false" required="false" />
          </jmix:formFields>
          <jmix:formOutcomes>
            <jmix:formOutcome id="approve" caption="Согласовать" icon="font-icon:CHECK" />
            <jmix:formOutcome id="reject" caption="Отклонить" icon="font-icon:BAN" />
          </jmix:formOutcomes>
        </jmix:formData>
      </extensionElements>
      <incoming>Flow_08arnul</incoming>
      <outgoing>Flow_1qbos7g</outgoing>
    </userTask>
    <exclusiveGateway id="Gateway_0nejhfd" default="Flow_1436pal">
      <incoming>Flow_1qbos7g</incoming>
      <outgoing>Flow_1436pal</outgoing>
      <outgoing>Flow_18uta69</outgoing>
    </exclusiveGateway>
    <serviceTask id="Activity_0owwsxg" name="Согласование индив. целей" flowable:expression="${kpi_KpiCardService.approveGoalsByCategoryId(application, &#39;INDIVIDUAL_GOAL&#39;)}" jmix:taskType="springBean" jmix:beanName="kpi_KpiCardService">
      <extensionElements>
        <jmix:springBean beanName="kpi_KpiCardService" methodName="approveGoalsByCategoryId">
          <jmix:methodParam name="card" type="kz.eub.kpi.entity.kpi.KpiCard" isVariable="true">application</jmix:methodParam>
          <jmix:methodParam name="categoryId" type="java.lang.String" isVariable="false">INDIVIDUAL_GOAL</jmix:methodParam>
        </jmix:springBean>
      </extensionElements>
      <incoming>Flow_1q4raos</incoming>
      <outgoing>Flow_0aj1yu6</outgoing>
    </serviceTask>
    <exclusiveGateway id="Gateway_1gopavq">
      <incoming>Flow_18uta69</incoming>
      <incoming>Flow_04dd8s3</incoming>
      <outgoing>Flow_1q4raos</outgoing>
    </exclusiveGateway>
    <serviceTask id="Activity_05qjf33" name="СТАТУС: На согласовании" flowable:expression="${kpi_KpiCardService.updateStatus(application, &#39;APPROVAL&#39;)}" flowable:resultVariable="application" jmix:taskType="springBean" jmix:beanName="kpi_KpiCardService">
      <extensionElements />
      <incoming>Flow_0aj1yu6</incoming>
      <outgoing>Flow_1loft8g</outgoing>
    </serviceTask>
    <serviceTask id="Activity_0z3cl78" name="Получить модераторов УСП" flowable:expression="${kpi_GeneralUserProvider.getUsersByRoleCode(&#39;sp-moderator&#39;)}" flowable:resultVariable="spModers" jmix:taskType="springBean" jmix:beanName="kpi_GeneralUserProvider">
      <extensionElements>
        <jmix:springBean beanName="kpi_GeneralUserProvider" methodName="getUsersByRoleCode">
          <jmix:methodParam name="roleCode" type="java.lang.String" isVariable="false">sp-moderator</jmix:methodParam>
        </jmix:springBean>
      </extensionElements>
      <incoming>Flow_022yvm7</incoming>
      <outgoing>Flow_0rij9qs</outgoing>
    </serviceTask>
    <userTask id="spGoalMassApproval" name="Согласование УСП" flowable:assignee="${spModers_item.username}" jmix:assigneeValue="${spModers_item.username}">
      <extensionElements>
        <jmix:formData type="jmix-screen" openMode="THIS_TAB" screenId="kpi_KpiCard.review">
          <jmix:formParams>
            <jmix:formParam name="goalCategoryId" value="PROJECT_GOAL" valueSource="directValue" />
            <jmix:formParam name="title" value="Согласование УСП" valueSource="directValue" />
          </jmix:formParams>
          <jmix:formOutcomes>
            <jmix:formOutcome id="approve" />
            <jmix:formOutcome id="reject" />
          </jmix:formOutcomes>
        </jmix:formData>
      </extensionElements>
      <incoming>Flow_0rij9qs</incoming>
      <outgoing>Flow_094ukqf</outgoing>
      <multiInstanceLoopCharacteristics flowable:collection="spModers" flowable:elementVariable="spModers_item" jmix:collectionSource="processVariable" jmix:collectionValue="spModers">
        <completionCondition xsi:type="tFormalExpression">${nrOfCompletedInstances &gt; 0}</completionCondition>
      </multiInstanceLoopCharacteristics>
    </userTask>
    <exclusiveGateway id="Gateway_0w5xui9" default="Flow_1hetzm6">
      <incoming>Flow_094ukqf</incoming>
      <outgoing>Flow_0953577</outgoing>
      <outgoing>Flow_1hetzm6</outgoing>
    </exclusiveGateway>
    <serviceTask id="Activity_1qwo37k" name="СТАТУС: Завершено" flowable:expression="${kpi_KpiCardService.updateStatus(application, &#39;COMPLETED&#39;)}" flowable:resultVariable="application" jmix:taskType="springBean" jmix:beanName="kpi_KpiCardService">
      <extensionElements>
        <jmix:springBean beanName="kpi_KpiCardService" methodName="updateStatus">
          <jmix:methodParam name="application" type="kz.eub.kpi.entity.Application" isVariable="true">application</jmix:methodParam>
          <jmix:methodParam name="statusStr" type="java.lang.String" isVariable="false">COMPLETED</jmix:methodParam>
        </jmix:springBean>
      </extensionElements>
      <incoming>Flow_12m86sd</incoming>
      <outgoing>Flow_11hyd08</outgoing>
    </serviceTask>
    <endEvent id="Event_0rzl9d5">
      <incoming>Flow_11hyd08</incoming>
    </endEvent>
    <exclusiveGateway id="Gateway_0rhngkf">
      <incoming>Flow_1436pal</incoming>
      <incoming>Flow_1hetzm6</incoming>
      <outgoing>Flow_009nbt8</outgoing>
    </exclusiveGateway>
    <exclusiveGateway id="Gateway_0tprjoz" default="Flow_0o22fyr">
      <incoming>Flow_1yszkag</incoming>
      <outgoing>Flow_022yvm7</outgoing>
      <outgoing>Flow_0o22fyr</outgoing>
    </exclusiveGateway>
    <exclusiveGateway id="Gateway_0en0m1w">
      <incoming>Flow_0953577</incoming>
      <incoming>Flow_0o22fyr</incoming>
      <outgoing>Flow_12m86sd</outgoing>
    </exclusiveGateway>
    <serviceTask id="Activity_1uqqn9j" name="Проверка наличия Проект. целей" flowable:expression="${kpi_KpiCardService.hasGoalCategory(application, &#39;PROJECT_GOAL&#39;)}" flowable:resultVariable="spCheck" jmix:taskType="springBean" jmix:beanName="kpi_KpiCardService">
      <extensionElements>
        <jmix:springBean beanName="kpi_KpiCardService" methodName="hasGoalCategory">
          <jmix:methodParam name="card" type="kz.eub.kpi.entity.kpi.KpiCard" isVariable="true">application</jmix:methodParam>
          <jmix:methodParam name="categoryId" type="java.lang.String" isVariable="false">PROJECT_GOAL</jmix:methodParam>
        </jmix:springBean>
      </extensionElements>
      <incoming>Flow_1loft8g</incoming>
      <outgoing>Flow_1yszkag</outgoing>
    </serviceTask>
    <textAnnotation id="TextAnnotation_0xfbi3r">
      <text>Указать причину при отказе</text>
    </textAnnotation>
    <association id="Association_008sq11" sourceRef="Activity_0npwbbe" targetRef="TextAnnotation_0xfbi3r" />
  </process>
  <bpmndi:BPMNDiagram id="BPMNDiagram_process">
    <bpmndi:BPMNPlane id="BPMNPlane_process" bpmnElement="Collaboration_KpiAssessment">
      <bpmndi:BPMNShape id="Participant_1wssmqv_di" bpmnElement="Participant_KpiAssessment" isHorizontal="true">
        <omgdc:Bounds x="100" y="-15" width="3790" height="1365" />
      </bpmndi:BPMNShape>
      <bpmndi:BPMNShape id="Lane_0kwkdae_di" bpmnElement="Lane_0kwkdae" isHorizontal="true">
        <omgdc:Bounds x="130" y="1165" width="3760" height="185" />
      </bpmndi:BPMNShape>
      <bpmndi:BPMNShape id="Lane_0gm37qn_di" bpmnElement="Lane_0gm37qn" isHorizontal="true">
        <omgdc:Bounds x="130" y="985" width="3760" height="180" />
      </bpmndi:BPMNShape>
      <bpmndi:BPMNShape id="Lane_0022kzm_di" bpmnElement="Lane_0022kzm" isHorizontal="true">
        <omgdc:Bounds x="130" y="685" width="3760" height="300" />
      </bpmndi:BPMNShape>
      <bpmndi:BPMNShape id="Lane_11dkwic_di" bpmnElement="Lane_11dkwic" isHorizontal="true">
        <omgdc:Bounds x="130" y="305" width="3760" height="380" />
      </bpmndi:BPMNShape>
      <bpmndi:BPMNShape id="Lane_00w3agp_di" bpmnElement="Lane_00w3agp" isHorizontal="true">
        <omgdc:Bounds x="130" y="-15" width="3760" height="320" />
      </bpmndi:BPMNShape>
      <bpmndi:BPMNEdge id="Flow_0ma3bey_di" bpmnElement="Flow_0ma3bey">
        <omgdi:waypoint x="380" y="400" />
        <omgdi:waypoint x="380" y="350" />
        <omgdi:waypoint x="890" y="350" />
        <omgdi:waypoint x="890" y="400" />
        <bpmndi:BPMNLabel>
          <omgdc:Bounds x="591" y="336" width="79" height="27" />
        </bpmndi:BPMNLabel>
      </bpmndi:BPMNEdge>
      <bpmndi:BPMNEdge id="Flow_1ksgezu_di" bpmnElement="Flow_1ksgezu">
        <omgdi:waypoint x="915" y="425" />
        <omgdi:waypoint x="965" y="425" />
      </bpmndi:BPMNEdge>
      <bpmndi:BPMNEdge id="Flow_1rrht80_di" bpmnElement="Flow_1rrht80">
        <omgdi:waypoint x="405" y="425" />
        <omgdi:waypoint x="450" y="425" />
      </bpmndi:BPMNEdge>
      <bpmndi:BPMNEdge id="Flow_08arnul_di" bpmnElement="Flow_08arnul">
        <omgdi:waypoint x="3020" y="210" />
        <omgdi:waypoint x="3090" y="210" />
      </bpmndi:BPMNEdge>
      <bpmndi:BPMNEdge id="Flow_1ff149a_di" bpmnElement="Flow_1ff149a">
        <omgdi:waypoint x="2735" y="210" />
        <omgdi:waypoint x="2815" y="210" />
      </bpmndi:BPMNEdge>
      <bpmndi:BPMNEdge id="Flow_094trk3_di" bpmnElement="Flow_094trk3">
        <omgdi:waypoint x="2490" y="210" />
        <omgdi:waypoint x="2555" y="210" />
      </bpmndi:BPMNEdge>
      <bpmndi:BPMNEdge id="Flow_0l14kft_di" bpmnElement="Flow_0l14kft">
        <omgdi:waypoint x="2180" y="425" />
        <omgdi:waypoint x="2250" y="425" />
      </bpmndi:BPMNEdge>
      <bpmndi:BPMNEdge id="Flow_15dy3bq_di" bpmnElement="Flow_15dy3bq">
        <omgdi:waypoint x="2025" y="425" />
        <omgdi:waypoint x="2080" y="425" />
      </bpmndi:BPMNEdge>
      <bpmndi:BPMNEdge id="Flow_0kgpynn_di" bpmnElement="Flow_0kgpynn">
        <omgdi:waypoint x="1495" y="425" />
        <omgdi:waypoint x="1550" y="425" />
      </bpmndi:BPMNEdge>
      <bpmndi:BPMNEdge id="Flow_1635ect_di" bpmnElement="Flow_1635ect">
        <omgdi:waypoint x="1470" y="400" />
        <omgdi:waypoint x="1470" y="350" />
        <omgdi:waypoint x="2000" y="350" />
        <omgdi:waypoint x="2000" y="400" />
        <bpmndi:BPMNLabel>
          <omgdc:Bounds x="1566" y="336" width="68" height="27" />
        </bpmndi:BPMNLabel>
      </bpmndi:BPMNEdge>
      <bpmndi:BPMNEdge id="Flow_0o22fyr_di" bpmnElement="Flow_0o22fyr">
        <omgdi:waypoint x="3305" y="1075" />
        <omgdi:waypoint x="3655" y="1075" />
      </bpmndi:BPMNEdge>
      <bpmndi:BPMNEdge id="Flow_12m86sd_di" bpmnElement="Flow_12m86sd">
        <omgdi:waypoint x="3680" y="1050" />
        <omgdi:waypoint x="3680" y="935" />
      </bpmndi:BPMNEdge>
      <bpmndi:BPMNEdge id="Flow_022yvm7_di" bpmnElement="Flow_022yvm7">
        <omgdi:waypoint x="3280" y="1100" />
        <omgdi:waypoint x="3280" y="1220" />
      </bpmndi:BPMNEdge>
      <bpmndi:BPMNEdge id="Flow_1cfamgd_di" bpmnElement="Flow_1cfamgd">
        <omgdi:waypoint x="2840" y="235" />
        <omgdi:waypoint x="2840" y="400" />
      </bpmndi:BPMNEdge>
      <bpmndi:BPMNEdge id="Flow_04dd8s3_di" bpmnElement="Flow_04dd8s3">
        <omgdi:waypoint x="2865" y="425" />
        <omgdi:waypoint x="3655" y="425" />
      </bpmndi:BPMNEdge>
      <bpmndi:BPMNEdge id="Flow_1tfd4wc_di" bpmnElement="Flow_1tfd4wc">
        <omgdi:waypoint x="2580" y="185" />
        <omgdi:waypoint x="2580" y="80" />
        <omgdi:waypoint x="2660" y="80" />
      </bpmndi:BPMNEdge>
      <bpmndi:BPMNEdge id="Flow_0w3vone_di" bpmnElement="Flow_0w3vone">
        <omgdi:waypoint x="2760" y="80" />
        <omgdi:waypoint x="2840" y="80" />
        <omgdi:waypoint x="2840" y="185" />
      </bpmndi:BPMNEdge>
      <bpmndi:BPMNEdge id="Flow_0u8o14c_di" bpmnElement="Flow_0u8o14c">
        <omgdi:waypoint x="2865" y="210" />
        <omgdi:waypoint x="2920" y="210" />
      </bpmndi:BPMNEdge>
      <bpmndi:BPMNEdge id="Flow_0sc0ljk_di" bpmnElement="Flow_0sc0ljk">
        <omgdi:waypoint x="2605" y="210" />
        <omgdi:waypoint x="2685" y="210" />
      </bpmndi:BPMNEdge>
      <bpmndi:BPMNEdge id="Flow_0kel1wj_di" bpmnElement="Flow_0kel1wj">
        <omgdi:waypoint x="790" y="450" />
        <omgdi:waypoint x="790" y="530" />
      </bpmndi:BPMNEdge>
      <bpmndi:BPMNEdge id="Flow_034696q_di" bpmnElement="Flow_034696q">
        <omgdi:waypoint x="815" y="425" />
        <omgdi:waypoint x="865" y="425" />
      </bpmndi:BPMNEdge>
      <bpmndi:BPMNEdge id="Flow_1305ub9_di" bpmnElement="Flow_1305ub9">
        <omgdi:waypoint x="1290" y="235" />
        <omgdi:waypoint x="1290" y="530" />
      </bpmndi:BPMNEdge>
      <bpmndi:BPMNEdge id="Flow_1hetzm6_di" bpmnElement="Flow_1hetzm6">
        <omgdi:waypoint x="3570" y="1235" />
        <omgdi:waypoint x="3570" y="630" />
        <omgdi:waypoint x="3305" y="630" />
      </bpmndi:BPMNEdge>
      <bpmndi:BPMNEdge id="Flow_0953577_di" bpmnElement="Flow_0953577">
        <omgdi:waypoint x="3595" y="1260" />
        <omgdi:waypoint x="3680" y="1260" />
        <omgdi:waypoint x="3680" y="1100" />
      </bpmndi:BPMNEdge>
      <bpmndi:BPMNEdge id="Flow_0rij9qs_di" bpmnElement="Flow_0rij9qs">
        <omgdi:waypoint x="3330" y="1260" />
        <omgdi:waypoint x="3390" y="1260" />
      </bpmndi:BPMNEdge>
      <bpmndi:BPMNEdge id="Flow_1yszkag_di" bpmnElement="Flow_1yszkag">
        <omgdi:waypoint x="3280" y="810" />
        <omgdi:waypoint x="3280" y="1050" />
      </bpmndi:BPMNEdge>
      <bpmndi:BPMNEdge id="Flow_11hyd08_di" bpmnElement="Flow_11hyd08">
        <omgdi:waypoint x="3730" y="895" />
        <omgdi:waypoint x="3782" y="895" />
      </bpmndi:BPMNEdge>
      <bpmndi:BPMNEdge id="Flow_07cmtpo_di" bpmnElement="Flow_07cmtpo">
        <omgdi:waypoint x="1040" y="210" />
        <omgdi:waypoint x="1100" y="210" />
      </bpmndi:BPMNEdge>
      <bpmndi:BPMNEdge id="Flow_1wf95xh_di" bpmnElement="Flow_1wf95xh">
        <omgdi:waypoint x="2440" y="400" />
        <omgdi:waypoint x="2440" y="250" />
      </bpmndi:BPMNEdge>
      <bpmndi:BPMNEdge id="Flow_1436pal_di" bpmnElement="Flow_1436pal">
        <omgdi:waypoint x="3280" y="235" />
        <omgdi:waypoint x="3280" y="605" />
      </bpmndi:BPMNEdge>
      <bpmndi:BPMNEdge id="Flow_0n2yh7j_di" bpmnElement="Flow_0n2yh7j">
        <omgdi:waypoint x="2465" y="425" />
        <omgdi:waypoint x="2710" y="425" />
        <omgdi:waypoint x="2710" y="235" />
      </bpmndi:BPMNEdge>
      <bpmndi:BPMNEdge id="Flow_094ukqf_di" bpmnElement="Flow_094ukqf">
        <omgdi:waypoint x="3490" y="1260" />
        <omgdi:waypoint x="3545" y="1260" />
      </bpmndi:BPMNEdge>
      <bpmndi:BPMNEdge id="Flow_18uta69_di" bpmnElement="Flow_18uta69">
        <omgdi:waypoint x="3305" y="210" />
        <omgdi:waypoint x="3680" y="210" />
        <omgdi:waypoint x="3680" y="400" />
      </bpmndi:BPMNEdge>
      <bpmndi:BPMNEdge id="Flow_1q4raos_di" bpmnElement="Flow_1q4raos">
        <omgdi:waypoint x="3680" y="450" />
        <omgdi:waypoint x="3680" y="515" />
      </bpmndi:BPMNEdge>
      <bpmndi:BPMNEdge id="Flow_009nbt8_di" bpmnElement="Flow_009nbt8">
        <omgdi:waypoint x="3255" y="630" />
        <omgdi:waypoint x="1290" y="630" />
        <omgdi:waypoint x="1290" y="580" />
      </bpmndi:BPMNEdge>
      <bpmndi:BPMNEdge id="Flow_1qbos7g_di" bpmnElement="Flow_1qbos7g">
        <omgdi:waypoint x="3190" y="210" />
        <omgdi:waypoint x="3255" y="210" />
      </bpmndi:BPMNEdge>
      <bpmndi:BPMNEdge id="Flow_1dpxzky_di" bpmnElement="Flow_1dpxzky">
        <omgdi:waypoint x="2350" y="425" />
        <omgdi:waypoint x="2415" y="425" />
      </bpmndi:BPMNEdge>
      <bpmndi:BPMNEdge id="Flow_1loft8g_di" bpmnElement="Flow_1loft8g">
        <omgdi:waypoint x="3630" y="770" />
        <omgdi:waypoint x="3330" y="770" />
      </bpmndi:BPMNEdge>
      <bpmndi:BPMNEdge id="Flow_0aj1yu6_di" bpmnElement="Flow_0aj1yu6">
        <omgdi:waypoint x="3680" y="595" />
        <omgdi:waypoint x="3680" y="730" />
      </bpmndi:BPMNEdge>
      <bpmndi:BPMNEdge id="Flow_118cczo_di" bpmnElement="Flow_118cczo">
        <omgdi:waypoint x="1315" y="210" />
        <omgdi:waypoint x="1370" y="210" />
        <omgdi:waypoint x="1370" y="400" />
      </bpmndi:BPMNEdge>
      <bpmndi:BPMNEdge id="Flow_05pp9ur_di" bpmnElement="Flow_05pp9ur">
        <omgdi:waypoint x="1265" y="555" />
        <omgdi:waypoint x="815" y="555" />
      </bpmndi:BPMNEdge>
      <bpmndi:BPMNEdge id="Flow_1w7paf8_di" bpmnElement="Flow_1w7paf8">
        <omgdi:waypoint x="1015" y="425" />
        <omgdi:waypoint x="1345" y="425" />
      </bpmndi:BPMNEdge>
      <bpmndi:BPMNEdge id="Flow_0c5zq0f_di" bpmnElement="Flow_0c5zq0f">
        <omgdi:waypoint x="1200" y="210" />
        <omgdi:waypoint x="1265" y="210" />
      </bpmndi:BPMNEdge>
      <bpmndi:BPMNEdge id="Flow_0zsvcyb_di" bpmnElement="Flow_0zsvcyb">
        <omgdi:waypoint x="1395" y="425" />
        <omgdi:waypoint x="1445" y="425" />
      </bpmndi:BPMNEdge>
      <bpmndi:BPMNEdge id="Flow_1xqg221_di" bpmnElement="Flow_1xqg221">
        <omgdi:waypoint x="990" y="400" />
        <omgdi:waypoint x="990" y="250" />
      </bpmndi:BPMNEdge>
      <bpmndi:BPMNEdge id="Flow_1eli1ad_di" bpmnElement="Flow_1eli1ad">
        <omgdi:waypoint x="1650" y="425" />
        <omgdi:waypoint x="1710" y="425" />
      </bpmndi:BPMNEdge>
      <bpmndi:BPMNEdge id="Flow_11z6gz6_di" bpmnElement="Flow_11z6gz6">
        <omgdi:waypoint x="550" y="425" />
        <omgdi:waypoint x="610" y="425" />
      </bpmndi:BPMNEdge>
      <bpmndi:BPMNEdge id="Flow_1bhf2we_di" bpmnElement="Flow_1bhf2we">
        <omgdi:waypoint x="280" y="515" />
        <omgdi:waypoint x="280" y="450" />
      </bpmndi:BPMNEdge>
      <bpmndi:BPMNEdge id="Flow_1j6rqjl_di" bpmnElement="Flow_1j6rqjl">
        <omgdi:waypoint x="305" y="425" />
        <omgdi:waypoint x="355" y="425" />
      </bpmndi:BPMNEdge>
      <bpmndi:BPMNEdge id="Flow_0do39l1_di" bpmnElement="Flow_0do39l1">
        <omgdi:waypoint x="1890" y="450" />
        <omgdi:waypoint x="1890" y="555" />
        <omgdi:waypoint x="1315" y="555" />
      </bpmndi:BPMNEdge>
      <bpmndi:BPMNEdge id="Flow_0zb4ioj_di" bpmnElement="Flow_0zb4ioj">
        <omgdi:waypoint x="1915" y="425" />
        <omgdi:waypoint x="1975" y="425" />
      </bpmndi:BPMNEdge>
      <bpmndi:BPMNEdge id="Flow_0t4xzcz_di" bpmnElement="Flow_0t4xzcz">
        <omgdi:waypoint x="1810" y="425" />
        <omgdi:waypoint x="1865" y="425" />
      </bpmndi:BPMNEdge>
      <bpmndi:BPMNEdge id="Flow_0m036a6_di" bpmnElement="Flow_0m036a6">
        <omgdi:waypoint x="710" y="425" />
        <omgdi:waypoint x="765" y="425" />
      </bpmndi:BPMNEdge>
      <bpmndi:BPMNEdge id="Flow_0zl1yqb_di" bpmnElement="Flow_0zl1yqb">
        <omgdi:waypoint x="200" y="425" />
        <omgdi:waypoint x="255" y="425" />
      </bpmndi:BPMNEdge>
      <bpmndi:BPMNEdge id="Flow_06c7c0h_di" bpmnElement="Flow_06c7c0h">
        <omgdi:waypoint x="610" y="555" />
        <omgdi:waypoint x="330" y="555" />
      </bpmndi:BPMNEdge>
      <bpmndi:BPMNEdge id="Flow_0bzl6fv_di" bpmnElement="Flow_0bzl6fv">
        <omgdi:waypoint x="765" y="555" />
        <omgdi:waypoint x="710" y="555" />
      </bpmndi:BPMNEdge>
      <bpmndi:BPMNShape id="BPMNShape_startEvent1" bpmnElement="startEvent1">
        <omgdc:Bounds x="170" y="410" width="30" height="30" />
      </bpmndi:BPMNShape>
      <bpmndi:BPMNShape id="Gateway_1cu6mp0_di" bpmnElement="Gateway_1cu6mp0" isMarkerVisible="true">
        <omgdc:Bounds x="255" y="400" width="50" height="50" />
      </bpmndi:BPMNShape>
      <bpmndi:BPMNShape id="Activity_18jomti_di" bpmnElement="Activity_0b8vh0q">
        <omgdc:Bounds x="230" y="515" width="100" height="80" />
      </bpmndi:BPMNShape>
      <bpmndi:BPMNShape id="Activity_1z0y9e1_di" bpmnElement="supervisorCardMassApproval">
        <omgdc:Bounds x="610" y="385" width="100" height="80" />
      </bpmndi:BPMNShape>
      <bpmndi:BPMNShape id="Gateway_0tq80zb_di" bpmnElement="Gateway_0tq80zb" isMarkerVisible="true">
        <omgdc:Bounds x="765" y="400" width="50" height="50" />
      </bpmndi:BPMNShape>
      <bpmndi:BPMNShape id="Activity_06yu3v3_di" bpmnElement="Activity_0npwbbe">
        <omgdc:Bounds x="610" y="515" width="100" height="80" />
      </bpmndi:BPMNShape>
      <bpmndi:BPMNShape id="Gateway_13zsjc3_di" bpmnElement="Gateway_13zsjc3" isMarkerVisible="true">
        <omgdc:Bounds x="765" y="530" width="50" height="50" />
      </bpmndi:BPMNShape>
      <bpmndi:BPMNShape id="Activity_1n5o2zz_di" bpmnElement="Activity_0p6p2un">
        <omgdc:Bounds x="450" y="385" width="100" height="80" />
      </bpmndi:BPMNShape>
      <bpmndi:BPMNShape id="Gateway_1jwbz2w_di" bpmnElement="Gateway_1jwbz2w" isMarkerVisible="true">
        <omgdc:Bounds x="355" y="400" width="50" height="50" />
      </bpmndi:BPMNShape>
      <bpmndi:BPMNShape id="TextAnnotation_0xfbi3r_di" bpmnElement="TextAnnotation_0xfbi3r">
        <omgdc:Bounds x="610" y="720" width="100" height="60" />
      </bpmndi:BPMNShape>
      <bpmndi:BPMNShape id="Gateway_1mqclug_di" bpmnElement="Gateway_1mqclug" isMarkerVisible="true">
        <omgdc:Bounds x="865" y="400" width="50" height="50" />
      </bpmndi:BPMNShape>
      <bpmndi:BPMNShape id="Gateway_0gl5ypb_di" bpmnElement="Gateway_0gl5ypb" isMarkerVisible="true">
        <omgdc:Bounds x="1265" y="185" width="50" height="50" />
      </bpmndi:BPMNShape>
      <bpmndi:BPMNShape id="Activity_13ezkxp_di" bpmnElement="busOwnerApproval">
        <omgdc:Bounds x="1100" y="170" width="100" height="80" />
      </bpmndi:BPMNShape>
      <bpmndi:BPMNShape id="Activity_1f5em35_di" bpmnElement="Activity_118rjtf">
        <omgdc:Bounds x="940" y="170" width="100" height="80" />
      </bpmndi:BPMNShape>
      <bpmndi:BPMNShape id="Gateway_0l9vdwl_di" bpmnElement="Gateway_0l9vdwl" isMarkerVisible="true">
        <omgdc:Bounds x="965" y="400" width="50" height="50" />
      </bpmndi:BPMNShape>
      <bpmndi:BPMNShape id="Gateway_1co5o3m_di" bpmnElement="Gateway_1co5o3m" isMarkerVisible="true">
        <omgdc:Bounds x="1345" y="400" width="50" height="50" />
      </bpmndi:BPMNShape>
      <bpmndi:BPMNShape id="Gateway_1j95yv4_di" bpmnElement="Gateway_1j95yv4" isMarkerVisible="true">
        <omgdc:Bounds x="1265" y="530" width="50" height="50" />
      </bpmndi:BPMNShape>
      <bpmndi:BPMNShape id="Gateway_0iiuehz_di" bpmnElement="Gateway_0iiuehz" isMarkerVisible="true">
        <omgdc:Bounds x="1445" y="400" width="50" height="50" />
      </bpmndi:BPMNShape>
      <bpmndi:BPMNShape id="Activity_06wnlfa_di" bpmnElement="Activity_033qc2t">
        <omgdc:Bounds x="1550" y="385" width="100" height="80" />
      </bpmndi:BPMNShape>
      <bpmndi:BPMNShape id="Activity_1e2bn9g_di" bpmnElement="curatorCardMassApproval">
        <omgdc:Bounds x="1710" y="385" width="100" height="80" />
      </bpmndi:BPMNShape>
      <bpmndi:BPMNShape id="Gateway_0o6j0s8_di" bpmnElement="Gateway_0o6j0s8" isMarkerVisible="true">
        <omgdc:Bounds x="1865" y="400" width="50" height="50" />
      </bpmndi:BPMNShape>
      <bpmndi:BPMNShape id="Gateway_1t1ojy4_di" bpmnElement="Gateway_1t1ojy4" isMarkerVisible="true">
        <omgdc:Bounds x="1975" y="400" width="50" height="50" />
      </bpmndi:BPMNShape>
      <bpmndi:BPMNShape id="Activity_09e1ec2_di" bpmnElement="Activity_0dh1b6o">
        <omgdc:Bounds x="2250" y="385" width="100" height="80" />
      </bpmndi:BPMNShape>
      <bpmndi:BPMNShape id="Activity_1vvyt7a_di" bpmnElement="Activity_0lls3yh">
        <omgdc:Bounds x="2080" y="385" width="100" height="80" />
      </bpmndi:BPMNShape>
      <bpmndi:BPMNShape id="Activity_0xuizxd_di" bpmnElement="Activity_1bzb0e8">
        <omgdc:Bounds x="2390" y="170" width="100" height="80" />
      </bpmndi:BPMNShape>
      <bpmndi:BPMNShape id="Gateway_092903h_di" bpmnElement="Gateway_092903h" isMarkerVisible="true">
        <omgdc:Bounds x="2415" y="400" width="50" height="50" />
      </bpmndi:BPMNShape>
      <bpmndi:BPMNShape id="Gateway_1c5x7w7_di" bpmnElement="Gateway_1c5x7w7" isMarkerVisible="true">
        <omgdc:Bounds x="2555" y="185" width="50" height="50" />
      </bpmndi:BPMNShape>
      <bpmndi:BPMNShape id="Gateway_0a7dhmt_di" bpmnElement="Gateway_0a7dhmt" isMarkerVisible="true">
        <omgdc:Bounds x="2685" y="185" width="50" height="50" />
      </bpmndi:BPMNShape>
      <bpmndi:BPMNShape id="Activity_19bnj9m_di" bpmnElement="Activity_0ki7c01">
        <omgdc:Bounds x="2660" y="40" width="100" height="80" />
      </bpmndi:BPMNShape>
      <bpmndi:BPMNShape id="Gateway_1gh509l_di" bpmnElement="Gateway_1gh509l" isMarkerVisible="true">
        <omgdc:Bounds x="2815" y="185" width="50" height="50" />
      </bpmndi:BPMNShape>
      <bpmndi:BPMNShape id="Gateway_10ag3pw_di" bpmnElement="Gateway_10ag3pw" isMarkerVisible="true">
        <omgdc:Bounds x="2815" y="400" width="50" height="50" />
      </bpmndi:BPMNShape>
      <bpmndi:BPMNShape id="Activity_0xyl1gr_di" bpmnElement="Activity_0xyl1gr">
        <omgdc:Bounds x="2920" y="170" width="100" height="80" />
      </bpmndi:BPMNShape>
      <bpmndi:BPMNShape id="Activity_1g91gm3_di" bpmnElement="hqCardMassApproval">
        <omgdc:Bounds x="3090" y="170" width="100" height="80" />
      </bpmndi:BPMNShape>
      <bpmndi:BPMNShape id="Gateway_0nejhfd_di" bpmnElement="Gateway_0nejhfd" isMarkerVisible="true">
        <omgdc:Bounds x="3255" y="185" width="50" height="50" />
      </bpmndi:BPMNShape>
      <bpmndi:BPMNShape id="Activity_0gdufog_di" bpmnElement="Activity_0owwsxg">
        <omgdc:Bounds x="3630" y="515" width="100" height="80" />
      </bpmndi:BPMNShape>
      <bpmndi:BPMNShape id="Gateway_1gopavq_di" bpmnElement="Gateway_1gopavq" isMarkerVisible="true">
        <omgdc:Bounds x="3655" y="400" width="50" height="50" />
      </bpmndi:BPMNShape>
      <bpmndi:BPMNShape id="Activity_10abvou_di" bpmnElement="Activity_05qjf33">
        <omgdc:Bounds x="3630" y="730" width="100" height="80" />
      </bpmndi:BPMNShape>
      <bpmndi:BPMNShape id="Activity_1j02mgk_di" bpmnElement="Activity_0z3cl78">
        <omgdc:Bounds x="3230" y="1220" width="100" height="80" />
      </bpmndi:BPMNShape>
      <bpmndi:BPMNShape id="Activity_16rm7rt_di" bpmnElement="spGoalMassApproval">
        <omgdc:Bounds x="3390" y="1220" width="100" height="80" />
      </bpmndi:BPMNShape>
      <bpmndi:BPMNShape id="Gateway_0w5xui9_di" bpmnElement="Gateway_0w5xui9" isMarkerVisible="true">
        <omgdc:Bounds x="3545" y="1235" width="50" height="50" />
      </bpmndi:BPMNShape>
      <bpmndi:BPMNShape id="Activity_0hxlbjq_di" bpmnElement="Activity_1qwo37k">
        <omgdc:Bounds x="3630" y="855" width="100" height="80" />
      </bpmndi:BPMNShape>
      <bpmndi:BPMNShape id="Event_0rzl9d5_di" bpmnElement="Event_0rzl9d5">
        <omgdc:Bounds x="3782" y="877" width="36" height="36" />
      </bpmndi:BPMNShape>
      <bpmndi:BPMNShape id="Gateway_0rhngkf_di" bpmnElement="Gateway_0rhngkf" isMarkerVisible="true">
        <omgdc:Bounds x="3255" y="605" width="50" height="50" />
      </bpmndi:BPMNShape>
      <bpmndi:BPMNShape id="Gateway_0tprjoz_di" bpmnElement="Gateway_0tprjoz" isMarkerVisible="true">
        <omgdc:Bounds x="3255" y="1050" width="50" height="50" />
      </bpmndi:BPMNShape>
      <bpmndi:BPMNShape id="Gateway_0en0m1w_di" bpmnElement="Gateway_0en0m1w" isMarkerVisible="true">
        <omgdc:Bounds x="3655" y="1050" width="50" height="50" />
      </bpmndi:BPMNShape>
      <bpmndi:BPMNShape id="Activity_1emq23b_di" bpmnElement="Activity_1uqqn9j">
        <omgdc:Bounds x="3230" y="730" width="100" height="80" />
      </bpmndi:BPMNShape>
      <bpmndi:BPMNEdge id="Association_008sq11_di" bpmnElement="Association_008sq11">
        <omgdi:waypoint x="660" y="595" />
        <omgdi:waypoint x="660" y="720" />
      </bpmndi:BPMNEdge>
    </bpmndi:BPMNPlane>
  </bpmndi:BPMNDiagram>
</definitions>
