<?xml version="1.0" encoding="UTF-8"?>
<definitions xmlns="http://www.omg.org/spec/BPMN/20100524/MODEL" xmlns:xsi="http://www.w3.org/2001/XMLSchema-instance" xmlns:bpmndi="http://www.omg.org/spec/BPMN/20100524/DI" xmlns:jmix="http://jmix.io/schema/bpm/bpmn" xmlns:omgdc="http://www.omg.org/spec/DD/20100524/DC" xmlns:omgdi="http://www.omg.org/spec/DD/20100524/DI" xmlns:flowable="http://flowable.org/bpmn" xmlns:xsd="http://www.w3.org/2001/XMLSchema" targetNamespace="http://www.flowable.org/processdef" xsi:schemaLocation="http://www.omg.org/spec/BPMN/20100524/MODEL http://www.omg.org/spec/BPMN/2.0/20100501/BPMN20.xsd">
  <collaboration id="Collaboration_1y3mbcx" name="Формирование цели КПЭ">
    <participant id="Participant_1wssmqv" name="Формирование цели КПЭ" processRef="kpi-goal" />
  </collaboration>
  <process id="kpi-goal" name="Формирование цели КПЭ" isExecutable="true">
    <extensionElements>
      <jmix:conditionDetails conditionSource="userTaskOutcome" />
    </extensionElements>
    <laneSet id="LaneSet_0vj5rkd">
      <lane id="Lane_11dkwic" name="Подразделение">
        <extensionElements>
          <jmix:assignmentDetails assigneeSource="expression" candidateUsersSource="users" candidateGroupsSource="userGroups" />
        </extensionElements>
        <flowNodeRef>startEvent1</flowNodeRef>
        <flowNodeRef>Gateway_1cu6mp0</flowNodeRef>
        <flowNodeRef>Activity_0b8vh0q</flowNodeRef>
        <flowNodeRef>Activity_1m4qekd</flowNodeRef>
        <flowNodeRef>Gateway_0tq80zb</flowNodeRef>
        <flowNodeRef>Activity_0npwbbe</flowNodeRef>
        <flowNodeRef>Gateway_13zsjc3</flowNodeRef>
        <flowNodeRef>Activity_0p6p2un</flowNodeRef>
        <flowNodeRef>Activity_1aoz910</flowNodeRef>
        <flowNodeRef>Gateway_0o6j0s8</flowNodeRef>
        <flowNodeRef>Activity_033qc2t</flowNodeRef>
        <flowNodeRef>Activity_05qjf33</flowNodeRef>
      </lane>
      <lane id="Lane_0022kzm" name="HR">
        <extensionElements>
          <jmix:assignmentDetails assigneeSource="expression" candidateUsers="" candidateUsersValue="" candidateUsersSource="users" candidateGroupsSource="userGroups" />
        </extensionElements>
        <flowNodeRef>Activity_0403vcp</flowNodeRef>
        <flowNodeRef>Gateway_07gt4zd</flowNodeRef>
        <flowNodeRef>Gateway_1ho8e6b</flowNodeRef>
        <flowNodeRef>Activity_0lu0e95</flowNodeRef>
        <flowNodeRef>Event_18t34z5</flowNodeRef>
        <flowNodeRef>Activity_0iagxj1</flowNodeRef>
        <flowNodeRef>Gateway_0hqgvaa</flowNodeRef>
        <flowNodeRef>Activity_1z09q07</flowNodeRef>
        <flowNodeRef>Event_0rzl9d5</flowNodeRef>
        <flowNodeRef>Activity_1vkkeok</flowNodeRef>
      </lane>
      <lane id="Lane_0gm37qn" name="Cогласование ФД">
        <flowNodeRef>Activity_1edt10o</flowNodeRef>
        <flowNodeRef>Activity_1sxdt8g</flowNodeRef>
        <flowNodeRef>Gateway_1pm456t</flowNodeRef>
        <flowNodeRef>Activity_0l784ea</flowNodeRef>
        <flowNodeRef>Gateway_1e30ll9</flowNodeRef>
        <flowNodeRef>Activity_02nqeju</flowNodeRef>
      </lane>
    </laneSet>
    <sequenceFlow id="Flow_0wnv8q2" sourceRef="Gateway_0tq80zb" targetRef="Gateway_13zsjc3">
      <extensionElements>
        <jmix:conditionDetails conditionSource="userTaskOutcome" conditionType="anyoneCompleted" userTaskId="Activity_1m4qekd" userTaskOutcome="reject" />
      </extensionElements>
      <conditionExpression xsi:type="tFormalExpression">${execution.getVariable('Activity_1m4qekd_result') != null &amp;&amp; bpm_UserTaskResults.containsOutcome(execution.getVariable('Activity_1m4qekd_result'), 'reject')}</conditionExpression>
    </sequenceFlow>
    <sequenceFlow id="Flow_0bzl6fv" sourceRef="Gateway_13zsjc3" targetRef="Activity_0npwbbe">
      <extensionElements>
        <jmix:conditionDetails conditionSource="expression" />
      </extensionElements>
    </sequenceFlow>
    <sequenceFlow id="Flow_06c7c0h" sourceRef="Activity_0npwbbe" targetRef="Activity_0b8vh0q">
      <extensionElements>
        <jmix:conditionDetails conditionSource="expression" />
      </extensionElements>
    </sequenceFlow>
    <sequenceFlow id="Flow_03q4wgy" sourceRef="Gateway_1e30ll9" targetRef="Gateway_1ho8e6b" />
    <sequenceFlow id="Flow_071lzyr" sourceRef="Activity_0l784ea" targetRef="Gateway_1e30ll9" />
    <sequenceFlow id="Flow_1meth5d" sourceRef="Activity_02nqeju" targetRef="Gateway_1e30ll9" />
    <sequenceFlow id="Flow_0qwb1oo" sourceRef="Activity_0lu0e95" targetRef="Event_18t34z5" />
    <sequenceFlow id="Flow_1u34dz2" sourceRef="Gateway_0hqgvaa" targetRef="Activity_0lu0e95">
      <extensionElements>
        <jmix:conditionDetails conditionSource="userTaskOutcome" conditionType="anyoneCompleted" userTaskId="Activity_0iagxj1" userTaskOutcome="reject" />
      </extensionElements>
      <conditionExpression xsi:type="tFormalExpression">${execution.getVariable('Activity_0iagxj1_result') != null &amp;&amp; bpm_UserTaskResults.containsOutcome(execution.getVariable('Activity_0iagxj1_result'), 'reject')}</conditionExpression>
    </sequenceFlow>
    <sequenceFlow id="Flow_0ibzywr" sourceRef="Activity_1z09q07" targetRef="Event_0rzl9d5" />
    <sequenceFlow id="Flow_0ul2vwr" sourceRef="Gateway_0hqgvaa" targetRef="Activity_1z09q07">
      <extensionElements>
        <jmix:conditionDetails conditionSource="userTaskOutcome" conditionType="anyoneCompleted" userTaskId="Activity_0iagxj1" userTaskOutcome="approve" />
      </extensionElements>
      <conditionExpression xsi:type="tFormalExpression">${execution.getVariable('Activity_0iagxj1_result') != null &amp;&amp; bpm_UserTaskResults.containsOutcome(execution.getVariable('Activity_0iagxj1_result'), 'approve')}</conditionExpression>
    </sequenceFlow>
    <sequenceFlow id="Flow_05mawup" sourceRef="Gateway_1ho8e6b" targetRef="Activity_1vkkeok">
      <extensionElements>
        <jmix:conditionDetails conditionSource="expression" />
      </extensionElements>
    </sequenceFlow>
    <sequenceFlow id="Flow_10a16bz" sourceRef="Gateway_1pm456t" targetRef="Activity_02nqeju">
      <extensionElements>
        <jmix:conditionDetails conditionSource="userTaskOutcome" conditionType="anyoneCompleted" userTaskId="Activity_1sxdt8g" userTaskOutcome="reject" />
      </extensionElements>
      <conditionExpression xsi:type="tFormalExpression">${execution.getVariable('Activity_1sxdt8g_result') != null &amp;&amp; bpm_UserTaskResults.containsOutcome(execution.getVariable('Activity_1sxdt8g_result'), 'reject')}</conditionExpression>
    </sequenceFlow>
    <sequenceFlow id="Flow_0kej2j5" sourceRef="Gateway_1pm456t" targetRef="Activity_0l784ea">
      <extensionElements>
        <jmix:conditionDetails conditionSource="userTaskOutcome" conditionType="anyoneCompleted" userTaskId="Activity_1sxdt8g" userTaskOutcome="approve" />
      </extensionElements>
      <conditionExpression xsi:type="tFormalExpression">${execution.getVariable('Activity_1sxdt8g_result') != null &amp;&amp; bpm_UserTaskResults.containsOutcome(execution.getVariable('Activity_1sxdt8g_result'), 'approve')}</conditionExpression>
    </sequenceFlow>
    <sequenceFlow id="Flow_007fvvo" sourceRef="Activity_1sxdt8g" targetRef="Gateway_1pm456t" />
    <sequenceFlow id="Flow_0o5bq2n" sourceRef="Activity_1edt10o" targetRef="Activity_1sxdt8g" />
    <sequenceFlow id="Flow_11zc9f6" sourceRef="Activity_0iagxj1" targetRef="Gateway_0hqgvaa" />
    <sequenceFlow id="Flow_0gq0s4a" sourceRef="Activity_0403vcp" targetRef="Gateway_07gt4zd" />
    <sequenceFlow id="Flow_0zl1yqb" sourceRef="startEvent1" targetRef="Gateway_1cu6mp0" />
    <sequenceFlow id="Flow_0m036a6" sourceRef="Activity_1m4qekd" targetRef="Gateway_0tq80zb" />
    <sequenceFlow id="Flow_0unk991" sourceRef="Gateway_0tq80zb" targetRef="Activity_033qc2t">
      <extensionElements>
        <jmix:conditionDetails conditionSource="userTaskOutcome" conditionType="anyoneCompleted" userTaskId="Activity_1m4qekd" userTaskOutcome="approve" />
      </extensionElements>
      <conditionExpression xsi:type="tFormalExpression">${execution.getVariable('Activity_1m4qekd_result') != null &amp;&amp; bpm_UserTaskResults.containsOutcome(execution.getVariable('Activity_1m4qekd_result'), 'approve')}</conditionExpression>
    </sequenceFlow>
    <sequenceFlow id="Flow_0t4xzcz" sourceRef="Activity_1aoz910" targetRef="Gateway_0o6j0s8" />
    <sequenceFlow id="Flow_0zb4ioj" sourceRef="Gateway_0o6j0s8" targetRef="Activity_05qjf33">
      <extensionElements>
        <jmix:conditionDetails conditionSource="userTaskOutcome" conditionType="anyoneCompleted" userTaskId="Activity_1aoz910" userTaskOutcome="approve" />
      </extensionElements>
      <conditionExpression xsi:type="tFormalExpression">${execution.getVariable('Activity_1aoz910_result') != null &amp;&amp; bpm_UserTaskResults.containsOutcome(execution.getVariable('Activity_1aoz910_result'), 'approve')}</conditionExpression>
    </sequenceFlow>
    <sequenceFlow id="Flow_0do39l1" sourceRef="Gateway_0o6j0s8" targetRef="Gateway_13zsjc3">
      <extensionElements>
        <jmix:conditionDetails conditionSource="userTaskOutcome" conditionType="anyoneCompleted" userTaskId="Activity_1aoz910" userTaskOutcome="reject" />
      </extensionElements>
      <conditionExpression xsi:type="tFormalExpression">${execution.getVariable('Activity_1aoz910_result') != null &amp;&amp; bpm_UserTaskResults.containsOutcome(execution.getVariable('Activity_1aoz910_result'), 'reject')}</conditionExpression>
    </sequenceFlow>
    <sequenceFlow id="Flow_1j6rqjl" sourceRef="Gateway_1cu6mp0" targetRef="Activity_0p6p2un" />
    <sequenceFlow id="Flow_1bhf2we" sourceRef="Activity_0b8vh0q" targetRef="Gateway_1cu6mp0" />
    <sequenceFlow id="Flow_1loft8g" sourceRef="Activity_05qjf33" targetRef="Activity_0403vcp" />
    <startEvent id="startEvent1">
      <extensionElements>
        <jmix:processVariables />
        <jmix:formData type="input-dialog" openMode="DIALOG">
          <jmix:formFields>
            <jmix:formField id="kpiGoal" caption="Цель КПЭ" type="entity" editable="true" required="false">
              <jmix:formFieldProperty name="uiComponent" value="entityPicker" />
              <jmix:formFieldProperty name="entityName" value="kpi_KpiGoal" />
            </jmix:formField>
            <jmix:formField id="employee" caption="Инициатор" type="entity" editable="true" required="false">
              <jmix:formFieldProperty name="uiComponent" value="entityPicker" />
              <jmix:formFieldProperty name="entityName" value="kpi_Employee" />
            </jmix:formField>
            <jmix:formField id="supervisor" caption="Непосредственный руководитель" type="entity" editable="true" required="false">
              <jmix:formFieldProperty name="uiComponent" value="entityPicker" />
              <jmix:formFieldProperty name="entityName" value="kpi_Employee" />
            </jmix:formField>
            <jmix:formField id="leader" caption="Курирующий руководитель" type="entity" editable="true" required="false">
              <jmix:formFieldProperty name="uiComponent" value="entityPicker" />
              <jmix:formFieldProperty name="entityName" value="kpi_Employee" />
            </jmix:formField>
            <jmix:formField id="info" caption="Примечание" type="multilineString" editable="true" required="false" />
          </jmix:formFields>
        </jmix:formData>
      </extensionElements>
      <outgoing>Flow_0zl1yqb</outgoing>
    </startEvent>
    <exclusiveGateway id="Gateway_1cu6mp0">
      <incoming>Flow_0zl1yqb</incoming>
      <incoming>Flow_1bhf2we</incoming>
      <outgoing>Flow_1j6rqjl</outgoing>
    </exclusiveGateway>
    <sequenceFlow id="Flow_1eips9d" sourceRef="Gateway_0hqgvaa" targetRef="Gateway_13zsjc3">
      <extensionElements>
        <jmix:conditionDetails conditionSource="expression" />
      </extensionElements>
    </sequenceFlow>
    <sequenceFlow id="Flow_05650gn" name="Наличие фин. показателей..." sourceRef="Gateway_07gt4zd" targetRef="Activity_1edt10o">
      <extensionElements>
        <jmix:conditionDetails conditionSource="userTaskOutcome" conditionType="anyoneCompleted" userTaskId="Activity_0403vcp" userTaskOutcome="fdApproval" />
      </extensionElements>
      <conditionExpression xsi:type="tFormalExpression">${execution.getVariable('Activity_0403vcp_result') != null &amp;&amp; bpm_UserTaskResults.containsOutcome(execution.getVariable('Activity_0403vcp_result'), 'fdApproval')}</conditionExpression>
    </sequenceFlow>
    <userTask id="Activity_0b8vh0q" name="Корректировка КПЭ" flowable:assignee="${employee.username}" jmix:assigneeSource="processVariable" jmix:assigneeValue="employee">
      <extensionElements>
        <jmix:formData type="jmix-screen" openMode="THIS_TAB" screenId="kpi_KpiGoal.edit" />
      </extensionElements>
      <incoming>Flow_06c7c0h</incoming>
      <outgoing>Flow_1bhf2we</outgoing>
    </userTask>
    <sequenceFlow id="Flow_11z6gz6" sourceRef="Activity_0p6p2un" targetRef="Activity_1m4qekd" />
    <userTask id="Activity_1m4qekd" name="Согласование непосредственного руководителя" flowable:assignee="${supervisor.username}" jmix:assigneeSource="processVariable" jmix:assigneeValue="supervisor">
      <extensionElements>
        <jmix:conditionDetails conditionSource="userTaskOutcome" />
        <jmix:formData type="input-dialog" openMode="DIALOG">
          <jmix:formFields>
            <jmix:formField id="kpiGoal" caption="Цель" type="entity" editable="false" required="false">
              <jmix:formFieldProperty name="uiComponent" value="entityPicker" />
              <jmix:formFieldProperty name="entityName" value="kpi_KpiGoal" />
            </jmix:formField>
            <jmix:formField id="employee" caption="Initiator" type="entity" editable="false" required="false">
              <jmix:formFieldProperty name="uiComponent" value="entityPicker" />
              <jmix:formFieldProperty name="entityName" value="kpi_Employee" />
            </jmix:formField>
            <jmix:formField id="info" caption="Info" type="multilineString" editable="false" required="false" />
          </jmix:formFields>
          <jmix:formOutcomes>
            <jmix:formOutcome id="approve" caption="Согласовать" icon="font-icon:CHECK" />
            <jmix:formOutcome id="reject" caption="Отклонить" icon="font-icon:BAN" />
          </jmix:formOutcomes>
        </jmix:formData>
      </extensionElements>
      <incoming>Flow_11z6gz6</incoming>
      <outgoing>Flow_0m036a6</outgoing>
    </userTask>
    <exclusiveGateway id="Gateway_0tq80zb">
      <extensionElements>
        <jmix:conditionDetails conditionSource="userTaskOutcome" />
      </extensionElements>
      <incoming>Flow_0m036a6</incoming>
      <outgoing>Flow_0unk991</outgoing>
      <outgoing>Flow_0wnv8q2</outgoing>
    </exclusiveGateway>
    <serviceTask id="Activity_0npwbbe" name="Отказано / На корректировки" flowable:expression="${kpiGoalService.updateStatus(kpiGoal, &#39;ADJUSTMENT&#39;)}" flowable:resultVariable="kpiGoal" jmix:taskType="springBean" jmix:beanName="kpiGoalService">
      <extensionElements>
        <jmix:springBean beanName="kpiGoalService" methodName="updateStatus">
          <jmix:methodParam name="kpiGoal" type="kz.eub.kpi.entity.kpi.KpiGoal" isVariable="true">kpiGoal</jmix:methodParam>
          <jmix:methodParam name="statusStr" type="java.lang.String" isVariable="false">ADJUSTMENT</jmix:methodParam>
        </jmix:springBean>
      </extensionElements>
      <incoming>Flow_0bzl6fv</incoming>
      <outgoing>Flow_06c7c0h</outgoing>
    </serviceTask>
    <exclusiveGateway id="Gateway_13zsjc3">
      <incoming>Flow_0wnv8q2</incoming>
      <incoming>Flow_1eips9d</incoming>
      <incoming>Flow_0do39l1</incoming>
      <outgoing>Flow_0bzl6fv</outgoing>
    </exclusiveGateway>
    <serviceTask id="Activity_0p6p2un" name="SUPERVISOR APPROVAL" flowable:expression="${kpiGoalService.updateStatus(kpiGoal, &#39;SUPERVISOR_APPROVAL&#39;)}" flowable:resultVariable="kpiGoal" jmix:taskType="springBean" jmix:beanName="kpiGoalService">
      <extensionElements>
        <jmix:springBean beanName="kpiGoalService" methodName="updateStatus">
          <jmix:methodParam name="kpiGoal" type="kz.eub.kpi.entity.kpi.KpiGoal" isVariable="true">kpiGoal</jmix:methodParam>
          <jmix:methodParam name="statusStr" type="java.lang.String" isVariable="false">SUPERVISOR_APPROVAL</jmix:methodParam>
        </jmix:springBean>
      </extensionElements>
      <incoming>Flow_1j6rqjl</incoming>
      <outgoing>Flow_11z6gz6</outgoing>
    </serviceTask>
    <userTask id="Activity_1aoz910" name="Согласование курирующим руководителем" flowable:assignee="${leader.username}" jmix:assigneeSource="processVariable" jmix:assigneeValue="leader">
      <extensionElements>
        <jmix:formData type="input-dialog" openMode="DIALOG">
          <jmix:formFields>
            <jmix:formField id="kpiGoal" caption="Цель КПЭ" type="entity" editable="false" required="false">
              <jmix:formFieldProperty name="uiComponent" value="entityPicker" />
              <jmix:formFieldProperty name="entityName" value="kpi_KpiGoal" />
            </jmix:formField>
            <jmix:formField id="employee" caption="Сотрудник" type="entity" editable="false" required="false">
              <jmix:formFieldProperty name="uiComponent" value="entityPicker" />
              <jmix:formFieldProperty name="entityName" value="kpi_Employee" />
            </jmix:formField>
            <jmix:formField id="info" caption="Примечание" type="multilineString" editable="false" required="false" />
          </jmix:formFields>
          <jmix:formOutcomes>
            <jmix:formOutcome id="approve" caption="Согласовать" icon="font-icon:CHECK" />
            <jmix:formOutcome id="reject" caption="Отклонить" icon="font-icon:BAN" />
          </jmix:formOutcomes>
        </jmix:formData>
      </extensionElements>
      <incoming>Flow_1eli1ad</incoming>
      <outgoing>Flow_0t4xzcz</outgoing>
    </userTask>
    <exclusiveGateway id="Gateway_0o6j0s8">
      <incoming>Flow_0t4xzcz</incoming>
      <outgoing>Flow_0zb4ioj</outgoing>
      <outgoing>Flow_0do39l1</outgoing>
    </exclusiveGateway>
    <userTask id="Activity_0403vcp" name="Получение целей КПЭ" flowable:candidateUsers="" jmix:assigneeSource="expression" jmix:candidateUsersValue="">
      <extensionElements>
        <jmix:formData type="input-dialog" openMode="DIALOG">
          <jmix:formFields>
            <jmix:formField id="kpiGoal" caption="Цель КПЭ" type="entity" editable="false" required="false">
              <jmix:formFieldProperty name="uiComponent" value="entityPicker" />
              <jmix:formFieldProperty name="entityName" value="kpi_KpiGoal" />
            </jmix:formField>
            <jmix:formField id="employee" caption="Сотрудник" type="entity" editable="false" required="false">
              <jmix:formFieldProperty name="uiComponent" value="entityPicker" />
              <jmix:formFieldProperty name="entityName" value="kpi_Employee" />
            </jmix:formField>
            <jmix:formField id="info" caption="Примечание" type="multilineString" editable="false" required="false" />
          </jmix:formFields>
          <jmix:formOutcomes>
            <jmix:formOutcome id="accept" caption="Принять" icon="font-icon:CHECK" />
            <jmix:formOutcome id="fdApproval" caption="Согласование ФД" icon="font-icon:FLAG_O" />
          </jmix:formOutcomes>
        </jmix:formData>
      </extensionElements>
      <incoming>Flow_1loft8g</incoming>
      <outgoing>Flow_0gq0s4a</outgoing>
    </userTask>
    <exclusiveGateway id="Gateway_07gt4zd">
      <incoming>Flow_0gq0s4a</incoming>
      <outgoing>Flow_05650gn</outgoing>
      <outgoing>Flow_0p4xtoj</outgoing>
    </exclusiveGateway>
    <exclusiveGateway id="Gateway_1ho8e6b">
      <incoming>Flow_03q4wgy</incoming>
      <incoming>Flow_0p4xtoj</incoming>
      <outgoing>Flow_05mawup</outgoing>
    </exclusiveGateway>
    <serviceTask id="Activity_1edt10o" name="FD APPROVAL" flowable:expression="${kpiGoalService.updateStatus(kpiGoal, &#39;FD_APPROVAL&#39;)}" flowable:resultVariable="kpiGoal" jmix:taskType="springBean" jmix:beanName="kpiGoalService">
      <extensionElements>
        <jmix:springBean beanName="kpiGoalService" methodName="updateStatus">
          <jmix:methodParam name="kpiGoal" type="kz.eub.kpi.entity.kpi.KpiGoal" isVariable="true">kpiGoal</jmix:methodParam>
          <jmix:methodParam name="statusStr" type="java.lang.String" isVariable="false">FD_APPROVAL</jmix:methodParam>
        </jmix:springBean>
      </extensionElements>
      <incoming>Flow_05650gn</incoming>
      <outgoing>Flow_0o5bq2n</outgoing>
    </serviceTask>
    <userTask id="Activity_1sxdt8g" name="Согласование ФД" jmix:assigneeSource="expression">
      <extensionElements>
        <jmix:formData type="input-dialog" openMode="DIALOG">
          <jmix:formFields>
            <jmix:formField id="kpiGoal" caption="Цель КПЭ" type="entity" editable="false" required="false">
              <jmix:formFieldProperty name="uiComponent" value="entityPicker" />
              <jmix:formFieldProperty name="entityName" value="kpi_KpiGoal" />
            </jmix:formField>
            <jmix:formField id="employee" caption="Иницитаор" type="entity" editable="false" required="false">
              <jmix:formFieldProperty name="uiComponent" value="entityPicker" />
              <jmix:formFieldProperty name="entityName" value="kpi_Employee" />
            </jmix:formField>
          </jmix:formFields>
          <jmix:formOutcomes>
            <jmix:formOutcome id="approve" caption="Согласовать" icon="font-icon:CHECK" />
            <jmix:formOutcome id="reject" caption="Отклонить" icon="font-icon:BAN" />
          </jmix:formOutcomes>
        </jmix:formData>
      </extensionElements>
      <incoming>Flow_0o5bq2n</incoming>
      <outgoing>Flow_007fvvo</outgoing>
    </userTask>
    <exclusiveGateway id="Gateway_1pm456t">
      <incoming>Flow_007fvvo</incoming>
      <outgoing>Flow_0kej2j5</outgoing>
      <outgoing>Flow_10a16bz</outgoing>
    </exclusiveGateway>
    <serviceTask id="Activity_0l784ea" name="Согласовано" flowable:expression="${kpiGoalService.updateStatus(kpiGoal, &#39;APPROVED&#39;)}" flowable:resultVariable="kpiGoal" jmix:taskType="springBean" jmix:beanName="kpiGoalService">
      <extensionElements>
        <jmix:springBean beanName="kpiGoalService" methodName="updateStatus">
          <jmix:methodParam name="kpiGoal" type="kz.eub.kpi.entity.kpi.KpiGoal" isVariable="true">kpiGoal</jmix:methodParam>
          <jmix:methodParam name="statusStr" type="java.lang.String" isVariable="false">APPROVED</jmix:methodParam>
        </jmix:springBean>
      </extensionElements>
      <incoming>Flow_0kej2j5</incoming>
      <outgoing>Flow_071lzyr</outgoing>
    </serviceTask>
    <exclusiveGateway id="Gateway_1e30ll9">
      <incoming>Flow_1meth5d</incoming>
      <incoming>Flow_071lzyr</incoming>
      <outgoing>Flow_03q4wgy</outgoing>
    </exclusiveGateway>
    <serviceTask id="Activity_02nqeju" name="Отказано" flowable:expression="${kpiGoalService.updateStatus(kpiGoal, &#39;REJECTED&#39;)}" flowable:resultVariable="kpiGoal" jmix:taskType="springBean" jmix:beanName="kpiGoalService">
      <extensionElements>
        <jmix:springBean beanName="kpiGoalService" methodName="updateStatus">
          <jmix:methodParam name="kpiGoal" type="kz.eub.kpi.entity.kpi.KpiGoal" isVariable="true">kpiGoal</jmix:methodParam>
          <jmix:methodParam name="statusStr" type="java.lang.String" isVariable="false">REJECTED</jmix:methodParam>
        </jmix:springBean>
      </extensionElements>
      <incoming>Flow_10a16bz</incoming>
      <outgoing>Flow_1meth5d</outgoing>
    </serviceTask>
    <sequenceFlow id="Flow_1eli1ad" sourceRef="Activity_033qc2t" targetRef="Activity_1aoz910" />
    <serviceTask id="Activity_033qc2t" name="LEADER APPROVAL" flowable:expression="${kpiGoalService.updateStatus(kpiGoal, &#39;LEADER_APPROVAL&#39;)}" flowable:resultVariable="kpiGoal" jmix:taskType="springBean" jmix:beanName="kpiGoalService">
      <extensionElements>
        <jmix:springBean beanName="kpiGoalService" methodName="updateStatus">
          <jmix:methodParam name="kpiGoal" type="kz.eub.kpi.entity.kpi.KpiGoal" isVariable="true">kpiGoal</jmix:methodParam>
          <jmix:methodParam name="statusStr" type="java.lang.String" isVariable="false">LEADER_APPROVAL</jmix:methodParam>
        </jmix:springBean>
      </extensionElements>
      <incoming>Flow_0unk991</incoming>
      <outgoing>Flow_1eli1ad</outgoing>
    </serviceTask>
    <serviceTask id="Activity_0lu0e95" name="REJECTED" flowable:expression="${kpiGoalService.updateStatus(kpiGoal, &#39;REJECTED&#39;)}" flowable:resultVariable="kpiGoal" jmix:taskType="springBean" jmix:beanName="kpiGoalService">
      <extensionElements>
        <jmix:springBean beanName="kpiGoalService" methodName="updateStatus">
          <jmix:methodParam name="kpiGoal" type="kz.eub.kpi.entity.kpi.KpiGoal" isVariable="true">kpiGoal</jmix:methodParam>
          <jmix:methodParam name="statusStr" type="java.lang.String" isVariable="false">REJECTED</jmix:methodParam>
        </jmix:springBean>
      </extensionElements>
      <incoming>Flow_1u34dz2</incoming>
      <outgoing>Flow_0qwb1oo</outgoing>
    </serviceTask>
    <endEvent id="Event_18t34z5">
      <incoming>Flow_0qwb1oo</incoming>
    </endEvent>
    <userTask id="Activity_0iagxj1" name="Согласование HR">
      <extensionElements>
        <jmix:formData type="input-dialog" openMode="DIALOG">
          <jmix:formFields>
            <jmix:formField id="kpiGoal" caption="Цель КПЭ" type="entity" editable="false" required="false">
              <jmix:formFieldProperty name="uiComponent" value="entityPicker" />
              <jmix:formFieldProperty name="entityName" value="kpi_KpiGoal" />
            </jmix:formField>
            <jmix:formField id="employee" caption="Сотрудник" type="entity" editable="false" required="false">
              <jmix:formFieldProperty name="uiComponent" value="entityPicker" />
              <jmix:formFieldProperty name="entityName" value="kpi_Employee" />
            </jmix:formField>
            <jmix:formField id="info" caption="Примечание" type="multilineString" editable="false" required="false" />
          </jmix:formFields>
          <jmix:formOutcomes>
            <jmix:formOutcome id="approve" caption="Согласовать" icon="font-icon:CHECK" />
            <jmix:formOutcome id="reject" caption="Отклонить" icon="font-icon:BAN" />
          </jmix:formOutcomes>
        </jmix:formData>
      </extensionElements>
      <incoming>Flow_14b9g74</incoming>
      <outgoing>Flow_11zc9f6</outgoing>
    </userTask>
    <exclusiveGateway id="Gateway_0hqgvaa">
      <incoming>Flow_11zc9f6</incoming>
      <outgoing>Flow_0ul2vwr</outgoing>
      <outgoing>Flow_1u34dz2</outgoing>
      <outgoing>Flow_1eips9d</outgoing>
    </exclusiveGateway>
    <serviceTask id="Activity_1z09q07" name="APPROVED" flowable:expression="${kpiGoalService.updateStatus(kpiGoal, &#39;APPROVED&#39;)}" flowable:resultVariable="kpiGoal" jmix:taskType="springBean" jmix:beanName="kpiGoalService">
      <extensionElements>
        <jmix:springBean beanName="kpiGoalService" methodName="updateStatus">
          <jmix:methodParam name="kpiGoal" type="kz.eub.kpi.entity.kpi.KpiGoal" isVariable="true">kpiGoal</jmix:methodParam>
          <jmix:methodParam name="statusStr" type="java.lang.String" isVariable="false">APPROVED</jmix:methodParam>
        </jmix:springBean>
      </extensionElements>
      <incoming>Flow_0ul2vwr</incoming>
      <outgoing>Flow_0ibzywr</outgoing>
    </serviceTask>
    <endEvent id="Event_0rzl9d5">
      <incoming>Flow_0ibzywr</incoming>
    </endEvent>
    <serviceTask id="Activity_1vkkeok" name="HR APPROVAL" flowable:expression="${kpiGoalService.updateStatus(kpiGoal, &#39;HR_APPROVAL&#39;)}" flowable:resultVariable="kpiGoal" jmix:taskType="springBean" jmix:beanName="kpiGoalService">
      <extensionElements>
        <jmix:springBean beanName="kpiGoalService" methodName="updateStatus">
          <jmix:methodParam name="kpiGoal" type="kz.eub.kpi.entity.kpi.KpiGoal" isVariable="true">kpiGoal</jmix:methodParam>
          <jmix:methodParam name="statusStr" type="java.lang.String" isVariable="false">HR_APPROVAL</jmix:methodParam>
        </jmix:springBean>
      </extensionElements>
      <incoming>Flow_05mawup</incoming>
      <outgoing>Flow_14b9g74</outgoing>
    </serviceTask>
    <sequenceFlow id="Flow_14b9g74" sourceRef="Activity_1vkkeok" targetRef="Activity_0iagxj1" />
    <sequenceFlow id="Flow_0p4xtoj" name="Отсутствие фин. показателей" sourceRef="Gateway_07gt4zd" targetRef="Gateway_1ho8e6b">
      <extensionElements>
        <jmix:conditionDetails conditionSource="userTaskOutcome" conditionType="anyoneCompleted" userTaskId="Activity_0403vcp" userTaskOutcome="accept" />
      </extensionElements>
      <conditionExpression xsi:type="tFormalExpression">${execution.getVariable('Activity_0403vcp_result') != null &amp;&amp; bpm_UserTaskResults.containsOutcome(execution.getVariable('Activity_0403vcp_result'), 'accept')}</conditionExpression>
    </sequenceFlow>
    <serviceTask id="Activity_05qjf33" name="APPROVAL" flowable:expression="${kpiGoalService.updateStatus(kpiGoal, &#39;APPROVAL&#39;)}" flowable:resultVariable="kpiGoal" jmix:taskType="springBean" jmix:beanName="kpiGoalService">
      <extensionElements>
        <jmix:springBean beanName="kpiGoalService" methodName="updateStatus">
          <jmix:methodParam name="kpiGoal" type="kz.eub.kpi.entity.kpi.KpiGoal" isVariable="true">kpiGoal</jmix:methodParam>
          <jmix:methodParam name="statusStr" type="java.lang.String" isVariable="false">APPROVAL</jmix:methodParam>
        </jmix:springBean>
      </extensionElements>
      <incoming>Flow_0zb4ioj</incoming>
      <outgoing>Flow_1loft8g</outgoing>
    </serviceTask>
    <textAnnotation id="TextAnnotation_0xfbi3r">
      <text>Указать причину при отказе</text>
    </textAnnotation>
    <association id="Association_008sq11" sourceRef="Activity_0npwbbe" targetRef="TextAnnotation_0xfbi3r" />
    <textAnnotation id="TextAnnotation_19s8iof">
      <text>Указать комментарий</text>
    </textAnnotation>
    <association id="Association_1supgb8" sourceRef="Activity_02nqeju" targetRef="TextAnnotation_19s8iof" />
  </process>
  <bpmndi:BPMNDiagram id="BPMNDiagram_process">
    <bpmndi:BPMNPlane id="BPMNPlane_process" bpmnElement="Collaboration_1y3mbcx">
      <bpmndi:BPMNShape id="Participant_1wssmqv_di" bpmnElement="Participant_1wssmqv" isHorizontal="true">
        <omgdc:Bounds x="100" y="105" width="2440" height="960" />
      </bpmndi:BPMNShape>
      <bpmndi:BPMNShape id="Lane_0gm37qn_di" bpmnElement="Lane_0gm37qn" isHorizontal="true">
        <omgdc:Bounds x="130" y="755" width="2410" height="310" />
      </bpmndi:BPMNShape>
      <bpmndi:BPMNShape id="Lane_0022kzm_di" bpmnElement="Lane_0022kzm" isHorizontal="true">
        <omgdc:Bounds x="130" y="415" width="2410" height="340" />
      </bpmndi:BPMNShape>
      <bpmndi:BPMNShape id="Lane_11dkwic_di" bpmnElement="Lane_11dkwic" isHorizontal="true">
        <omgdc:Bounds x="130" y="105" width="2410" height="310" />
      </bpmndi:BPMNShape>
      <bpmndi:BPMNEdge id="Flow_0p4xtoj_di" bpmnElement="Flow_0p4xtoj">
        <omgdi:waypoint x="1265" y="625" />
        <omgdi:waypoint x="1770" y="625" />
        <bpmndi:BPMNLabel>
          <omgdc:Bounds x="1475" y="586" width="86" height="27" />
        </bpmndi:BPMNLabel>
      </bpmndi:BPMNEdge>
      <bpmndi:BPMNEdge id="Flow_14b9g74_di" bpmnElement="Flow_14b9g74">
        <omgdi:waypoint x="1970" y="625" />
        <omgdi:waypoint x="2030" y="625" />
      </bpmndi:BPMNEdge>
      <bpmndi:BPMNEdge id="Flow_1eli1ad_di" bpmnElement="Flow_1eli1ad">
        <omgdi:waypoint x="870" y="195" />
        <omgdi:waypoint x="930" y="195" />
      </bpmndi:BPMNEdge>
      <bpmndi:BPMNEdge id="Flow_11z6gz6_di" bpmnElement="Flow_11z6gz6">
        <omgdi:waypoint x="460" y="195" />
        <omgdi:waypoint x="520" y="195" />
      </bpmndi:BPMNEdge>
      <bpmndi:BPMNEdge id="Flow_05650gn_di" bpmnElement="Flow_05650gn">
        <omgdi:waypoint x="1240" y="650" />
        <omgdi:waypoint x="1240" y="805" />
        <bpmndi:BPMNLabel>
          <omgdc:Bounds x="1153" y="666" width="73" height="27" />
        </bpmndi:BPMNLabel>
      </bpmndi:BPMNEdge>
      <bpmndi:BPMNEdge id="Flow_1eips9d_di" bpmnElement="Flow_1eips9d">
        <omgdi:waypoint x="2210" y="650" />
        <omgdi:waypoint x="2210" y="720" />
        <omgdi:waypoint x="700" y="720" />
        <omgdi:waypoint x="700" y="350" />
      </bpmndi:BPMNEdge>
      <bpmndi:BPMNEdge id="Flow_1loft8g_di" bpmnElement="Flow_1loft8g">
        <omgdi:waypoint x="1240" y="235" />
        <omgdi:waypoint x="1240" y="460" />
      </bpmndi:BPMNEdge>
      <bpmndi:BPMNEdge id="Flow_1bhf2we_di" bpmnElement="Flow_1bhf2we">
        <omgdi:waypoint x="280" y="285" />
        <omgdi:waypoint x="280" y="220" />
      </bpmndi:BPMNEdge>
      <bpmndi:BPMNEdge id="Flow_1j6rqjl_di" bpmnElement="Flow_1j6rqjl">
        <omgdi:waypoint x="305" y="195" />
        <omgdi:waypoint x="360" y="195" />
      </bpmndi:BPMNEdge>
      <bpmndi:BPMNEdge id="Flow_0do39l1_di" bpmnElement="Flow_0do39l1">
        <omgdi:waypoint x="1110" y="220" />
        <omgdi:waypoint x="1110" y="325" />
        <omgdi:waypoint x="725" y="325" />
      </bpmndi:BPMNEdge>
      <bpmndi:BPMNEdge id="Flow_0zb4ioj_di" bpmnElement="Flow_0zb4ioj">
        <omgdi:waypoint x="1135" y="195" />
        <omgdi:waypoint x="1190" y="195" />
      </bpmndi:BPMNEdge>
      <bpmndi:BPMNEdge id="Flow_0t4xzcz_di" bpmnElement="Flow_0t4xzcz">
        <omgdi:waypoint x="1030" y="195" />
        <omgdi:waypoint x="1085" y="195" />
      </bpmndi:BPMNEdge>
      <bpmndi:BPMNEdge id="Flow_0unk991_di" bpmnElement="Flow_0unk991">
        <omgdi:waypoint x="725" y="195" />
        <omgdi:waypoint x="770" y="195" />
      </bpmndi:BPMNEdge>
      <bpmndi:BPMNEdge id="Flow_0m036a6_di" bpmnElement="Flow_0m036a6">
        <omgdi:waypoint x="620" y="195" />
        <omgdi:waypoint x="675" y="195" />
      </bpmndi:BPMNEdge>
      <bpmndi:BPMNEdge id="Flow_0zl1yqb_di" bpmnElement="Flow_0zl1yqb">
        <omgdi:waypoint x="200" y="195" />
        <omgdi:waypoint x="255" y="195" />
      </bpmndi:BPMNEdge>
      <bpmndi:BPMNEdge id="Flow_0gq0s4a_di" bpmnElement="Flow_0gq0s4a">
        <omgdi:waypoint x="1240" y="540" />
        <omgdi:waypoint x="1240" y="600" />
      </bpmndi:BPMNEdge>
      <bpmndi:BPMNEdge id="Flow_11zc9f6_di" bpmnElement="Flow_11zc9f6">
        <omgdi:waypoint x="2130" y="625" />
        <omgdi:waypoint x="2185" y="625" />
      </bpmndi:BPMNEdge>
      <bpmndi:BPMNEdge id="Flow_0o5bq2n_di" bpmnElement="Flow_0o5bq2n">
        <omgdi:waypoint x="1290" y="845" />
        <omgdi:waypoint x="1350" y="845" />
      </bpmndi:BPMNEdge>
      <bpmndi:BPMNEdge id="Flow_007fvvo_di" bpmnElement="Flow_007fvvo">
        <omgdi:waypoint x="1450" y="845" />
        <omgdi:waypoint x="1504" y="845" />
      </bpmndi:BPMNEdge>
      <bpmndi:BPMNEdge id="Flow_0kej2j5_di" bpmnElement="Flow_0kej2j5">
        <omgdi:waypoint x="1554" y="845" />
        <omgdi:waypoint x="1609" y="845" />
      </bpmndi:BPMNEdge>
      <bpmndi:BPMNEdge id="Flow_10a16bz_di" bpmnElement="Flow_10a16bz">
        <omgdi:waypoint x="1529" y="870" />
        <omgdi:waypoint x="1529" y="975" />
        <omgdi:waypoint x="1609" y="975" />
      </bpmndi:BPMNEdge>
      <bpmndi:BPMNEdge id="Flow_05mawup_di" bpmnElement="Flow_05mawup">
        <omgdi:waypoint x="1820" y="625" />
        <omgdi:waypoint x="1870" y="625" />
      </bpmndi:BPMNEdge>
      <bpmndi:BPMNEdge id="Flow_0ul2vwr_di" bpmnElement="Flow_0ul2vwr">
        <omgdi:waypoint x="2235" y="625" />
        <omgdi:waypoint x="2290" y="625" />
      </bpmndi:BPMNEdge>
      <bpmndi:BPMNEdge id="Flow_0ibzywr_di" bpmnElement="Flow_0ibzywr">
        <omgdi:waypoint x="2390" y="625" />
        <omgdi:waypoint x="2452" y="625" />
      </bpmndi:BPMNEdge>
      <bpmndi:BPMNEdge id="Flow_1u34dz2_di" bpmnElement="Flow_1u34dz2">
        <omgdi:waypoint x="2210" y="600" />
        <omgdi:waypoint x="2210" y="500" />
        <omgdi:waypoint x="2290" y="500" />
      </bpmndi:BPMNEdge>
      <bpmndi:BPMNEdge id="Flow_0qwb1oo_di" bpmnElement="Flow_0qwb1oo">
        <omgdi:waypoint x="2390" y="500" />
        <omgdi:waypoint x="2452" y="500" />
      </bpmndi:BPMNEdge>
      <bpmndi:BPMNEdge id="Flow_1meth5d_di" bpmnElement="Flow_1meth5d">
        <omgdi:waypoint x="1709" y="975" />
        <omgdi:waypoint x="1795" y="975" />
        <omgdi:waypoint x="1795" y="870" />
      </bpmndi:BPMNEdge>
      <bpmndi:BPMNEdge id="Flow_071lzyr_di" bpmnElement="Flow_071lzyr">
        <omgdi:waypoint x="1709" y="845" />
        <omgdi:waypoint x="1770" y="845" />
      </bpmndi:BPMNEdge>
      <bpmndi:BPMNEdge id="Flow_03q4wgy_di" bpmnElement="Flow_03q4wgy">
        <omgdi:waypoint x="1795" y="820" />
        <omgdi:waypoint x="1795" y="650" />
      </bpmndi:BPMNEdge>
      <bpmndi:BPMNEdge id="Flow_06c7c0h_di" bpmnElement="Flow_06c7c0h">
        <omgdi:waypoint x="520" y="325" />
        <omgdi:waypoint x="330" y="325" />
      </bpmndi:BPMNEdge>
      <bpmndi:BPMNEdge id="Flow_0bzl6fv_di" bpmnElement="Flow_0bzl6fv">
        <omgdi:waypoint x="675" y="325" />
        <omgdi:waypoint x="620" y="325" />
      </bpmndi:BPMNEdge>
      <bpmndi:BPMNEdge id="Flow_0wnv8q2_di" bpmnElement="Flow_0wnv8q2">
        <omgdi:waypoint x="700" y="220" />
        <omgdi:waypoint x="700" y="300" />
      </bpmndi:BPMNEdge>
      <bpmndi:BPMNShape id="BPMNShape_startEvent1" bpmnElement="startEvent1">
        <omgdc:Bounds x="170" y="180" width="30" height="30" />
      </bpmndi:BPMNShape>
      <bpmndi:BPMNShape id="Gateway_1cu6mp0_di" bpmnElement="Gateway_1cu6mp0" isMarkerVisible="true">
        <omgdc:Bounds x="255" y="170" width="50" height="50" />
      </bpmndi:BPMNShape>
      <bpmndi:BPMNShape id="Activity_18jomti_di" bpmnElement="Activity_0b8vh0q">
        <omgdc:Bounds x="230" y="285" width="100" height="80" />
      </bpmndi:BPMNShape>
      <bpmndi:BPMNShape id="Activity_1z0y9e1_di" bpmnElement="Activity_1m4qekd">
        <omgdc:Bounds x="520" y="155" width="100" height="80" />
      </bpmndi:BPMNShape>
      <bpmndi:BPMNShape id="Gateway_0tq80zb_di" bpmnElement="Gateway_0tq80zb" isMarkerVisible="true">
        <omgdc:Bounds x="675" y="170" width="50" height="50" />
      </bpmndi:BPMNShape>
      <bpmndi:BPMNShape id="Activity_06yu3v3_di" bpmnElement="Activity_0npwbbe">
        <omgdc:Bounds x="520" y="285" width="100" height="80" />
      </bpmndi:BPMNShape>
      <bpmndi:BPMNShape id="Gateway_13zsjc3_di" bpmnElement="Gateway_13zsjc3" isMarkerVisible="true">
        <omgdc:Bounds x="675" y="300" width="50" height="50" />
      </bpmndi:BPMNShape>
      <bpmndi:BPMNShape id="Activity_1n5o2zz_di" bpmnElement="Activity_0p6p2un">
        <omgdc:Bounds x="360" y="155" width="100" height="80" />
      </bpmndi:BPMNShape>
      <bpmndi:BPMNShape id="Activity_1e2bn9g_di" bpmnElement="Activity_1aoz910">
        <omgdc:Bounds x="930" y="155" width="100" height="80" />
      </bpmndi:BPMNShape>
      <bpmndi:BPMNShape id="Gateway_0o6j0s8_di" bpmnElement="Gateway_0o6j0s8" isMarkerVisible="true">
        <omgdc:Bounds x="1085" y="170" width="50" height="50" />
      </bpmndi:BPMNShape>
      <bpmndi:BPMNShape id="Activity_0403vcp_di" bpmnElement="Activity_0403vcp">
        <omgdc:Bounds x="1190" y="460" width="100" height="80" />
      </bpmndi:BPMNShape>
      <bpmndi:BPMNShape id="Gateway_07gt4zd_di" bpmnElement="Gateway_07gt4zd" isMarkerVisible="true">
        <omgdc:Bounds x="1215" y="600" width="50" height="50" />
      </bpmndi:BPMNShape>
      <bpmndi:BPMNShape id="Gateway_1ho8e6b_di" bpmnElement="Gateway_1ho8e6b" isMarkerVisible="true">
        <omgdc:Bounds x="1770" y="600" width="50" height="50" />
      </bpmndi:BPMNShape>
      <bpmndi:BPMNShape id="Activity_1edt10o_di" bpmnElement="Activity_1edt10o">
        <omgdc:Bounds x="1190" y="805" width="100" height="80" />
      </bpmndi:BPMNShape>
      <bpmndi:BPMNShape id="Activity_1sxdt8g_di" bpmnElement="Activity_1sxdt8g">
        <omgdc:Bounds x="1350" y="805" width="100" height="80" />
      </bpmndi:BPMNShape>
      <bpmndi:BPMNShape id="Gateway_1pm456t_di" bpmnElement="Gateway_1pm456t" isMarkerVisible="true">
        <omgdc:Bounds x="1504" y="820" width="50" height="50" />
      </bpmndi:BPMNShape>
      <bpmndi:BPMNShape id="Activity_0l784ea_di" bpmnElement="Activity_0l784ea">
        <omgdc:Bounds x="1609" y="805" width="100" height="80" />
      </bpmndi:BPMNShape>
      <bpmndi:BPMNShape id="Gateway_1e30ll9_di" bpmnElement="Gateway_1e30ll9" isMarkerVisible="true">
        <omgdc:Bounds x="1770" y="820" width="50" height="50" />
      </bpmndi:BPMNShape>
      <bpmndi:BPMNShape id="Activity_02nqeju_di" bpmnElement="Activity_02nqeju">
        <omgdc:Bounds x="1609" y="935" width="100" height="80" />
      </bpmndi:BPMNShape>
      <bpmndi:BPMNShape id="Activity_06wnlfa_di" bpmnElement="Activity_033qc2t">
        <omgdc:Bounds x="770" y="155" width="100" height="80" />
      </bpmndi:BPMNShape>
      <bpmndi:BPMNShape id="Activity_14baq8c_di" bpmnElement="Activity_0lu0e95">
        <omgdc:Bounds x="2290" y="460" width="100" height="80" />
      </bpmndi:BPMNShape>
      <bpmndi:BPMNShape id="Event_18t34z5_di" bpmnElement="Event_18t34z5">
        <omgdc:Bounds x="2452" y="482" width="36" height="36" />
      </bpmndi:BPMNShape>
      <bpmndi:BPMNShape id="Activity_1gzwocn_di" bpmnElement="Activity_0iagxj1">
        <omgdc:Bounds x="2030" y="585" width="100" height="80" />
      </bpmndi:BPMNShape>
      <bpmndi:BPMNShape id="Gateway_0hqgvaa_di" bpmnElement="Gateway_0hqgvaa" isMarkerVisible="true">
        <omgdc:Bounds x="2185" y="600" width="50" height="50" />
      </bpmndi:BPMNShape>
      <bpmndi:BPMNShape id="Activity_0w8gqf7_di" bpmnElement="Activity_1z09q07">
        <omgdc:Bounds x="2290" y="585" width="100" height="80" />
      </bpmndi:BPMNShape>
      <bpmndi:BPMNShape id="Event_0rzl9d5_di" bpmnElement="Event_0rzl9d5">
        <omgdc:Bounds x="2452" y="607" width="36" height="36" />
      </bpmndi:BPMNShape>
      <bpmndi:BPMNShape id="Activity_1vkkeok_di" bpmnElement="Activity_1vkkeok">
        <omgdc:Bounds x="1870" y="585" width="100" height="80" />
      </bpmndi:BPMNShape>
      <bpmndi:BPMNShape id="TextAnnotation_0xfbi3r_di" bpmnElement="TextAnnotation_0xfbi3r">
        <omgdc:Bounds x="520" y="450" width="100" height="50" />
      </bpmndi:BPMNShape>
      <bpmndi:BPMNShape id="TextAnnotation_19s8iof_di" bpmnElement="TextAnnotation_19s8iof">
        <omgdc:Bounds x="2025" y="955" width="110" height="39" />
      </bpmndi:BPMNShape>
      <bpmndi:BPMNShape id="Activity_10abvou_di" bpmnElement="Activity_05qjf33">
        <omgdc:Bounds x="1190" y="155" width="100" height="80" />
      </bpmndi:BPMNShape>
      <bpmndi:BPMNEdge id="Association_008sq11_di" bpmnElement="Association_008sq11">
        <omgdi:waypoint x="570" y="365" />
        <omgdi:waypoint x="570" y="450" />
      </bpmndi:BPMNEdge>
      <bpmndi:BPMNEdge id="Association_1supgb8_di" bpmnElement="Association_1supgb8">
        <omgdi:waypoint x="1709" y="974" />
        <omgdi:waypoint x="2025" y="971" />
      </bpmndi:BPMNEdge>
    </bpmndi:BPMNPlane>
  </bpmndi:BPMNDiagram>
</definitions>
