<?xml version="1.0" encoding="UTF-8" standalone="no"?>
<menu-config xmlns="http://jmix.io/schema/ui/menu">
    <item screen="rm_ApplicationTask.browse" id="myTasks"
          caption="msg://kz.eub.rm.screen.application/applicationTaskBrowse.menu" icon="TASKS" stylename="margin-top15px"/>
    <menu id="applications" caption="msg://kz.eub.rm/menu.applications" icon="FOLDER_OPEN">
        <item screen="rm_Application.browse" caption="msg://kz.eub.rm.screen.application/applicationBrowse.menu"/>
    </menu>

    <menu id="dictionaries" caption="msg://kz.eub.rm/menu_config.dictionaries" icon="BOOK">
        <menu id="commonDictionaries" caption="msg://kz.eub.rm/menu_config.commonDictionaries" icon="ARCHIVE">
            <item screen="rm_ExceptionalPozProductsDictionary.browse"
                  caption="msg://kz.eub.rm/menu_config.rm_ExceptionalPozProductsDictionary.menu"/>
            <item screen="rm_TriggerDictionary.browse"
                  caption="msg://kz.eub.rm.screen.dictionary.snp.triggerdictionary/triggerDictionaryBrowse.menu"/>
        </menu>
        <menu id="poz" caption="msg://kz.eub.rm/menu_config.poz">
            <menu id="pozCreditsShowcase" caption="msg://kz.eub.rm/menu_config.creditsShowcase">
                <item bean="rm_CreditContractsDictionaryScreenOpenManager"
                      beanMethod="openBrowseScreen"
                      id="creditContractsDictionaryItem"
                      caption="msg://kz.eub.rm.screen.dictionary.credit.creditcontractsdictionary/creditContractsDictionaryBrowse.menu"/>
                <item bean="rm_PledgesDictionaryScreenOpenManager"
                      beanMethod="openBrowseScreen"
                      id="pledgesDictionaryItem"
                      caption="msg://kz.eub.rm.screen.dictionary.credit.pledgesdictionary/pledgesDictionaryBrowse.menu"/>
            </menu>
            <menu id="pozDictionaries" caption="msg://kz.eub.rm/menu_config.dictionaries">
                <item screen="rm_PozDictionary.browse" caption="msg://kz.eub.rm/menu_config.rm_PozDictionary.browse"/>
                <item bean="rm_PozMappingDictionaryScreenOpenManager" beanMethod="openBrowseScreen" id="pozMappingDictionaryItem" stylename="new-records-counter" caption="msg://kz.eub.rm/menu_config.rm_PozMapping.menu"/>
                <item screen="rm_PozSegmentationDictionary.browse"
                      caption="msg://kz.eub.rm/menu_config.rm_PozSegmentationDictionary.menu"/>
                <item screen="rm_PozMacroAdjustmentDictionary.browse"
                      caption="msg://kz.eub.rm.screen.dictionary.snp.pozmacroadjustmentdictionary/pozMacroAdjustmentDictionaryBrowse.menu"/>
                <item screen="rm_AlphaCoefficientDictionary.browse"
                      caption="msg://kz.eub.rm.screen.dictionary.snp.alphacoefficientdictionary/alphaCoefficientDictionaryBrowse.menu"/>
                <item screen="rm_LiquidityCoefficientDictionary.browse"
                      caption="msg://kz.eub.rm.screen.liquiditycoefficientdictionary/liquidityCoefficientDictionaryBrowse.menu"/>
            </menu>
        </menu>
        <menu id="pnz" caption="msg://kz.eub.rm/menu_config.pnz">
            <menu id="pnzCreditsShowcase" caption="msg://kz.eub.rm/menu_config.creditsShowcase">
                <item screen="rm_PnzCredit.browse" caption="msg://kz.eub.rm.screen.pnzcredit/pnzCreditBrowse.menu"/>
                <item screen="rm_PnzPledge.browse" caption="msg://kz.eub.rm.screen.pnzpledge/pnzPledgeBrowse.menu"/>
            </menu>
            <menu id="pnzDictionaries" caption="msg://kz.eub.rm/menu_config.dictionaries">
                <item screen="rm_BorrowerDealRatingDictionary.browse"
                      caption="msg://kz.eub.rm/menu_config.rm_BorrowerDealRatingDictionary.browse"/>
                <item screen="rm_PnzMacroAdjustmentDictionary.browse"
                      caption="msg://kz.eub.rm.screen.dictionary.snp.pnzmacroadjustmentdictionary/pnzMacroAdjustmentDictionaryBrowse.menu"/>
                <!-- todo добавить данный экран в роль, когда появится задача на его разработку,
                был сделан как черновой вариант без задачи, потом был отложен из-за неясности со стороны заказчика-->
                <item screen="rm_PdPnzHistory.browse" caption="msg://kz.eub.rm.screen.pdpnzhistory/pdPnzHistoryBrowse.menu"/>
            </menu>
        </menu>
    </menu>


    <menu id="reference" caption="msg://kz.eub.rm/menu.reference" icon="font-icon:BOOKMARK_O"/>

    <menu id="dashboard" icon="PIE_CHART">
        <item screen="dshbrd_PersistentDashboard.browse"/>
        <item screen="dshbrd_WidgetTemplate.browse"/>
    </menu>
    <menu id="bpm" caption="msg://bpm.caption" icon="font-icon:HANDSHAKE_O">
        <item screen="bpm_StartProcessScreen"/>
        <item screen="bpm_MyTasks.browse"/>
        <item screen="bpm_BpmnModelerScreen"/>
        <item screen="bpm_ProcessDefinition.browse"/>
        <item screen="bpm_ProcessInstance.browse"/>
        <item screen="bpm_UserGroup.browse"/>
        <item screen="bpm_AllTasks.browse"/>
        <item screen="bpm_DmnDecisionTableBrowse"/>
        <item screen="bpm_DecisionTableModelerScreen"/>
    </menu>
    <menu id="reports" caption="msg://io.jmix.reportsui/menu.reports" icon="LINE_CHART">
        <menu id="userFriendlyReports" caption="msg://kz.eub.rm/menu.userFriendlyReports.caption" icon="FAX">
            <item screen="rm_ReportsBundle.browse" caption="msg://kz.eub.rm.screen.reportsbundle/reportsBundleBrowse.menu"/>
            <menu id="pozReports" caption="msg://kz.eub.rm/menu.pozReports.caption">
                <item screen="rm_PdMatrixReportScreen"
                      caption="msg://kz.eub.rm.screen.pdmatrixreport/pdMatrixReportScreen.caption" openMode="DIALOG"/>
                <item screen="rm_LgdMatrixReportScreen"
                      caption="msg://kz.eub.rm.screen.lgdmatrixreport/lgdMatrixReportScreen.caption" openMode="DIALOG"/>
                <item screen="rm_TvReportScreen"
                      caption="msg://kz.eub.rm.screen.tvreport/tvReportScreen.caption" openMode="DIALOG"/>
                <item screen="rm_EpsReportScreen" caption="msg://kz.eub.rm.screen.epsreport/epsReportScreen.caption"/>
                <item screen="rm_ProvisionsReportScreen"
                      caption="msg://kz.eub.rm.screen.provisionsreport/provisionsReportScreen.caption" openMode="DIALOG"/>
                <item screen="rm_TriggersReportScreen"
                      caption="msg://kz.eub.rm.screen.triggersreport/triggersReportScreen.caption" openMode="DIALOG"/>
                <item screen="rm_LgdBaseReportScreen"
                      caption="msg://kz.eub.rm.screen.lgdbasereport/lgdBaseReportScreen.caption" openMode="DIALOG"/>
                <item screen="rm_ProvisionsCalculationBaseScreen"
                      caption="msg://kz.eub.rm.screen.provisionscalculationbasereport/provisionsCalculationBaseScreen.caption" openMode="DIALOG"/>
                <item screen="rm_MacrocorrectionReportScreen"
                      caption="msg://kz.eub.rm.screen.macrocorrectionreport/macrocorrectionReportScreen.caption" openMode="DIALOG"/>
            </menu>
            <menu id="pnzReports" caption="msg://kz.eub.rm/menu.pnzReports.caption">
                <item screen="rm_DrPnzBaseReportScreen"
                      caption="msg://kz.eub.rm.screen.drpnzbasereport/drPnzBaseReportScreen.caption" openMode="DIALOG"/>
            </menu>
        </menu>
        <item id="report_Report.browse" caption="msg://io.jmix.reportsui/menu.report_Report.browse"/>
        <item id="report_ReportGroup.browse" caption="msg://io.jmix.reportsui/menu.report_ReportGroup.browse"/>
        <item id="report_Report.run" caption="msg://io.jmix.reportsui/menu.report_Report.run"/>
        <item id="report_ShowChart.screen" caption="msg://io.jmix.reportsui/menu.report_ShowChart.screen"/>
        <item id="report_ShowReportTable.screen" caption="msg://io.jmix.reportsui/menu.report_ShowReportTable.screen"/>
        <item id="report_ShowPivotTable.screen" caption="msg://io.jmix.reportsui/menu.report_ShowPivotTable.screen"/>
        <menu id="calculationRun" caption="msg://kz.eub.rm/menu.calculaionRun.caption">
            <item screen="rm_PozCalculationsScreen"
              caption="msg://kz.eub.rm.screen.pozcalculations/pozCalculationsScreen.caption"/>
            <item screen="rm_PnzCalculationsScreen"
                  caption="msg://kz.eub.rm.screen.pnzcalculations/pnzCalculationsScreen.caption"/>
        </menu>
    </menu>
    <menu id="administration" icon="font-icon:GEARS">
        <item screen="rm_User.browse" caption="msg://kz.eub.rm.screen.user/UserBrowse.caption"/>
        <item screen="rm_User.roles" caption="msg://kz.eub.rm.screen.user/userRoles.menu"/>
        <item screen="ui_JmxConsoleScreen"/>
        <item screen="sec_ResourceRoleModel.browse"
        caption="msg://io.jmix.securityui/menu.sec_ResourceRoleModel.browse"/>
        <item screen="sec_RowLevelRoleModel.browse"
        caption="msg://io.jmix.securityui/menu.sec_RowLevelRoleModel.browse"/>
        <item screen="entityInspector.browse"/>
        <item screen="appset_appSettingsEntity.screen"/>
        <item screen="entityLog.browse"/>
        <item screen="userSessions.browse"/>
        <item screen="buscal_BusinessCalendarModel.browse"/>
        <item screen="email_SendingMessage.browse"/>
        <item screen="emltmp_EmailTemplate.browse"/>
        <item screen="quartz_JobModel.browse" caption="msg://io.jmix.quartz.screen.jobs/jobModelBrowse.menu"/>
        <item screen="themeSettingsScreen" caption="msg://io.jmix.ui.app.themesettings/themeSettings.caption"/>
    </menu>
</menu-config>