<?xml version="1.0" encoding="UTF-8" standalone="no"?>
<window xmlns="http://jmix.io/schema/ui/window"
        xmlns:c="http://jmix.io/schema/ui/jpql-condition"
        caption="msg://bonusAuthorityBrowse.caption"
        focusComponent="bonusAuthoritiesTable">
    <data readOnly="true">
        <collection id="bonusAuthoritiesDc"
                    class="kz.eub.kpi.entity.BonusAuthority">
            <fetchPlan extends="_base">
                <property name="employee" fetchPlan="_instance_name"/>
            </fetchPlan>
            <loader id="bonusAuthoritiesDl">
                <query>
                    <![CDATA[select e from kpi_BonusAuthority e]]>
                </query>
            </loader>
        </collection>
    </data>
    <facets>
        <dataLoadCoordinator auto="true"/>
        <screenSettings id="settingsFacet" auto="true"/>
    </facets>
    <actions>
        <action id="lookupSelectAction"
                caption="msg:///actions.Select"
                icon="LOOKUP_OK"
                primary="true"
                shortcut="${COMMIT_SHORTCUT}"/>
        <action id="lookupCancelAction"
                caption="msg:///actions.Cancel"
                icon="LOOKUP_CANCEL"/>
    </actions>
    <dialogMode height="600"
                width="800"/>
    <layout expand="bonusAuthoritiesTable" spacing="true">
        <filter id="filter"
                dataLoader="bonusAuthoritiesDl">
            <properties include=".*"/>
        </filter>
        <groupTable id="bonusAuthoritiesTable"
                    width="100%"
                    dataContainer="bonusAuthoritiesDc">
            <actions>

                <action id="create" type="create"/>
                <action id="edit" type="edit"/>
                <action id="remove" type="remove"/>
            </actions>
            <columns>
                <column id="employee"/>
                <column id="bonus"/>
            </columns>
            <simplePagination/>
            <buttonsPanel id="buttonsPanel"
                          alwaysVisible="true">
                <button id="createBtn" action="bonusAuthoritiesTable.create"/>
                <button id="editBtn" action="bonusAuthoritiesTable.edit"/>
                <button id="removeBtn" action="bonusAuthoritiesTable.remove"/>
            </buttonsPanel>
        </groupTable>
        <hbox id="lookupActions" spacing="true" visible="false">
            <button action="lookupSelectAction"/>
            <button action="lookupCancelAction"/>
        </hbox>
    </layout>
</window>
