<?xml version="1.0" encoding="UTF-8" standalone="no"?>
<window xmlns="http://jmix.io/schema/ui/window"
        caption="msg:///uniDictRegEdit.caption"
        focusComponent="form">
    <data>
        <instance id="uniDictRegDc"
                  class="kz.eub.report360.entity.UniDictReg">
            <fetchPlan extends="_base"/>
            <loader/>
        </instance>
    </data>
    <facets>
        <dataLoadCoordinator auto="true"/>
        <screenSettings id="settingsFacet" auto="true"/>
    </facets>
    <actions>
        <action id="windowCommitAndClose" caption="msg:///actions.Ok"
                icon="EDITOR_OK"
                primary="true"
                shortcut="${COMMIT_SHORTCUT}"/>
        <action id="windowClose"
                caption="msg:///actions.Close"
                icon="EDITOR_CANCEL"/>
    </actions>
    <dialogMode height="AUTO"
                forceDialog="true"
                width="AUTO"/>
    <layout spacing="true" expand="editActions">
        <form id="form" dataContainer="uniDictRegDc">
            <column width="350px">
                <textField id="sudrSrcField" property="sudrSrc"/>
                <textField id="sudrTypeField" property="sudrType"/>
                <textField id="sudrTypeRusField" property="sudrTypeRus"/>
                <textField id="sudrCodeField" property="sudrCode"/>
                <textArea id="sudrNameField" property="sudrName" rows="5"/>
                <textArea id="sudrNameKazField" property="sudrNameKaz" rows="5"/>
            </column>
        </form>
        <hbox id="editActions" spacing="true">
            <button id="commitAndCloseBtn" action="windowCommitAndClose"/>
            <button id="closeBtn" action="windowClose"/>
        </hbox>
    </layout>
</window>
