<?xml version="1.0" encoding="UTF-8" standalone="no"?>
<window xmlns="http://jmix.io/schema/ui/window"
        caption="msg:///uniDictRegBrowse.caption"
        focusComponent="uniDictRegsTable">
    <data readOnly="true">
        <collection id="uniDictRegsDc"
                    class="kz.eub.report360.entity.UniDictReg">
            <fetchPlan extends="_base"/>
            <loader id="uniDictRegsDl">
                <query>
                    <![CDATA[select e from r360_UniDictReg e]]>
                </query>
            </loader>
        </collection>
    </data>
    <facets>
        <dataLoadCoordinator auto="true"/>
        <screenSettings id="settingsFacet" auto="true"/>
    </facets>
    <actions>
        <action id="lookupSelectAction"
                caption="msg:///actions.Select"
                icon="LOOKUP_OK"
                primary="true"
                shortcut="${COMMIT_SHORTCUT}"/>
        <action id="lookupCancelAction"
                caption="msg:///actions.Cancel"
                icon="LOOKUP_CANCEL"/>
    </actions>
    <dialogMode height="600"
                width="800"/>
    <layout expand="uniDictRegsTable" spacing="true">
        <filter id="filter"
                dataLoader="uniDictRegsDl">
            <properties include=".*"/>
        </filter>
        <groupTable id="uniDictRegsTable"
                    width="100%"
                    dataContainer="uniDictRegsDc">
            <actions>
                <action id="create" type="create"/>
                <action id="edit" type="edit"/>
                <action id="remove" type="remove"/>
                <action id="excelExport" type="excelExport"/>
            </actions>
            <columns>
                <column id="sudrSrc"/>
                <column id="sudrType"/>
                <column id="sudrTypeRus"/>
                <column id="sudrCode"/>
                <column id="sudrName" maxTextLength="70"/>
                <column id="sudrNameKaz" maxTextLength="70"/>
            </columns>
            <simplePagination itemsPerPageUnlimitedOptionVisible="true" itemsPerPageVisible="true"/>
            <buttonsPanel id="buttonsPanel"
                          alwaysVisible="true">
                <button id="createBtn" action="uniDictRegsTable.create"/>
                <button id="editBtn" action="uniDictRegsTable.edit"/>
                <button id="removeBtn" action="uniDictRegsTable.remove"/>
                <button id="excelExportBtn" action="uniDictRegsTable.excelExport"/>
            </buttonsPanel>
        </groupTable>
        <hbox id="lookupActions" spacing="true" visible="false">
            <button action="lookupSelectAction"/>
            <button action="lookupCancelAction"/>
        </hbox>
    </layout>
</window>
