<?xml version="1.0" encoding="UTF-8" standalone="no"?>
<window xmlns="http://jmix.io/schema/ui/window"
        caption="msg://dictPositionBrowse.caption"
        focusComponent="dictPositionsTable">
    <data readOnly="true">
        <collection id="dictPositionsDc"
                    class="kz.eub.report360.entity.DictPosition">
            <fetchPlan extends="_base">
                <property name="department" fetchPlan="_base"/>
            </fetchPlan>
            <loader id="dictPositionsDl">
                <query>
                    <![CDATA[select e from r360_DictPosition e]]>
                </query>
            </loader>
        </collection>
    </data>
    <facets>
        <dataLoadCoordinator auto="true"/>
        <screenSettings id="settingsFacet" auto="true"/>
    </facets>
    <actions>
        <action id="lookupSelectAction"
                caption="msg:///actions.Select"
                icon="LOOKUP_OK"
                primary="true"
                shortcut="${COMMIT_SHORTCUT}"/>
        <action id="lookupCancelAction"
                caption="msg:///actions.Cancel"
                icon="LOOKUP_CANCEL"/>
    </actions>
    <dialogMode height="700px"
                width="1200px"/>
    <layout expand="dictPositionsTable" spacing="true">
        <filter id="filter"
                dataLoader="dictPositionsDl">
            <properties include=".*"/>
        </filter>
        <table id="dictPositionsTable"
               width="100%"
               dataContainer="dictPositionsDc">
            <actions>
                <action id="create" type="create"/>
                <action id="edit" type="edit"/>
                <action id="remove" type="remove"/>
            </actions>
            <columns>
                <column id="name"/>
                <column id="department"/>
                <column id="sapId"/>
            </columns>
            <simplePagination itemsPerPageUnlimitedOptionVisible="true" itemsPerPageVisible="true"/>
            <buttonsPanel id="buttonsPanel"
                          alwaysVisible="true">
                <button id="createBtn" action="dictPositionsTable.create"/>
                <button id="editBtn" action="dictPositionsTable.edit"/>
                <button id="removeBtn" action="dictPositionsTable.remove"/>
            </buttonsPanel>
        </table>
        <hbox id="lookupActions" spacing="true" visible="false">
            <button action="lookupSelectAction"/>
            <button action="lookupCancelAction"/>
        </hbox>
    </layout>
</window>
