<window xmlns="http://jmix.io/schema/ui/window"
        caption="msg://application.caption">

    <data>
        <!--TODO поменять класс когда появится новая таблица для ПНЗ-->
        <collection id="pnzRunHistoryCollectionDc" class="kz.eub.rm.entity.PnzRunHistory">
            <fetchPlan extends="_base"/>
            <loader id="pnzRunHistoryCollectionDl">
                <query>
                    <![CDATA[select e from rm_PnzRunHistory e order by e.creationDate desc ]]>
                </query>
            </loader>
        </collection>
        <collection id="pozRunHistoryCollectionDc" class="kz.eub.rm.entity.RunHistory">
            <fetchPlan extends="_base"/>
            <loader id="pozRunHistoryCollectionDl">
                <query>
                    <![CDATA[select e from rm_RunHistory e order by e.creationDate desc ]]>
                </query>
            </loader>
        </collection>
    </data>
    <layout expand="horizontalWrap">
        <cssLayout id="topBarLayout" stylename="top-bar-layout">
            <hbox id="topBarMainHBox" spacing="true">
                <image id="logoImage"
                       stylename="app-icon"
                       scaleMode="SCALE_DOWN">
                    <resource>
                        <theme path="branding/app-icon-menu.svg"/>
                    </resource>
                </image>
                <label id="appTitleLabel"
                       align="MIDDLE_CENTER"
                       value="msg://application.logoLabel"/>
                <label width="30px"/>
                <label id="pozLabel" value="msg://pozRunIdComboBox.caption" align="MIDDLE_CENTER" visible="false"/>
                <entityComboBox id="pozRunIdComboBox" metaClass="rm_RunHistory" optionsContainer="pozRunHistoryCollectionDc" align="MIDDLE_CENTER" visible="false"/>
                <label id="pnzLabel" value="msg://pnzRunIdComboBox.caption" align="MIDDLE_CENTER" visible="false"/>
                <entityComboBox id="pnzRunIdComboBox" metaClass="rm_PnzRunHistory" optionsContainer="pnzRunHistoryCollectionDc" align="MIDDLE_CENTER" visible="false"/>
                <button id="filterUpdateButton" icon="REFRESH" align="MIDDLE_CENTER" visible="false"/>
                <button id="filterApplyButton" icon="EDITOR_OK" align="MIDDLE_CENTER" visible="false"/>
            </hbox>
        </cssLayout>
        <cssLayout id="horizontalWrap"
                   stylename="jmix-drawer-layout">
            <drawer id="drawer" expandOnHover="true">
<!--                <cssLayout id="appTitleBox"-->
<!--                           stylename="jmix-drawer-header"-->
<!--                           width="100%">-->
<!--                    <image id="logoImage"-->
<!--                           stylename="app-icon"-->
<!--                           scaleMode="SCALE_DOWN">-->
<!--                        <resource>-->
<!--                            <theme path="branding/app-icon-menu.svg"/>-->
<!--                        </resource>-->
<!--                    </image>-->
<!--                    <label id="appTitleLabel"-->
<!--                           htmlEnabled="true"-->
<!--                           stylename="app-title"-->
<!--                           value="msg://application.logoLabel"/>-->
<!--                </cssLayout>-->
                <sideMenu id="sideMenu"
                          width="100%"
                          stylename="jmix-drawer-content">

                </sideMenu>
                <timeZoneIndicator id="timeZoneIndicator"
                                   align="MIDDLE_CENTER"/>
                <cssLayout id="controlBox"
                           stylename="jmix-drawer-footer"
                           width="100%">
                    <button id="collapseDrawerButton"
                            icon="CHEVRON_LEFT"
                            stylename="jmix-drawer-collapse-button"
                            description="msg://sideMenuCollapse"/>
                    <userIndicator id="userIndicator"
                                   align="MIDDLE_CENTER"/>
                    <logoutButton id="logoutButton"
                                  icon="SIGN_OUT"
                                  description="msg://logoutBtnDescription"/>
                </cssLayout>
            </drawer>
            <workArea id="workArea"
                      stylename="jmix-workarea" height="100%">
                <initialLayout spacing="true" margin="true">
                </initialLayout>
            </workArea>
        </cssLayout>
    </layout>
</window>