<?xml version="1.0" encoding="UTF-8" standalone="no"?>
<window xmlns="http://jmix.io/schema/ui/window"
        caption="msg://uniDictEntityBrowse.caption"
        focusComponent="uniDictEntitiesTable">
    <data readOnly="true">
        <collection id="uniDictEntitiesDc"
                    class="kz.eub.report360.entity.UniDictEntity">
            <fetchPlan extends="_base"/>
            <loader id="uniDictEntitiesDl">
                <query>
                    <![CDATA[select e from r360_UniDictEntity e]]>
                </query>
            </loader>
        </collection>
    </data>
    <facets>
        <dataLoadCoordinator auto="true"/>
        <screenSettings id="settingsFacet" auto="true"/>
    </facets>
    <actions>
        <action id="lookupSelectAction"
                caption="msg:///actions.Select"
                icon="LOOKUP_OK"
                primary="true"
                shortcut="${COMMIT_SHORTCUT}"/>
        <action id="lookupCancelAction"
                caption="msg:///actions.Cancel"
                icon="LOOKUP_CANCEL"/>
    </actions>
    <dialogMode height="700px"
                width="1200px"/>
    <layout expand="uniDictEntitiesTable" spacing="true">
        <filter id="filter"
                dataLoader="uniDictEntitiesDl">
            <properties include=".*"/>
        </filter>
        <table id="uniDictEntitiesTable"
                    width="100%"
                    dataContainer="uniDictEntitiesDc">
            <columns>
                <column id="uniDictId"/>
                <column id="descr"/>
                <column id="type"/>
                <column id="subType"/>
                <column id="value"/>
            </columns>
            <simplePagination itemsPerPageUnlimitedOptionVisible="true" itemsPerPageVisible="true"/>
        </table>
        <hbox id="lookupActions" spacing="true" visible="false">
            <button action="lookupSelectAction"/>
            <button action="lookupCancelAction"/>
        </hbox>
    </layout>
</window>
