<?xml version="1.0" encoding="UTF-8" standalone="no"?>
<window xmlns="http://jmix.io/schema/ui/window"
        xmlns:chart="http://jmix.io/schema/ui/charts"
        caption="msg://knowledgeScreen.caption">
    <layout>
        <cssLayout id="horizontalWrap"
                   stylename="jmix-brandlogin-main-layout">
            <hbox id="imgHBox"
                  width="100%" height="100%"
                  css="background-color: #f0eded;">
                <vbox box.expandRatio="0.3"><label/></vbox>
                <image id="backgroundImage" box.expandRatio="0.5"
                       scaleMode="FILL" align="TOP_LEFT" height="37%">
                    <resource>
                        <relativePath path="VAADIN/brand-login-screen/knowledgebase.png"/>
                    </resource>
                </image>
                <vbox box.expandRatio="0.6" height="400" align="MIDDLE_CENTER">
                    <hbox box.expandRatio="0.6" >
                    </hbox>
                    <hbox >
                        <label width="500" property="dsadsd" value="Перейдя по ссылке, освежи свои знания по продуктам, системам и процессам банка."
                        css="font-size: 150%;"/>
                    </hbox>
                    <hbox box.expandRatio="0.1">
                    </hbox>
                    <hbox box.expandRatio="0.5" >
                        <button caption="База знаний"  css="font-size: 150%; background-color: #dd1668; color: white;" width="150" height="50"/>
                    </hbox>
                </vbox>
            </hbox>
        </cssLayout>

    </layout>
</window>