<?xml version="1.0" encoding="UTF-8" standalone="no"?>
<window xmlns="http://jmix.io/schema/ui/window" xmlns:ext="http://jmix.io/schema/ui/window-ext"
        caption="msg://pdMatrixReportScreen.caption" extends="kz/eub/rm/screen/segmentandpozchoicereport/segment-and-poz-choice-report-screen.xml">
    <layout>
        <tabSheet id="tabSheet">
            <tab id="singleReportTab">
                <vbox id="singleReportVbox">
                    <buttonsPanel id="buttonsPanel" ext:index="1">
                        <checkBox id="needBaseCheckBox" caption="msg://pdMatrixReportScreen.needBaseCheckBox"/>
                    </buttonsPanel>
                </vbox>
            </tab>
            <tab id="pozTab">
                <checkBox id="needBaseCheckBoxPozTab" caption="Выгрузить базу расчета"/>
            </tab>
        </tabSheet>
    </layout>
</window>