<?xml version="1.0" encoding="UTF-8" standalone="no"?>
<window xmlns="http://jmix.io/schema/ui/window"
        xmlns:c="http://jmix.io/schema/ui/jpql-condition"
        caption="msg://kz.eub.kpi.screen.kpi.kpigoal/blockGoals"
        focusComponent="kpiGoalsTable">
    <data readOnly="true">
        <collection id="kpiGoalsDc"
                    class="kz.eub.kpi.entity.kpi.KpiGoal">
            <fetchPlan extends="_base">
                <property name="unit" fetchPlan="_base"/>
                <property name="period" fetchPlan="_base"/>
                <property name="progress"/>
                <property name="efficiency"/>
            </fetchPlan>
            <loader id="kpiGoalsDl">
                <query>
                    <![CDATA[select e from kpi_KpiGoal e]]>
                </query>
            </loader>
        </collection>
    </data>
    <facets>
        <dataLoadCoordinator auto="true"/>
        <screenSettings id="settingsFacet" auto="true"/>
    </facets>
    <actions>
        <action id="lookupSelectAction"
                caption="msg:///actions.Select"
                icon="LOOKUP_OK"
                primary="true"
                shortcut="${COMMIT_SHORTCUT}"/>
        <action id="lookupCancelAction"
                caption="msg:///actions.Cancel"
                icon="LOOKUP_CANCEL"/>
    </actions>
    <dialogMode height="600"
                width="800"/>
    <layout expand="kpiGoalsTable" spacing="true">
        <filter id="filter"
                dataLoader="kpiGoalsDl">
            <properties include=".*"/>
        </filter>
        <groupTable id="kpiGoalsTable"
                    width="100%"
                    dataContainer="kpiGoalsDc">
            <actions>
                <action id="create" type="create"/>
                <action id="edit" type="edit"/>
                <action id="remove" type="remove"/>
            </actions>
            <columns>
                <column id="name"/>
                <column id="period"/>
                <column id="unit"/>
                <column id="weight"/>
                <column id="plan"/>
                <column id="fact"/>
                <column id="progress"/>
                <column id="efficiency"/>
            </columns>
            <simplePagination/>
            <buttonsPanel id="buttonsPanel"
                          alwaysVisible="true">
                <button id="createBtn" action="kpiGoalsTable.create"/>
                <button id="editBtn" action="kpiGoalsTable.edit"/>
                <button id="removeBtn" action="kpiGoalsTable.remove"/>
            </buttonsPanel>
        </groupTable>
        <hbox id="lookupActions" spacing="true" visible="false">
            <button action="lookupSelectAction"/>
            <button action="lookupCancelAction"/>
        </hbox>
    </layout>
</window>

