<?xml version="1.0" encoding="UTF-8" standalone="no"?>
<window xmlns="http://jmix.io/schema/ui/window"
        caption="msg://kpiGoalEdit.caption"
        focusComponent="form">
    <data>
        <instance id="kpiGoalDc"
                  class="kz.eub.kpi.entity.kpi.KpiGoal">
            <fetchPlan extends="_base">
                <property fetchPlan="_base" name="unit"/>
                <property name="employee" fetchPlan="_base">
                    <property name="position"/>
                </property>
                <property name="department" fetchPlan="_base"/>
                <property name="period" fetchPlan="_base"/>
                <property name="attachments" fetchPlan="_base"/>
                <property name="reviewResults" fetchPlan="_base">
                    <property name="reviewer" fetchPlan="_base"/>
                </property>
                <property name="comments" fetchPlan="_base">
                    <property name="author" fetchPlan="_instance_name"/>
                </property>
            </fetchPlan>
            <loader id="kpiGoalDl"/>
            <collection id="attachmentsDc" property="attachments"/>
            <collection id="reviewResultsDc" property="reviewResults"/>
            <collection id="commentsDc" property="comments"/>
        </instance>
        <collection id="unitsDc" class="kz.eub.kpi.entity.Unit">
            <fetchPlan extends="_base"/>
            <loader id="unitsDl">
                <query>
                    <![CDATA[select e from kpi_Unit e]]>
                </query>
            </loader>
        </collection>
    </data>
    <facets>
        <dataLoadCoordinator auto="true"/>
        <screenSettings id="settingsFacet" auto="true"/>
    </facets>
    <actions>
        <action id="windowCommitAndClose" caption="msg:///actions.Ok"
                icon="EDITOR_OK"
                primary="true"
                shortcut="${COMMIT_SHORTCUT}"/>
        <action id="windowClose"
                caption="msg:///actions.Close"
                icon="EDITOR_CANCEL"/>
    </actions>
    <dialogMode height="AUTO"
                forceDialog="true"
                width="AUTO"/>
    <layout spacing="true" expand="editActions">
        <tabSheet id="tabSheet" tabCaptionsAsHtml="true">
            <tab id="formTab"
                 caption="msg://goalDescription"
                 margin="true,false,false,false"
                 spacing="true">
                <groupBox id="formBox">
                    <form id="form" dataContainer="kpiGoalDc" width="100%">
                        <column width="350px">
                            <textField id="snField" property="sn" editable="false"/>
                            <entityPicker id="departmentField" property="department" editable="false"/>
                            <entityPicker id="employeeField" property="employee" editable="false"/>
                            <entityComboBox id="periodField" property="period" editable="false"/>
                            <comboBox id="categoryField" property="category" required="true" editable="false"/>
                            <textArea id="nameField" property="name" rowspan="3" required="true" editable="false"
                                      description="msg://kz.eub.kpi.screen.kpi.kpigoal/nameField.description"/>
                            <textArea id="kpiDescriptionField" property="kpiDescription" editable="false"
                                      description="msg://kz.eub.kpi.screen.kpi.kpigoal/kpiDescriptionField.description"/>
                        </column>
                        <column width="25"><label/></column>
                        <column width="350">
                            <entityComboBox id="unitField" property="unit"
                                            optionsContainer="unitsDc" required="true" editable="false">
                                <actions>
                                    <action id="entityLookup" type="entity_lookup"/>
                                    <action id="entityClear" type="entity_clear"/>
                                </actions>
                            </entityComboBox>
                            <currencyField id="weightField"
                                           property="weight"
                                           required="true"
                                           currency="%"
                                           editable="false"
                                           datatype="decimal"/>
                            <comboBox id="assessmentTypeField" property="assessmentType"
                                      required="true" editable="false"/>

                            <vbox caption="msg://kz.eub.kpi.entity.kpi/KpiGoal.plan">
                                <currencyField id="planField"
                                               editable="false" width="100%"
                                               property="plan"
                                               currency="%"
                                               dataContainer="kpiGoalDc"
                                               datatype="decimal"/>
                                <dateField id="planDateField" property="planDate"
                                           dataContainer="kpiGoalDc"
                                           visible="false" editable="false"/>
                            </vbox>
                            <vbox caption="msg://kz.eub.kpi.entity.kpi/KpiGoal.fact">
                                <currencyField id="factField" property="fact" width="103%"
                                               editable="true" required="true"
                                               dataContainer="kpiGoalDc"/>
                                <dateField id="factDateField" property="factDate"
                                           editable="true" dataContainer="kpiGoalDc"
                                           visible="false" required="true"/>
                            </vbox>
                            <currencyField id="progressField" property="progress"
                                           caption="msg://factField.caption"
                                           description="msg://factField.description"
                                           currency="%"
                                           editable="false"/>
                            <currencyField id="efficiencyField" property="efficiency"
                                           caption="msg://efficiency.caption"
                                           description="msg://efficiency.description"
                                           currency="%"
                                           editable="false"/>
                            <comboBox id="statusField" property="status" editable="false"/>
                            <textArea id="dataSourceField" property="dataSource" rowspan="3" required="true"/>
                        </column>
                    </form>
                </groupBox>
            </tab>
            <tab id="attachmentsTab" caption="msg://attachments"
                 margin="true,false,false,false" icon="font-icon:CHECK_CIRCLE_O"
                 spacing="true">
                <table id="kpiGoalAttachmentsTable"
                       width="1050"
                       dataContainer="attachmentsDc">
                    <actions>
                        <action id="create" type="create"/>
                        <action id="edit" type="edit"/>
                        <action id="remove" type="remove"/>
                        <action id="view" type="view"/>
                    </actions>
                    <buttonsPanel alwaysVisible="true">
                        <button id="kpiGoalAttachmentsTableCreateBtn" action="kpiGoalAttachmentsTable.create"/>
                        <button id="kpiGoalAttachmentsTableEditBtn" action="kpiGoalAttachmentsTable.edit"/>
                        <button id="kpiGoalAttachmentsTableRemoveBtn" action="kpiGoalAttachmentsTable.remove"/>
                        <button id="kpiGoalAttachmentsTableViewBtn" action="kpiGoalAttachmentsTable.view"/>
                    </buttonsPanel>
                    <columns>
                        <column id="sn"/>
                        <column id="info"/>
                    </columns>
                </table>
            </tab>
            <tab id="reviewResultsTab"
                 caption="msg://reviewResults"
                 margin="true,false,false,false"
                 expand="kpiGoalReviewResultsTable"
                 spacing="true">
                <table id="kpiGoalReviewResultsTable"
                       width="1050" multiLineCells="true"
                       dataContainer="reviewResultsDc">
                    <actions>
                        <action id="view" type="view"/>
                    </actions>
                    <buttonsPanel alwaysVisible="true">
                        <button id="kpiGoalReviewResultsTableViewBtn" action="kpiGoalReviewResultsTable.view"/>
                    </buttonsPanel>
                    <columns>
                        <column id="date"/>
                        <column id="title"/>
                        <column id="reviewer"/>
                        <column id="status"/>
                        <column id="info"/>
                    </columns>
                </table>
            </tab>
            <tab id="commentsTab"
                 caption="msg://comments"
                 margin="true,false,false,false"
                 expand="kpiGoalCommentsTable"
                 spacing="true">
                <table id="kpiGoalCommentsTable"
                       width="1050" multiLineCells="true"
                       dataContainer="commentsDc">
                    <actions>
                        <action id="edit" type="edit"/>
                        <action id="remove" type="remove"/>
                        <action id="view" type="view"/>
                    </actions>
                    <buttonsPanel alwaysVisible="true">
                        <button id="kpiGoalCommentsTableCreateBtn" caption="msg://comment" icon="font-icon:COMMENT"/>
                        <button id="kpiGoalCommentsTableEditBtn" action="kpiGoalCommentsTable.edit" enable="false"/>
                        <button id="kpiGoalCommentsTableRemoveBtn" action="kpiGoalCommentsTable.remove" enable="false"/>
                        <button id="kpiGoalCommentsTableViewBtn" action="kpiGoalCommentsTable.view"/>
                    </buttonsPanel>
                    <columns>
                        <column id="author"/>
                        <column id="subject"/>
                        <column id="comment"/>
                        <column id="createdDate"/>
                    </columns>
                </table>
            </tab>
        </tabSheet>
        <hbox id="editActions" spacing="true">
            <button id="commitAndCloseBtn" action="windowCommitAndClose"/>
            <button id="closeBtn" action="windowClose"/>
        </hbox>
    </layout>
</window>
