<?xml version="1.0" encoding="UTF-8" standalone="no"?>
<window xmlns="http://jmix.io/schema/ui/window"
        caption="msg://pnzCalculationsScreen.caption">
    <layout expand="vbox">
        <vbox id="vbox" expand="calculationsGroupBox">
            <groupBox id="runCalculationGroupBox" expand="runCalculationFragment">
                <fragment id="runCalculationFragment" screen="rm_PnzRunCalculationFragment"/>
            </groupBox>
            <groupBox id="calculationsGroupBox" expand="calculationsViewFragment">
                <fragment id="calculationsViewFragment" screen="rm_PnzCalculationsViewFragment"/>
            </groupBox>
        </vbox>
    </layout>
</window>