<?xml version="1.0" encoding="UTF-8" standalone="no"?>
<window xmlns="http://jmix.io/schema/ui/window"
        caption="msg://customPropertyFilterConditionEdit.caption"
        focusComponent="form">
    <data>
        <instance id="customPropertyFilterConditionDc"
                  class="kz.eub.rm.entity.CustomPropertyFilterCondition">
            <fetchPlan extends="_local">
                <property name="valueComponent" fetchPlan="_local"/>
            </fetchPlan>
            <instance id="valueComponentDc" property="valueComponent"/>
            <loader id="customPropertyFilterConditionDl"/>
        </instance>
    </data>
    <facets>
        <dataLoadCoordinator auto="true"/>
        <screenSettings id="settingsFacet" auto="true"/>
    </facets>
    <actions>
        <action id="windowCommitAndClose" caption="msg:///actions.Ok"
                icon="EDITOR_OK"
                primary="true"
                shortcut="${COMMIT_SHORTCUT}"/>
        <action id="windowClose"
                caption="msg:///actions.Close"
                icon="EDITOR_CANCEL"/>
    </actions>
    <dialogMode height="auto"
                width="auto"/>
    <layout spacing="true" expand="editActions">
        <form id="form" dataContainer="customPropertyFilterConditionDc">
            <column width="100%">
                <comboBox id="propertyField" property="property" required="true" nullOptionVisible="false"/>
                <comboBox id="operationField" property="operation" nullOptionVisible="false" required="true"/>
                <textField id="parameterNameField" property="parameterName" required="true"/>
                <textField id="captionField" property="caption"/>
                <checkBox id="operationEditableField" property="operationEditable"/>
                <checkBox id="operationCaptionVisibleField" property="operationCaptionVisible"/>
                <hbox id="defaultValueBox" caption="msg://io.jmix.ui.entity/FilterValueComponent.defaultValue"/>
                <checkBox id="visibleField" property="visible"/>
            </column>
        </form>
        <hbox id="editActions" spacing="true">
            <button id="commitAndCloseBtn" action="windowCommitAndClose"/>
            <button id="closeBtn" action="windowClose"/>
        </hbox>
    </layout>
</window>