<?xml version="1.0" encoding="UTF-8" standalone="no"?>
<window xmlns="http://jmix.io/schema/ui/window"
        caption="msg://dictDepartmentBrowse.caption"
        focusComponent="dictDepartmentsTable">
    <data readOnly="true">
        <collection id="dictDepartmentsDc"
                    class="kz.eub.report360.entity.DictDepartment">
            <fetchPlan extends="_base">
                <property name="parent" fetchPlan="_base"/>
            </fetchPlan>
            <loader id="dictDepartmentsDl">
                <query>
                    <![CDATA[select e from r360_DictDepartment e]]>
                </query>
            </loader>
        </collection>
    </data>
    <facets>
        <dataLoadCoordinator auto="true"/>
        <screenSettings id="settingsFacet" auto="true"/>
    </facets>
    <actions>
        <action id="lookupSelectAction"
                caption="msg:///actions.Select"
                icon="LOOKUP_OK"
                primary="true"
                shortcut="${COMMIT_SHORTCUT}"/>
        <action id="lookupCancelAction"
                caption="msg:///actions.Cancel"
                icon="LOOKUP_CANCEL"/>
    </actions>
    <dialogMode height="700px"
                width="1200px"/>
    <layout expand="dictDepartmentsTable" spacing="true">
        <filter id="filter"
                dataLoader="dictDepartmentsDl">
            <properties include=".*"/>
        </filter>
        <table id="dictDepartmentsTable"
               width="100%"
               dataContainer="dictDepartmentsDc">
            <actions>
                <action id="create" type="create"/>
                <action id="edit" type="edit"/>
                <action id="remove" type="remove"/>
            </actions>
            <columns>
                <column id="name"/>
                <column id="code"/>
                <column id="sapId"/>
                <column id="startDate"/>
                <column id="level"/>
                <column id="branch"/>
                <column id="path"/>
                <column id="endDate"/>
                <column id="parent"/>
            </columns>
            <simplePagination itemsPerPageUnlimitedOptionVisible="true" itemsPerPageVisible="true"/>
            <buttonsPanel id="buttonsPanel"
                          alwaysVisible="true">
                <button id="createBtn" action="dictDepartmentsTable.create"/>
                <button id="editBtn" action="dictDepartmentsTable.edit"/>
                <button id="removeBtn" action="dictDepartmentsTable.remove"/>
            </buttonsPanel>
        </table>
        <hbox id="lookupActions" spacing="true" visible="false">
            <button action="lookupSelectAction"/>
            <button action="lookupCancelAction"/>
        </hbox>
    </layout>
</window>
