<?xml version="1.0" encoding="UTF-8" standalone="no"?>
<window xmlns="http://jmix.io/schema/ui/window"
        xmlns:c="http://jmix.io/schema/ui/jpql-condition"
        caption="msg://accountProfilesBrowse.caption"
        focusComponent="accountProfilesesTable">
    <data readOnly="true">
        <collection id="accountProfilesesDc"
                    class="kz.eub.kpi.entity.AccountProfiles">
            <fetchPlan extends="_base"/>
            <loader id="accountProfilesesDl">
                <query>
                    <![CDATA[select e from kpi_AccountProfiles e]]>
                </query>
            </loader>
        </collection>
    </data>
    <facets>
        <dataLoadCoordinator auto="true"/>
        <screenSettings id="settingsFacet" auto="true"/>
    </facets>
    <actions>
        <action id="lookupSelectAction"
                caption="msg:///actions.Select"
                icon="LOOKUP_OK"
                primary="true"
                shortcut="${COMMIT_SHORTCUT}"/>
        <action id="lookupCancelAction"
                caption="msg:///actions.Cancel"
                icon="LOOKUP_CANCEL"/>
    </actions>
    <dialogMode height="600"
                width="800"/>
    <layout expand="accountProfilesesTable" spacing="true">
        <filter id="filter"
                dataLoader="accountProfilesesDl">
            <properties include=".*"/>
        </filter>
        <groupTable id="accountProfilesesTable"
                    width="100%"
                    dataContainer="accountProfilesesDc">
            <actions>
                <action id="create" type="create"/>
                <action id="edit" type="edit"/>
                <action id="remove" type="remove"/>
            </actions>
            <columns>
                <column id="firstname"/>
                <column id="lastname"/>
                <column id="middlename"/>
                <column id="sex"/>
                <column id="position"/>
                <column id="imageNormal"/>
                <column id="phone"/>
                <column id="city"/>
                <column id="birthdate"/>
            </columns>
            <simplePagination/>
            <buttonsPanel id="buttonsPanel"
                          alwaysVisible="true">
                <button id="createBtn" action="accountProfilesesTable.create"/>
                <button id="editBtn" action="accountProfilesesTable.edit"/>
                <button id="removeBtn" action="accountProfilesesTable.remove"/>
            </buttonsPanel>
        </groupTable>
        <hbox id="lookupActions" spacing="true" visible="false">
            <button action="lookupSelectAction"/>
            <button action="lookupCancelAction"/>
        </hbox>
    </layout>
</window>
