<?xml version="1.0" encoding="UTF-8" standalone="no"?>
<window xmlns="http://jmix.io/schema/ui/window"
        caption="msg://reportXmlHistBrowse.caption"
        focusComponent="reportXmlHistsTable">
    <data readOnly="true">
        <collection id="reportXmlHistsDc"
                    class="kz.eub.report360.entity.ReportXmlHist">
            <fetchPlan extends="_base">
                <property name="reportXml" fetchPlan="_base"/>
            </fetchPlan>
            <loader id="reportXmlHistsDl">
                <query>
                    <![CDATA[select e from r360_ReportXmlHist e order by e.dateOnRep desc]]>
                </query>
            </loader>
        </collection>
    </data>
    <facets>
        <dataLoadCoordinator auto="true"/>
        <screenSettings id="settingsFacet" auto="true"/>
    </facets>
    <actions>
        <action id="lookupSelectAction"
                caption="msg:///actions.Select"
                icon="LOOKUP_OK"
                primary="true"
                shortcut="${COMMIT_SHORTCUT}"/>
        <action id="lookupCancelAction"
                caption="msg:///actions.Cancel"
                icon="LOOKUP_CANCEL"/>
    </actions>
    <dialogMode height="600"
                width="800"/>
    <layout expand="reportXmlHistsTable" spacing="true">
        <filter id="filter"
                dataLoader="reportXmlHistsDl">
            <properties include=".*"/>
        </filter>
        <table id="reportXmlHistsTable"
                    width="100%"
                    dataContainer="reportXmlHistsDc">
            <actions>
                <action id="create" type="create"/>
                <action id="edit" type="edit"/>
                <action id="remove" type="remove"/>
            </actions>
            <columns>
                <column id="reportXml"/>
                <column id="dateOnRep"/>
                <column id="countRun"/>
            </columns>
            <simplePagination itemsPerPageUnlimitedOptionVisible="true" itemsPerPageVisible="true"/>
            <buttonsPanel id="buttonsPanel"
                          alwaysVisible="true">
                <button id="createBtn" action="reportXmlHistsTable.create"/>
                <button id="editBtn" action="reportXmlHistsTable.edit"/>
                <button id="removeBtn" action="reportXmlHistsTable.remove"/>
            </buttonsPanel>
        </table>
        <hbox id="lookupActions" spacing="true" visible="false">
            <button action="lookupSelectAction"/>
            <button action="lookupCancelAction"/>
        </hbox>
    </layout>
</window>
