<?xml version="1.0" encoding="UTF-8" standalone="no"?>
<window xmlns="http://jmix.io/schema/ui/window"
        caption="msg://reportXmlHistEdit.caption"
        focusComponent="form">
    <data>
        <instance id="reportXmlHistDc"
                  class="kz.eub.report360.entity.ReportXmlHist">
            <fetchPlan extends="_base">
                <property name="reportXml" fetchPlan="_base"/>
            </fetchPlan>
            <loader id="reportXmlHistDl"/>
        </instance>
    </data>
    <facets>
        <dataLoadCoordinator auto="true"/>
        <screenSettings id="settingsFacet" auto="true"/>
    </facets>
    <actions>
        <action id="windowCommitAndClose" caption="msg:///actions.Ok"
                icon="EDITOR_OK"
                primary="true"
                shortcut="${COMMIT_SHORTCUT}"/>
        <action id="windowClose"
                caption="msg:///actions.Close"
                icon="EDITOR_CANCEL"/>
    </actions>
    <dialogMode height="AUTO"
                forceDialog="true"
                width="AUTO"/>
    <layout spacing="true" expand="editActions">
        <form id="form" dataContainer="reportXmlHistDc">
            <column width="350px">
                <entityPicker id="reportXmlField" property="reportXml"/>
                <dateField id="dateOnRepField" property="dateOnRep"/>
                <textField id="countRunField" property="countRun"/>
            </column>
        </form>
        <hbox id="editActions" spacing="true">
            <button id="commitAndCloseBtn" action="windowCommitAndClose"/>
            <button id="closeBtn" action="windowClose"/>
        </hbox>
    </layout>
</window>
