<?xml version="1.0" encoding="UTF-8" standalone="no"?>
<window xmlns="http://jmix.io/schema/ui/window"
        caption="msg://dmCreditSnpEdit.caption"
        focusComponent="form">
    <data>
        <instance id="dmCreditSnpDc"
                  class="kz.eub.report360.entity.DmCreditSnp">
            <fetchPlan extends="_base">
                <property name="dscSourceUuid" fetchPlan="_base"/>
                <property name="dscPozId" fetchPlan="_base"/>
            </fetchPlan>
            <loader/>
        </instance>
    </data>
    <facets>
        <dataLoadCoordinator auto="true"/>
        <screenSettings id="settingsFacet" auto="true"/>
    </facets>
    <actions>
        <action id="windowCommitAndClose" caption="msg:///actions.Ok"
                icon="EDITOR_OK"
                primary="true"
                shortcut="${COMMIT_SHORTCUT}"/>
        <action id="windowClose"
                caption="msg:///actions.Close"
                icon="EDITOR_CANCEL"/>
    </actions>
    <dialogMode height="AUTO"
                forceDialog="true"
                width="AUTO"/>
    <layout spacing="true" expand="scrollBox">
        <scrollBox id="scrollBox" spacing="true">
            <form id="form" dataContainer="dmCreditSnpDc">
                <column width="350px">
                    <dateField id="dcsReportDateField" property="dcsReportDate"/>
                    <entityPicker id="dscSourceUuidField" property="dscSourceUuid"/>
                    <textField id="dscGidField" property="dscGid"/>
                    <textField id="dscDogNumField" property="dscDogNum"/>
                    <textField id="dscTranNumField" property="dscTranNum"/>
                    <textField id="dscCrncCdField" property="dscCurCode"/>
                    <textField id="dscDprtCdField" property="dscDprtName"/>
                    <textField id="dscClntGidField" property="dscClntName"/>
                    <textField id="dscCgrpGidField" property="dscCgrpName"/>
                    <textField id="dscOutSumKztOdField" property="dscOutSumKztOd"/>
                    <textField id="dscOutSumKztOdDelayField" property="dscOutSumKztOdDelay"/>
                    <textField id="dscOutSumKztPercField" property="dscOutSumKztPerc"/>
                    <textField id="dscOutSumKztPercDelayField" property="dscOutSumKztPercDelay"/>
                    <textField id="dscOutSumKztPercOdField" property="dscOutSumKztPercOd"/>
                    <textField id="dscOutSumKztComField" property="dscOutSumKztCom"/>
                    <textField id="dscOutSumKztComDelayField" property="dscOutSumKztComDelay"/>
                    <textField id="dscOutSumKztPenField" property="dscOutSumKztPen"/>
                    <textField id="dscOutSumKztMsfoPerField" property="dscOutSumKztMsfoPer"/>
                    <textField id="dscOutSumKztNegCorrField" property="dscOutSumKztNegCorr"/>
                    <textField id="dscOutSumKztDis1434Field" property="dscOutSumKztDis1434"/>
                    <textField id="dscOutSumKztDis2794Field" property="dscOutSumKztDis2794"/>
                    <textField id="dscOutSumKztCorrEspField" property="dscOutSumKztCorrEsp"/>
                    <textField id="dscOutSumKztDevField" property="dscOutSumKztDev"/>
                    <textField id="dscOutSumKztMod1435Field" property="dscOutSumKztMod1435"/>
                    <textField id="dscOutSumKztOdOddField" property="dscOutSumKztOdOdd"/>
                    <textField id="dscOutSumKztAllDebtField" property="dscOutSumKztAllDebt"/>
                    <textField id="dscMsfoRateField" property="dscMsfoRate"/>
                    <textField id="dscOutSumKztMsfo1428Field" property="dscOutSumKztMsfo1428"/>
                    <textField id="dscOutSumKztProvCom1845Field" property="dscOutSumKztProvCom1845"/>
                    <textField id="dscOutSumKztProv1877Field" property="dscOutSumKztProv1877"/>
                    <textField id="dscOutSumKztDebt1860Field" property="dscOutSumKztDebt1860"/>
                    <textField id="dscOutSumKztKikField" property="dscOutSumKztKik"/>
                    <textField id="dscOutSumKztDz1877Field" property="dscOutSumKztDz1877"/>
                    <textField id="dscOutSumKztOdOddMonBegField" property="dscOutSumKztOdOddMonBeg"/>
                    <textField id="dscOutSumKztAllDebtWithoutDisField" property="dscOutSumKztAllDebtWithoutDis"/>
                    <textField id="dscOutSumKztReserField" property="dscOutSumKztReser"/>
                    <textField id="dscOutSumKztOutsysField" property="dscOutSumKztOutsys"/>
                    <textField id="dscOutSumKztOutsysSumField" property="dscOutSumKztOutsysSum"/>
                    <textField id="dscOutSumKztLesionField" property="dscOutSumKztLesion"/>
                    <textField id="dscCrRateMonthBegField" property="dscCrRateMonthBeg"/>
                    <textField id="dscCrRateRepDateField" property="dscCrRateRepDate"/>
                    <textField id="dscProdGidField" property="dscProdName"/>
                    <textField id="dscTarifField" property="dscTarif"/>
                    <textField id="dscIsUniformField" property="dscIsUniform"/>
                    <entityPicker id="dscPozIdField" property="dscPozId"/>
                    <textField id="dscUserCredTypeField" property="dscUserCredType"/>
                    <textField id="dscDprtGidField" property="dscDprtGid"/>
                    <textField id="dscCliRatiInField" property="dscCliRatiIn"/>
                    <dateField id="dscCliRatiInDateField" property="dscCliRatiInDate"/>
                    <textField id="dscDealRatiField" property="dscDealRati"/>
                    <dateField id="dscDealRatiDateField" property="dscDealRatiDate"/>
                    <dateField id="dscMonDateField" property="dscMonDate"/>
                    <dateField id="dscActFinDateField" property="dscActFinDate"/>
                    <textField id="dscMonPerField" property="dscMonPer"/>
                    <dateField id="dscLastFinDateField" property="dscLastFinDate"/>
                    <textField id="dscCliRatiOutField" property="dscCliRatiOut"/>
                    <textField id="dscCliIinBinField" property="dscCliIinBin"/>
                    <textField id="dscCliTypeField" property="dscCliType"/>
                    <textField id="dscSdCdField" property="dscSdCd"/>
                    <textField id="dscKodIpField" property="dscKodIp"/>
                    <textField id="dscMaxDelayDayField" property="dscMaxDelayDay"/>
                    <textField id="dscMinDelayDayField" property="dscMinDelayDay"/>
                    <dateField id="dscOpenDateField" property="dscOpenDate"/>
                    <dateField id="dscPayDateField" property="dscPayDate"/>
                    <textField id="dscOkedField" property="dscOked"/>
                    <textField id="dscCliOkedCdField" property="dscCliOkedCd"/>
                    <textField id="dscProblemField" property="dscProblem"/>
                    <textField id="dscClassField" property="dscClass"/>
                    <textField id="dscModifField" property="dscModif"/>
                    <dateField id="dscModDateField" property="dscModDate"/>
                    <textField id="dscBasketMonBegField" property="dscBasketMonBeg"/>
                    <dateField id="dscBasketRepDateField" property="dscBasketRepDate"/>
                    <textField id="dscRateField" property="dscRate"/>
                    <textField id="dscGesvBegField" property="dscGesvBeg"/>
                    <checkBox id="dscTrg2Field" property="dscTrg2"/>
                    <checkBox id="dscTrg3Field" property="dscTrg3"/>
                    <checkBox id="dscTrg4Field" property="dscTrg4"/>
                    <checkBox id="dscRecoveryField" property="dscRecovery"/>
                    <dateField id="dscDefoltDateField" property="dscDefoltDate"/>
                    <dateField id="dscRecoveryDateField" property="dscRecoveryDate"/>
                    <checkBox id="dscNonMarketFlField" property="dscNonMarketFl"/>
                    <textField id="dscAllSumField" property="dscAllSum"/>
                    <textField id="dscControlListField" property="dscControlList"/>
                    <textField id="dscStateField" property="dscState"/>
                </column>
            </form>
        </scrollBox>
        <hbox id="editActions" spacing="true">
            <button id="commitAndCloseBtn" action="windowCommitAndClose"/>
            <button id="closeBtn" action="windowClose"/>
        </hbox>
    </layout>
</window>
