<?xml version="1.0" encoding="UTF-8" standalone="no"?>
<window xmlns="http://jmix.io/schema/ui/window"
        caption="msg://dmCreditSnpBrowse.caption"
        focusComponent="dmCreditSnpsTable">
    <data readOnly="true">
        <collection id="dmCreditSnpsDc"
                    class="kz.eub.report360.entity.DmCreditSnp">
            <fetchPlan extends="_base">
                <property name="dscSourceUuid" fetchPlan="_base"/>
                <property name="dscPozId" fetchPlan="_base"/>
            </fetchPlan>
            <loader id="dmCreditSnpsDl">
                <query>
                    <![CDATA[select e from r360_DmCreditSnp e]]>
                </query>
            </loader>
        </collection>
    </data>
    <facets>
        <dataLoadCoordinator auto="true"/>
        <screenSettings id="settingsFacet" auto="true"/>
    </facets>
    <actions>
        <action id="lookupSelectAction"
                caption="msg:///actions.Select"
                icon="LOOKUP_OK"
                primary="true"
                shortcut="${COMMIT_SHORTCUT}"/>
        <action id="lookupCancelAction"
                caption="msg:///actions.Cancel"
                icon="LOOKUP_CANCEL"/>
    </actions>
    <dialogMode height="600"
                width="800"/>
    <layout expand="dmCreditSnpsTable" spacing="true">
        <filter id="filter"
                dataLoader="dmCreditSnpsDl">
            <properties include=".*"/>
        </filter>
        <groupTable id="dmCreditSnpsTable"
                    width="100%"
                    dataContainer="dmCreditSnpsDc">
            <actions>
                <action id="create" type="create"/>
                <action id="edit" type="edit"/>
                <action id="remove" type="remove"/>
                <action id="excelExport" type="excelExport"/>
            </actions>
            <columns>
                <column id="dcsReportDate"/>
                <column id="dscSourceUuid"/>
                <column id="dscGid"/>
                <column id="dscDogNum"/>
                <column id="dscTranNum"/>
                <column id="dscCurCode"/>
                <column id="dscDprtName"/>
                <column id="dscClntName"/>
                <column id="dscCgrpName"/>
                <column id="dscOutSumKztOd"/>
                <column id="dscOutSumKztOdDelay"/>
                <column id="dscOutSumKztPerc"/>
                <column id="dscOutSumKztPercDelay"/>
                <column id="dscOutSumKztPercOd"/>
                <column id="dscOutSumKztCom"/>
                <column id="dscOutSumKztComDelay"/>
                <column id="dscOutSumKztPen"/>
                <column id="dscOutSumKztMsfoPer"/>
                <column id="dscOutSumKztNegCorr"/>
                <column id="dscOutSumKztDis1434"/>
                <column id="dscOutSumKztDis2794"/>
                <column id="dscOutSumKztCorrEsp"/>
                <column id="dscOutSumKztDev"/>
                <column id="dscOutSumKztMod1435"/>
                <column id="dscOutSumKztOdOdd"/>
                <column id="dscOutSumKztAllDebt"/>
                <column id="dscMsfoRate"/>
                <column id="dscOutSumKztMsfo1428"/>
                <column id="dscOutSumKztProvCom1845"/>
                <column id="dscOutSumKztProv1877"/>
                <column id="dscOutSumKztDebt1860"/>
                <column id="dscOutSumKztKik"/>
                <column id="dscOutSumKztDz1877"/>
                <column id="dscOutSumKztOdOddMonBeg"/>
                <column id="dscOutSumKztAllDebtWithoutDis"/>
                <column id="dscOutSumKztReser"/>
                <column id="dscOutSumKztOutsys"/>
                <column id="dscOutSumKztOutsysSum"/>
                <column id="dscOutSumKztLesion"/>
                <column id="dscCrRateMonthBeg"/>
                <column id="dscCrRateRepDate"/>
                <column id="dscProdName"/>
                <column id="dscTarif"/>
                <column id="dscIsUniform"/>
                <column id="dscPozId"/>
                <column id="dscUserCredType"/>
                <column id="dscDprtGid"/>
                <column id="dscCliRatiIn"/>
                <column id="dscCliRatiInDate"/>
                <column id="dscDealRati"/>
                <column id="dscDealRatiDate"/>
                <column id="dscMonDate"/>
                <column id="dscActFinDate"/>
                <column id="dscMonPer"/>
                <column id="dscLastFinDate"/>
                <column id="dscCliRatiOut"/>
                <column id="dscCliIinBin"/>
                <column id="dscCliType"/>
                <column id="dscSdCd"/>
                <column id="dscKodIp"/>
                <column id="dscMaxDelayDay"/>
                <column id="dscMinDelayDay"/>
                <column id="dscOpenDate"/>
                <column id="dscPayDate"/>
                <column id="dscOked"/>
                <column id="dscCliOkedCd"/>
                <column id="dscProblem"/>
                <column id="dscClass"/>
                <column id="dscModif"/>
                <column id="dscModDate"/>
                <column id="dscBasketMonBeg"/>
                <column id="dscBasketRepDate"/>
                <column id="dscRate"/>
                <column id="dscGesvBeg"/>
                <column id="dscTrg2"/>
                <column id="dscTrg3"/>
                <column id="dscTrg4"/>
                <column id="dscRecovery"/>
                <column id="dscDefoltDate"/>
                <column id="dscRecoveryDate"/>
                <column id="dscNonMarketFl"/>
                <column id="dscAllSum"/>
                <column id="dscControlList"/>
                <column id="dscState"/>
            </columns>
            <simplePagination itemsPerPageUnlimitedOptionVisible="true" itemsPerPageVisible="true"/>
            <buttonsPanel id="buttonsPanel"
                          alwaysVisible="true">
                <button id="createBtn" action="dmCreditSnpsTable.create"/>
                <button id="editBtn" action="dmCreditSnpsTable.edit"/>
                <button id="removeBtn" action="dmCreditSnpsTable.remove"/>
                <button id="excelExportBtn" action="dmCreditSnpsTable.excelExport" stylename="friendly"/>
            </buttonsPanel>
        </groupTable>
        <hbox id="lookupActions" spacing="true" visible="false">
            <button action="lookupSelectAction"/>
            <button action="lookupCancelAction"/>
        </hbox>
    </layout>
</window>
