<?xml version="1.0" encoding="UTF-8" standalone="no"?>
<window xmlns="http://jmix.io/schema/ui/window"
        xmlns:c="http://jmix.io/schema/ui/jpql-condition"
        caption="msg://horizontalLayoutBrowse.caption"
        focusComponent="horizontalLayoutsTable">
    <data readOnly="true">
        <collection id="horizontalLayoutsDc"
                    class="io.jmix.dashboards.model.visualmodel.HorizontalLayout">
            <loader id="horizontalLayoutsDl"/>
        </collection>
    </data>
    <facets>
        <dataLoadCoordinator auto="true"/>
        <screenSettings id="settingsFacet" auto="true"/>
    </facets>
    <actions>
        <action id="lookupSelectAction"
                caption="msg:///actions.Select"
                icon="LOOKUP_OK"
                primary="true"
                shortcut="${COMMIT_SHORTCUT}"/>
        <action id="lookupCancelAction"
                caption="msg:///actions.Cancel"
                icon="LOOKUP_CANCEL"/>
    </actions>
    <dialogMode height="600"
                width="800"/>
    <layout expand="horizontalLayoutsTable" spacing="true">
        <groupTable id="horizontalLayoutsTable"
                    width="100%"
                    dataContainer="horizontalLayoutsDc">
            <actions>
                <action id="create" type="create"/>
                <action id="edit" type="edit"/>
                <action id="remove" type="remove"/>
            </actions>
            <columns>
            </columns>
            <simplePagination/>
            <buttonsPanel id="buttonsPanel"
                          alwaysVisible="true">
                <button id="createBtn" action="horizontalLayoutsTable.create"/>
                <button id="editBtn" action="horizontalLayoutsTable.edit"/>
                <button id="removeBtn" action="horizontalLayoutsTable.remove"/>
            </buttonsPanel>
        </groupTable>
        <hbox id="lookupActions" spacing="true" visible="false">
            <button action="lookupSelectAction"/>
            <button action="lookupCancelAction"/>
        </hbox>
    </layout>
</window>