<?xml version="1.0" encoding="UTF-8" standalone="no"?>
<window xmlns="http://jmix.io/schema/ui/window"
        caption="msg://reportingLoadHistBrowse.caption"
        focusComponent="reportingLoadHistsTable">
    <data readOnly="true">
        <collection id="reportingLoadHistsDc"
                    class="kz.eub.report360.entity.ReportingLoadHist">
            <fetchPlan extends="_base">
                <property name="reporting" fetchPlan="_base"/>
            </fetchPlan>
            <loader id="reportingLoadHistsDl">
                <query>
                    <![CDATA[select e from r360_ReportingLoadHist e
                            where (e.reporting = :reporting and :reporting is not null)
                                or (:reporting is null)]]>
                </query>
            </loader>
        </collection>
    </data>
    <facets>
        <dataLoadCoordinator auto="true"/>
        <screenSettings id="settingsFacet" auto="true"/>
    </facets>
    <actions>
        <action id="lookupSelectAction"
                caption="msg:///actions.Select"
                icon="LOOKUP_OK"
                primary="true"
                shortcut="${COMMIT_SHORTCUT}"/>
        <action id="lookupCancelAction"
                caption="msg:///actions.Cancel"
                icon="LOOKUP_CANCEL"/>
    </actions>
    <dialogMode height="768"
                width="1024"/>
    <layout expand="reportingLoadHistsTable" spacing="true">
        <filter id="filter"
                dataLoader="reportingLoadHistsDl">
            <properties include=".*"/>
        </filter>
        <groupTable id="reportingLoadHistsTable"
               width="100%"
               dataContainer="reportingLoadHistsDc">
            <columns>
                <column id="reporting.name"/>
                <column id="reporting.code"/>
                <column id="dateOnRep"/>
                <column id="dateBegin"/>
                <column id="dateEnd"/>
                <column id="dateLoad"/>
                <column id="userName"/>
                <column id="description"/>
            </columns>
            <simplePagination itemsPerPageUnlimitedOptionVisible="true" itemsPerPageVisible="true"/>
            <buttonsPanel id="buttonsPanel"
                          alwaysVisible="true">
            </buttonsPanel>
        </groupTable>
        <hbox id="lookupActions" spacing="true" visible="false">
            <button action="lookupSelectAction"/>
            <button action="lookupCancelAction"/>
        </hbox>
    </layout>
</window>
