<?xml version="1.0" encoding="UTF-8" standalone="no"?>
<window xmlns="http://jmix.io/schema/ui/window"
        caption="msg://kpiResultEdit.caption"
        focusComponent="form">
    <data>
        <instance id="kpiResultDc"
                  class="kz.eub.kpi.entity.kpi.KpiResult">
            <fetchPlan extends="_base"/>
            <loader/>
        </instance>
        <collection id="kpiPeriodsDc" class="kz.eub.kpi.entity.kpi.KpiPeriod">
            <fetchPlan extends="_base"/>
            <loader id="kpiPeriodsDl">
                <query>
                    <![CDATA[select e from kpi_KpiPeriod e]]>
                </query>
            </loader>
        </collection>
    </data>
    <facets>
        <dataLoadCoordinator auto="true"/>
        <screenSettings id="settingsFacet" auto="true"/>
    </facets>
    <actions>
        <action id="windowCommitAndClose"
                caption="msg:///actions.SaveClose"
                icon="EDITOR_OK"
                primary="true"
                shortcut="${COMMIT_SHORTCUT}"/>
        <action id="windowClose"
                caption="msg:///actions.Close"
                icon="EDITOR_CANCEL"/>
    </actions>
    <dialogMode height="AUTO"
                width="AUTO"
                modal="true"
                forceDialog="true"/>
    <layout spacing="true" expand="scrollBox">
        <scrollBox id="scrollBox" spacing="true">
            <form id="form" dataContainer="kpiResultDc">
                <column width="350px">
                    <entityPicker id="employeeField" property="employee">
                        <actions>
                            <action id="entityLookup" type="entity_lookup"/>
                            <action id="entityClear" type="entity_clear"/>
                        </actions>
                    </entityPicker>
                    <entityComboBox id="periodField" property="period" optionsContainer="kpiPeriodsDc">
                        <actions>
                            <action id="entityLookup" type="entity_lookup"/>
                            <action id="entityClear" type="entity_clear"/>
                        </actions>
                    </entityComboBox>
                    <currencyField id="percentageField" property="percentage" currency="%"/>
                </column>
            </form>
        </scrollBox>
        <hbox id="editActions" spacing="true">
            <button id="commitAndCloseBtn" action="windowCommitAndClose"/>
            <button id="closeBtn" action="windowClose"/>
        </hbox>
    </layout>
</window>
