<?xml version="1.0" encoding="UTF-8" standalone="no"?>
<window xmlns="http://jmix.io/schema/ui/window"
        caption="msg://bonusDescriptionPos.caption">
    <dialogMode forceDialog="true" width="1000" height="1000"/>
    <layout>
        <scrollBox contentMinWidth="600px"
                   contentMinHeight="200px"
                   height="100%"
                   width="100%">
            <tabSheet id="tabSheet" width="100%">
                <tab caption="Расчет бонуса"
                     id="tab_1" spacing="true"
                     margin="true,false,false,false"
                     expand="accountablesBox"
                     icon="USERS">
                    <flowBox width="100%" id="accountablesBox">
                        <responsiveGridLayout stylename="demo">
                            <row>
                                <col sm="6" md="1">
                                    <label value="#" css="font-size: 120%; "/>
                                </col>
                                <col sm="6" md="4">
                                    <label value="Показатель" css="font-size: 150%; "/>
                                </col>

                                <col sm="6" md="4">
                                    <label value="Значение" css="font-size: 150%; "/>
                                </col>
                            </row>
                            <row>
                                <col sm="4" md="1">
                                    <label value=" " css="font-size: 120%; "/>
                                </col>
                                <col sm="4" md="4">
                                    <label value="Минимальное кол-во выдач" css="font-size: 120%; "/>
                                </col>
                                <col sm="4" md="4">
                                    <label value="20 шт" css="font-size: 120%; "/>
                                </col>
                            </row>
                            <row>
                                <col sm="4" md="1">
                                    <label value="" css="font-size: 120%; "/>
                                </col>
                                <col sm="4" md="4">
                                    <label value="Высокодоходный тариф"
                                           css="font-size: 120%; "/>
                                </col>
                                <col sm="4" md="4">
                                    <label value="0,80%" css="font-size: 120%; "/>
                                </col>
                            </row>
                            <row>
                                <col sm="4" md="1">
                                    <label value="2" css="font-size: 120%; "/>
                                </col>
                                <col sm="4" md="4">
                                    <label value="Среднедоходный тариф"
                                           css="font-size: 120%; "/>
                                </col>
                                <col sm="4" md="4">
                                    <label value="0,35%" css="font-size: 120%; "/>
                                </col>
                            </row>
                            <row>
                                <col sm="4" md="1">
                                    <label value="" css="font-size: 120%; "/>
                                </col>
                                <col sm="4" md="4">
                                    <label value="Низкодоходный тариф"
                                           css="font-size: 120%; "/>
                                </col>
                                <col sm="4" md="4">
                                    <label value="0,10%" css="font-size: 120%; "/>
                                </col>
                            </row>
                            <row>
                                <col sm="4" md="1">
                                    <label value="3" css="font-size: 120%; "/>
                                </col>
                                <col sm="4" md="4">
                                    <label value="Бонус за выпуск кредитных карт"
                                           css="font-size: 120%; "/>
                                </col>
                                <col sm="4" md="4">
                                    <label value="1000 тенге за 1 активную карту" css="font-size: 120%; "/>
                                </col>
                            </row>
                            <row>
                                <col sm="4" md="1">
                                    <label value="+" css="font-size: 120%; "/>
                                </col>
                                <col sm="4" md="4">
                                    <label value="Бонус за страховку"
                                           css="font-size: 120%; "/>
                                </col>
                                <col sm="4" md="4">
                                    <label value="0,4%" css="font-size: 120%; "/>
                                </col>
                            </row>
                            <row>
                                <col sm="4" md="1">
                                    <label value="" css="font-size: 120%; "/>
                                </col>
                                <col sm="4" md="4">
                                    <label value="Срок займа ( меньше 7 месяцев )"
                                           css="font-size: 120%; "/>
                                </col>
                                <col sm="4" md="4">
                                    <label value="0,2%" css="font-size: 120%; "/>
                                </col>
                            </row>
                            <row>
                                <col sm="4" md="1">
                                    <label value="+" css="font-size: 120%; "/>
                                </col>
                                <col sm="4" md="4">
                                    <label value="Срок займа ( 7-12 месяцев )"
                                           css="font-size: 120%; "/>
                                </col>
                                <col sm="4" md="4">
                                    <label value="0" css="font-size: 120%; "/>
                                </col>
                            </row>
                            <row>
                                <col sm="4" md="1">
                                    <label value="" css="font-size: 120%; "/>
                                </col>
                                <col sm="4" md="4">
                                    <label value="Срок займа (больше 12 месяцев)"
                                           css="font-size: 120%; "/>
                                </col>
                                <col sm="4" md="4">
                                    <label value="-0,2%" css="font-size: 120%; "/>
                                </col>
                            </row>

                            <row>
                                <col sm="6" md="10">
                                    <label value="Размер бонуса за тариф, страховку, сроки займов, задачи и веса могут меняться по решению руководства в зависимости от приоритетов"/>
                                </col>
                            </row>
                            <row height="10">
                                <col sm="10" md="10">
                                    <hbox height="10"/>
                                </col>
                            </row>
                            <row>
                                <col sm="6" md="10">
                                    <label css="font-size: 100%;" width="80%"
                                           value="* Финансовый консультант и Оператор колл центра» получают бонус по 50% от оформленных заявок через интернет кредитование. Оператор колл центра/финансовый консультант» получают 80% от расчета бонусов за кредиты оформленные по проекту Online Call"/>
                                </col>
                            </row>

                            <row height="20">
                                <col sm="10" md="10">
                                    <hbox height="10"/>
                                </col>
                            </row>

                            <row height="10">
                                <col>
                                    <label width="100%" height="1" css="background-color: grey"/>
                                </col>
                            </row>
                            <row>
                                <col sm="6" md="10">
                                    <label value="Пример расчета:" css="font-size: 150%; color: #314082;"
                                           stylename="bold"/>
                                </col>
                            </row>
                            <row>
                                <col sm="6" md="10">
                                    <label value="Сумма займа * (%бонуса за тариф + Бонус за страховку + Бонус за срок) - Штрафы"
                                           css="font-size: 100%; " stylename="bold"/>
                                </col>
                            </row>
                            <row height="20">
                                <col sm="10" md="10">
                                    <hbox height="10"/>
                                </col>
                            </row>
                            <row>
                                <col sm="6" md="10">
                                    <label value="Максимальная выплата бонуса 200 000 тг."
                                           css="font-size: 200%; color: #dd1668;" stylename="bold"/>
                                </col>
                            </row>

                            <row height="20">
                                <col sm="10" md="10">
                                    <hbox height="10"/>
                                </col>
                            </row>

                            <row height="10">
                                <col>
                                    <label width="100%" height="1" css="background-color: grey"/>
                                </col>
                            </row>

                            <row>
                                <col sm="6" md="10">
                                    <label value="Премия за количество выданных автокредитов"
                                           css="font-size: 150%; color: #314082;" stylename="bold"/>
                                </col>
                            </row>
                            <row height="10">
                                <col sm="10" md="10">
                                    <hbox height="10"/>
                                </col>
                            </row>
                            <row>
                                <col sm="6" md="1">
                                    <label value="#" css="font-size: 120%; "/>
                                </col>
                                <col sm="6" md="4">
                                    <label value="Показатель" css="font-size: 150%; "/>
                                </col>
                                <col sm="6" md="4">
                                    <label value="Значение" css="font-size: 150%; "/>
                                </col>

                            </row>
                            <row>
                                <col sm="4" md="1">
                                    <label value="1" css="font-size: 120%; "/>
                                </col>
                                <col sm="4" md="5">
                                    <label value="Бонус за кредит на новый а/м" css="font-size: 120%; "/>
                                </col>
                                <col sm="4" md="5">
                                    <label value="0,2%*" css="font-size: 120%; "/>
                                </col>

                            </row>
                            <row>
                                <col sm="4" md="1">
                                    <label value="2" css="font-size: 120%; "/>
                                </col>
                                <col sm="4" md="5">
                                    <label value="Бонус за кредит на БУ а/м и высокодоходные продукты" css="font-size: 120%; "/>
                                </col>
                                <col sm="4" md="5">
                                    <label value="0,4%*" css="font-size: 120%; "/>
                                </col>
                            </row>
                            <row>
                                <col sm="4" md="1">
                                    <label value="" css="font-size: 120%; "/>
                                </col>
                                <col sm="4" md="5">
                                    <label value="*Кроме кредитов, выданных в Aster Auto, где бонус за новый а/м 0,4%, а бонус за БУ и высокодоходные 0,2%"
                                           css="font-size: 90%; "/>
                                </col>
                                <col sm="6" md="5">
                                    <label value="" css="font-size: 150%; "/>
                                </col>
                            </row>
                            <row>
                                <col sm="6" md="10">
                                    <label value="Пример расчета:" css="font-size: 150%; color: #314082;"
                                           stylename="bold"/>
                                </col>
                            </row>
                            <row>
                                <col sm="6" md="10">
                                    <label value="Сумма займа * %бонуса за тариф"
                                           css="font-size: 100%; " stylename="bold"/>
                                </col>
                            </row>
                            <row height="20">
                                <col sm="10" md="10">
                                    <hbox height="10"/>
                                </col>
                            </row>
                            <row>
                                <col sm="6" md="10">
                                    <label value="Максимальная выплата бонуса 200 000 тг."
                                           css="font-size: 200%; color: #dd1668;" stylename="bold"/>
                                </col>
                            </row>

                            <row height="10">
                                <col>
                                    <label width="100%" height="1" css="background-color: grey"/>
                                </col>
                            </row>

                            <row height="30">
                                <col sm="10" md="10">
                                    <hbox height="10"/>
                                </col>
                            </row>
                            <row>
                                <col sm="6" md="10">
                                    <label value="Премия за выдачу прочих кредитов (PRL, UnsCL, UnsCL REF, Loyalty)" css="font-size: 150%; color: #314082;"
                                           stylename="bold"/>
                                </col>
                            </row>

                            <row>
                                <col sm="6" md="1">
                                    <label value="#" css="font-size: 120%; "/>
                                </col>
                                <col sm="6" md="3">
                                    <label value="Показатель" css="font-size: 150%; "/>
                                </col>
                                <col sm="6" md="2">
                                    <label value="Сумма займа" css="font-size: 150%; "/>
                                </col>
                                <col sm="6" md="3">
                                    <label value="Со страховкой" css="font-size: 150%; "/>
                                </col>
                            </row>
                            <row>
                                <col sm="4" md="1">
                                    <label value=" " css="font-size: 120%; "/>
                                </col>
                                <col sm="4" md="3">
                                    <label value="" css="font-size: 120%; "/>
                                </col>
                                <col sm="4" md="2">
                                    <label value="500 K" css="font-size: 120%; "/>
                                </col>
                                <col sm="4" md="3">
                                    <label value="1200" css="font-size: 120%; "/>
                                </col>
                            </row>
                            <row>
                                <col sm="4" md="1">
                                    <label value="1" css="font-size: 120%; "/>
                                </col>
                                <col sm="4" md="3">
                                    <label value="Бонус за выдачу PRL," css="font-size: 120%; "/>
                                </col>
                                <col sm="4" md="2">
                                    <label value="500 К – 1,5 М" css="font-size: 120%; "/>
                                </col>
                                <col sm="4" md="3">
                                    <label value="2000" css="font-size: 120%; "/>
                                </col>
                            </row>
                            <row>
                                <col sm="4" md="1">
                                    <label value="" css="font-size: 120%; "/>
                                </col>
                                <col sm="4" md="3">
                                    <label value="UnsCL, Loyalty займов" css="font-size: 120%; "/>
                                </col>
                                <col sm="4" md="2">
                                    <label value="1,5 M – 3 М" css="font-size: 120%; "/>
                                </col>
                                <col sm="4" md="3">
                                    <label value="3000" css="font-size: 120%; "/>
                                </col>
                            </row>

                            <row>
                                <col sm="4" md="1">
                                    <label value=" " css="font-size: 120%; "/>
                                </col>
                                <col sm="4" md="3">
                                    <label value="" css="font-size: 120%; "/>
                                </col>
                                <col sm="4" md="2">
                                    <label value=">3 М" css="font-size: 120%; "/>
                                </col>
                                <col sm="4" md="3">
                                    <label value="4000" css="font-size: 120%; "/>
                                </col>
                            </row>


                            <row>
                                <col sm="6" md="10">
                                    <label value="Премия за выдачу депозитов"
                                           css="font-size: 150%; color: #314082;" stylename="bold"/>
                                </col>
                            </row>
                            <row height="10">
                                <col sm="10" md="10">
                                    <hbox height="10"/>
                                </col>
                            </row>
                            <row>
                                <col sm="6" md="1">
                                    <label value="#" css="font-size: 120%; "/>
                                </col>
                                <col sm="6" md="4">
                                    <label value="Показатель" css="font-size: 150%; "/>
                                </col>
                                <col sm="6" md="4">
                                    <label value="Сумма депозита" css="font-size: 150%; "/>
                                </col>
                                <col sm="6" md="2">
                                    <label value="" css="font-size: 150%; "/>
                                </col>
                            </row>
                            <row>
                                <col sm="4" md="1">
                                    <label value="1" css="font-size: 120%; "/>
                                </col>
                                <col sm="4" md="4">
                                    <label value="Новые депозиты в тенге, включая" css="font-size: 120%; "/>
                                </col>
                                <col sm="4" md="4">
                                    <label value="100K – 500К" css="font-size: 120%; "/>
                                </col>
                                <col sm="6" md="2">
                                    <label value="Бонус" css="font-size: 150%; "/>
                                </col>
                            </row>
                            <row>
                                <col sm="4" md="1">
                                    <label value="1" css="font-size: 120%; "/>
                                </col>
                                <col sm="4" md="4">
                                    <label value="конвертацию валютных депозитов в тенге" css="font-size: 120%; "/>
                                </col>
                                <col sm="4" md="4">
                                    <label value="свыше 500 001" css="font-size: 120%; "/>
                                </col>
                                <col sm="6" md="2">
                                    <label value="500 тенге" css="font-size: 150%; "/>
                                </col>
                            </row>
                            <row>
                                <col sm="4" md="1">
                                    <label value="" css="font-size: 120%; "/>
                                </col>
                                <col sm="4" md="8">
                                    <label value="Бонус за депозит выплачивается по усмотрению БРБ"
                                           css="font-size: 120%; "/>
                                </col>
                                <col sm="6" md="2">
                                    <label />
                                </col>
                            </row>




                            <row height="30">
                                <col sm="10" md="10">
                                    <hbox height="10"/>
                                </col>
                            </row>

                            <row>
                                <col sm="6" md="10">
                                    <label value="Премия за выдачу карт"
                                           css="font-size: 150%; color: #314082;" stylename="bold"/>
                                </col>
                            </row>
                            <row height="10">
                                <col sm="10" md="10">
                                    <hbox height="10"/>
                                </col>
                            </row>
                            <row>
                                <col sm="6" md="1">
                                    <label value="#" css="font-size: 120%; "/>
                                </col>
                                <col sm="6" md="5">
                                    <label value="Название" css="font-size: 150%; "/>
                                </col>
                                <col sm="6" md="5">
                                    <label value="Сумма бонуса" css="font-size: 150%; "/>
                                </col>

                            </row>
                            <row>
                                <col sm="4" md="1">
                                    <label value="1" css="font-size: 120%; "/>
                                </col>
                                <col sm="4" md="5">
                                    <label value="Автокарта" css="font-size: 120%; "/>
                                </col>
                                <col sm="4" md="5">
                                    <label value="300 тенге за выданную карту + 500 тенге за транзакцию по карте"
                                           css="font-size: 120%; "/>
                                </col>
                            </row>
                            <row>
                                <col sm="4" md="1">
                                    <label value="2" css="font-size: 120%; "/>
                                </col>
                                <col sm="4" md="5">
                                    <label value="SmartCard" css="font-size: 120%; "/>
                                </col>
                                <col sm="4" md="5">
                                    <label value="1000 тенге за каждую активную карту" css="font-size: 120%; "/>
                                </col>
                            </row>
                            <row>
                                <col sm="4" md="1">
                                    <label value="3" css="font-size: 120%; "/>
                                </col>
                                <col sm="4" md="5">
                                    <label value="Black Edition" css="font-size: 120%; "/>
                                </col>
                                <col sm="4" md="5">
                                    <label value="700 тенге за каждую активную карту" css="font-size: 120%; "/>
                                </col>
                            </row>
                            <row>
                                <col sm="4" md="1">
                                    <label value="4" css="font-size: 120%; "/>
                                </col>
                                <col sm="4" md="5">
                                    <label value="Visa Platinum, Infinity" css="font-size: 120%; "/>
                                </col>
                                <col sm="4" md="5">
                                    <label value="500 тенге за каждую активную карту" css="font-size: 120%; "/>
                                </col>
                            </row>

                            <row>
                                <col sm="6" md="10">
                                    <label value="Активной кредитной картой считается карта, по которой была произведена любая расходная операция в течение трех месяцев с момента выпуска карты."/>
                                </col>
                            </row>


                        </responsiveGridLayout>
                    </flowBox>
                </tab>

                <tab caption="Штрафы"
                     id="tab_2" spacing="true"
                     margin="true,false,false,false"
                     icon="USERS">
                    <flowBox width="100%">
                        <responsiveGridLayout stylename="demo">
                            <row>
                                <col sm="6" md="1">
                                    <label value="#" css="font-size: 120%; "/>
                                </col>
                                <col sm="6" md="7">
                                    <label value="SPD% +7" css="font-size: 150%; "/>
                                </col>
                                <col sm="6" md="3">
                                    <label value="% Штрафа" css="font-size: 150%; "/>
                                </col>
                            </row>
                            <row>
                                <col sm="4" md="1">
                                    <label value="1" css="font-size: 120%; "/>
                                </col>
                                <col sm="4" md="7">
                                    <label value="4%" css="font-size: 120%; "/>
                                </col>
                                <col sm="4" md="3">
                                    <label value="	0%" css="font-size: 120%; "/>
                                </col>
                            </row>
                            <row>
                                <col sm="4" md="1">
                                    <label value="2" css="font-size: 120%; "/>
                                </col>
                                <col sm="4" md="7">
                                    <label value='4%-7%' css="font-size: 120%; "/>
                                </col>
                                <col sm="4" md="3">
                                    <label value="25%" css="font-size: 120%; "/>
                                </col>
                            </row>
                            <row>
                                <col sm="4" md="1">
                                    <label value="3" css="font-size: 120%; "/>
                                </col>
                                <col sm="4" md="7">
                                    <label value='7%-10%' css="font-size: 120%; "/>
                                </col>
                                <col sm="4" md="3">
                                    <label value="50%" css="font-size: 120%; "/>
                                </col>
                            </row>
                            <row>
                                <col sm="4" md="1">
                                    <label value="4" css="font-size: 120%; "/>
                                </col>
                                <col sm="4" md="7">
                                    <label value='>10%' css="font-size: 120%; "/>
                                </col>
                                <col sm="4" md="3">
                                    <label value="100%" css="font-size: 120%; "/>
                                </col>
                            </row>
                        </responsiveGridLayout>
                    </flowBox>
                </tab>
            </tabSheet>
        </scrollBox>
    </layout>
</window>