<?xml version="1.0" encoding="UTF-8"?>
<definitions xmlns="http://www.omg.org/spec/BPMN/20100524/MODEL" xmlns:xsi="http://www.w3.org/2001/XMLSchema-instance" xmlns:bpmndi="http://www.omg.org/spec/BPMN/20100524/DI" xmlns:jmix="http://jmix.io/schema/bpm/bpmn" xmlns:omgdc="http://www.omg.org/spec/DD/20100524/DC" xmlns:omgdi="http://www.omg.org/spec/DD/20100524/DI" xmlns:flowable="http://flowable.org/bpmn" xmlns:xsd="http://www.w3.org/2001/XMLSchema" targetNamespace="http://www.flowable.org/processdef">
  <collaboration id="Collaboration_0simomd">
    <participant id="Participant_1fkrdlf" name="Заявка на привлечение к работе" processRef="overtime-application" />
  </collaboration>
  <process id="overtime-application" name="Привлечение к работе" isExecutable="true">
    <laneSet id="LaneSet_0aipe9z">
      <lane id="Lane_02fpr06" name="Инициатор">
        <extensionElements>
          <jmix:assignmentDetails assigneeSource="processVariable" assigneeValue="initiator" assignee="${initiator.username}" candidateUsersSource="users" candidateGroupsSource="userGroups" />
        </extensionElements>
        <flowNodeRef>Activity_1gwmbmw</flowNodeRef>
        <flowNodeRef>Activity_17x22sp</flowNodeRef>
        <flowNodeRef>Gateway_1pj5s72</flowNodeRef>
      </lane>
      <lane id="Lane_18sd5nn" name="Согласование руководителей">
        <extensionElements>
          <jmix:assignmentDetails assigneeSource="processVariable" assigneeValue="initiator" assignee="${initiator.username}" candidateUsersSource="users" candidateGroupsSource="userGroups" />
        </extensionElements>
        <flowNodeRef>Activity_0w6xh7r</flowNodeRef>
        <flowNodeRef>Gateway_11bel3x</flowNodeRef>
        <flowNodeRef>Activity_1h4scc6</flowNodeRef>
        <flowNodeRef>Gateway_18yp5xl</flowNodeRef>
        <flowNodeRef>Activity_1tvg6c7</flowNodeRef>
        <flowNodeRef>Gateway_0di2v9p</flowNodeRef>
        <flowNodeRef>Activity_1i50g18</flowNodeRef>
        <flowNodeRef>Activity_1pgmmuy</flowNodeRef>
        <flowNodeRef>Activity_0e9soyf</flowNodeRef>
        <flowNodeRef>startEvent1</flowNodeRef>
      </lane>
      <lane id="Lane_17mtm9s" name="Кадровая служба">
        <extensionElements>
          <jmix:assignmentDetails assigneeSource="processVariable" assigneeValue="initiator" assignee="${initiator.username}" candidateUsersSource="users" candidateGroupsSource="userGroups" />
        </extensionElements>
        <flowNodeRef>Activity_09rfwp3</flowNodeRef>
        <flowNodeRef>Event_0kdsj27</flowNodeRef>
        <flowNodeRef>Activity_1ia6pxy</flowNodeRef>
        <flowNodeRef>Activity_00l3k2i</flowNodeRef>
        <flowNodeRef>Activity_1ccat5r</flowNodeRef>
      </lane>
    </laneSet>
    <sequenceFlow id="Flow_13qb12m" sourceRef="Activity_0w6xh7r" targetRef="Activity_1pgmmuy" />
    <sequenceFlow id="Flow_0ycm9dc" sourceRef="Gateway_18yp5xl" targetRef="Gateway_1pj5s72">
      <extensionElements>
        <jmix:conditionDetails conditionSource="userTaskOutcome" conditionType="anyoneCompleted" userTaskId="Activity_0w6xh7r" userTaskOutcome="rework" />
      </extensionElements>
      <conditionExpression xsi:type="tFormalExpression">${execution.getVariable('Activity_0w6xh7r_result') != null &amp;&amp; bpm_UserTaskResults.containsOutcome(execution.getVariable('Activity_0w6xh7r_result'), 'rework')}</conditionExpression>
    </sequenceFlow>
    <sequenceFlow id="Flow_1h040tf" sourceRef="Activity_17x22sp" targetRef="Activity_1gwmbmw" />
    <sequenceFlow id="Flow_151ao6g" sourceRef="Activity_1gwmbmw" targetRef="Gateway_11bel3x" />
    <sequenceFlow id="Flow_1dlrsr7" sourceRef="Gateway_18yp5xl" targetRef="Activity_1i50g18">
      <extensionElements>
        <jmix:conditionDetails conditionSource="userTaskOutcome" conditionType="anyoneCompleted" userTaskId="Activity_0w6xh7r" userTaskOutcome="approve" />
      </extensionElements>
      <conditionExpression xsi:type="tFormalExpression">${execution.getVariable('Activity_0w6xh7r_result') != null &amp;&amp; bpm_UserTaskResults.containsOutcome(execution.getVariable('Activity_0w6xh7r_result'), 'approve')}</conditionExpression>
    </sequenceFlow>
    <sequenceFlow id="Flow_16v9821" sourceRef="Activity_1i50g18" targetRef="Activity_1tvg6c7" />
    <sequenceFlow id="Flow_0jq8bhf" sourceRef="Activity_1tvg6c7" targetRef="Gateway_0di2v9p" />
    <sequenceFlow id="Flow_0thpy2q" sourceRef="Gateway_1pj5s72" targetRef="Activity_17x22sp" />
    <sequenceFlow id="Flow_086l367" sourceRef="Gateway_0di2v9p" targetRef="Gateway_1pj5s72">
      <extensionElements>
        <jmix:conditionDetails conditionSource="userTaskOutcome" conditionType="anyoneCompleted" userTaskId="Activity_1tvg6c7" userTaskOutcome="rework" />
      </extensionElements>
      <conditionExpression xsi:type="tFormalExpression">${execution.getVariable('Activity_1tvg6c7_result') != null &amp;&amp; bpm_UserTaskResults.containsOutcome(execution.getVariable('Activity_1tvg6c7_result'), 'rework')}</conditionExpression>
    </sequenceFlow>
    <sequenceFlow id="Flow_0qb5bg9" sourceRef="Gateway_0di2v9p" targetRef="Activity_00l3k2i">
      <extensionElements>
        <jmix:conditionDetails conditionSource="userTaskOutcome" conditionType="anyoneCompleted" userTaskId="Activity_1tvg6c7" userTaskOutcome="signed" />
      </extensionElements>
      <conditionExpression xsi:type="tFormalExpression">${execution.getVariable('Activity_1tvg6c7_result') != null &amp;&amp; bpm_UserTaskResults.containsOutcome(execution.getVariable('Activity_1tvg6c7_result'), 'signed')}</conditionExpression>
    </sequenceFlow>
    <sequenceFlow id="Flow_0gm33fo" sourceRef="Activity_09rfwp3" targetRef="Activity_1ccat5r" />
    <sequenceFlow id="Flow_0xdaa2g" sourceRef="Activity_1ccat5r" targetRef="Event_0kdsj27" />
    <sequenceFlow id="Flow_0oqwnls" sourceRef="Activity_00l3k2i" targetRef="Activity_1ia6pxy" />
    <sequenceFlow id="Flow_04b6fgq" sourceRef="Gateway_11bel3x" targetRef="Activity_1h4scc6" />
    <sequenceFlow id="Flow_0mgr6l7" sourceRef="startEvent1" targetRef="Gateway_11bel3x" />
    <sequenceFlow id="Flow_13ohzhb" sourceRef="Activity_1h4scc6" targetRef="Activity_0e9soyf" />
    <userTask id="Activity_1gwmbmw" name="Корректировка">
      <extensionElements>
        <jmix:formData type="jmix-screen" openMode="THIS_TAB" screenId="kpi_OvertimeApplication.edit" />
      </extensionElements>
      <incoming>Flow_1h040tf</incoming>
      <outgoing>Flow_151ao6g</outgoing>
    </userTask>
    <userTask id="Activity_0w6xh7r" name="Согласование" flowable:assignee="${supervisors_item.username}" jmix:assigneeSource="expression" jmix:assigneeValue="${supervisors_item.username}">
      <extensionElements>
        <jmix:formData type="input-dialog" openMode="DIALOG">
          <jmix:formFields>
            <jmix:formField id="application" caption="Заявка" type="entity" editable="false" required="false">
              <jmix:formFieldProperty name="uiComponent" value="entityPicker" />
              <jmix:formFieldProperty name="entityName" value="kpi_OvertimeApplication" />
            </jmix:formField>
            <jmix:formField id="initiator" caption="Инициатор" type="entity" editable="false" required="false">
              <jmix:formFieldProperty name="uiComponent" value="entityPicker" />
              <jmix:formFieldProperty name="entityName" value="kpi_Employee" />
            </jmix:formField>
            <jmix:formField id="info" caption="Примечание" type="multilineString" editable="false" required="false" />
          </jmix:formFields>
          <jmix:formOutcomes>
            <jmix:formOutcome id="approve" caption="Согласовать" icon="font-icon:CHECK" />
            <jmix:formOutcome id="rework" caption="На корректировку" icon="font-icon:REFRESH" />
          </jmix:formOutcomes>
        </jmix:formData>
      </extensionElements>
      <incoming>Flow_1b1omi2</incoming>
      <outgoing>Flow_13qb12m</outgoing>
      <multiInstanceLoopCharacteristics flowable:collection="supervisors" flowable:elementVariable="supervisors_item" jmix:collectionSource="processVariable" jmix:collectionValue="supervisors" />
    </userTask>
    <exclusiveGateway id="Gateway_11bel3x">
      <incoming>Flow_151ao6g</incoming>
      <incoming>Flow_0mgr6l7</incoming>
      <outgoing>Flow_04b6fgq</outgoing>
    </exclusiveGateway>
    <serviceTask id="Activity_1h4scc6" name="APPROVAL" flowable:expression="${kpi_OvertimeApplicationService.updateStatus(application, &#39;APPROVAL&#39;)}" flowable:resultVariable="application" jmix:taskType="springBean" jmix:beanName="kpi_OvertimeApplicationService">
      <extensionElements>
        <jmix:springBean beanName="kpi_OvertimeApplicationService" methodName="updateStatus">
          <jmix:methodParam name="application" type="kz.eub.kpi.entity.Application" isVariable="true">application</jmix:methodParam>
          <jmix:methodParam name="statusStr" type="java.lang.String" isVariable="false">APPROVAL</jmix:methodParam>
        </jmix:springBean>
      </extensionElements>
      <incoming>Flow_04b6fgq</incoming>
      <outgoing>Flow_13ohzhb</outgoing>
    </serviceTask>
    <sequenceFlow id="Flow_1b1omi2" sourceRef="Activity_0e9soyf" targetRef="Activity_0w6xh7r" />
    <sequenceFlow id="Flow_0ssh9q2" sourceRef="Activity_1ia6pxy" targetRef="Activity_09rfwp3" />
    <serviceTask id="Activity_17x22sp" name="ADJUSTMENT" flowable:expression="${kpi_OvertimeApplicationService.updateStatus(application, &#39;ADJUSTMENT&#39;)}" flowable:resultVariable="application" jmix:taskType="springBean" jmix:beanName="kpi_OvertimeApplicationService">
      <extensionElements>
        <jmix:springBean beanName="kpi_OvertimeApplicationService" methodName="updateStatus">
          <jmix:methodParam name="application" type="kz.eub.kpi.entity.Application" isVariable="true">application</jmix:methodParam>
          <jmix:methodParam name="statusStr" type="java.lang.String" isVariable="false">ADJUSTMENT</jmix:methodParam>
        </jmix:springBean>
      </extensionElements>
      <incoming>Flow_0thpy2q</incoming>
      <outgoing>Flow_1h040tf</outgoing>
    </serviceTask>
    <exclusiveGateway id="Gateway_1pj5s72">
      <incoming>Flow_0ycm9dc</incoming>
      <incoming>Flow_086l367</incoming>
      <outgoing>Flow_0thpy2q</outgoing>
    </exclusiveGateway>
    <exclusiveGateway id="Gateway_18yp5xl">
      <incoming>Flow_1fepy5l</incoming>
      <outgoing>Flow_0ycm9dc</outgoing>
      <outgoing>Flow_1dlrsr7</outgoing>
    </exclusiveGateway>
    <userTask id="Activity_1tvg6c7" name="Пописание" flowable:assignee="${ova_UserProvider.getAuthorSupervisor(application)}" jmix:assigneeSource="userProvider" jmix:assigneeValue="ova_UserProvider">
      <extensionElements>
        <jmix:formData type="input-dialog" openMode="DIALOG">
          <jmix:formFields>
            <jmix:formField id="application" caption="Заявка" type="entity" editable="false" required="false">
              <jmix:formFieldProperty name="uiComponent" value="entityPicker" />
              <jmix:formFieldProperty name="entityName" value="kpi_OvertimeApplication" />
            </jmix:formField>
            <jmix:formField id="initiator" caption="Инициатор" type="entity" editable="false" required="false">
              <jmix:formFieldProperty name="uiComponent" value="entityPicker" />
              <jmix:formFieldProperty name="entityName" value="kpi_Employee" />
            </jmix:formField>
            <jmix:formField id="info" caption="Примечание" type="multilineString" editable="false" required="false" />
          </jmix:formFields>
          <jmix:formOutcomes>
            <jmix:formOutcome id="signed" caption="Подписан" icon="font-icon:_500PX" />
            <jmix:formOutcome id="rework" caption="На корректировку" icon="font-icon:REFRESH" />
          </jmix:formOutcomes>
        </jmix:formData>
        <jmix:springBean beanName="ova_UserProvider" methodName="getAuthorSupervisor">
          <jmix:methodParam name="application" type="kz.eub.kpi.entity.overtime.OvertimeApplication" isVariable="true">application</jmix:methodParam>
        </jmix:springBean>
      </extensionElements>
      <incoming>Flow_16v9821</incoming>
      <outgoing>Flow_0jq8bhf</outgoing>
    </userTask>
    <exclusiveGateway id="Gateway_0di2v9p">
      <incoming>Flow_0jq8bhf</incoming>
      <outgoing>Flow_086l367</outgoing>
      <outgoing>Flow_0qb5bg9</outgoing>
    </exclusiveGateway>
    <userTask id="Activity_09rfwp3" name="На исполнении">
      <extensionElements>
        <jmix:formData type="input-dialog" openMode="DIALOG">
          <jmix:formFields>
            <jmix:formField id="application" caption="Заявка" type="entity" editable="false" required="false">
              <jmix:formFieldProperty name="uiComponent" value="entityPicker" />
              <jmix:formFieldProperty name="entityName" value="kpi_OvertimeApplication" />
            </jmix:formField>
            <jmix:formField id="initiator" caption="Инициатор" type="entity" editable="false" required="false">
              <jmix:formFieldProperty name="uiComponent" value="entityPicker" />
              <jmix:formFieldProperty name="entityName" value="kpi_Employee" />
            </jmix:formField>
            <jmix:formField id="info" caption="Примечание" type="multilineString" editable="false" required="false" />
          </jmix:formFields>
          <jmix:formOutcomes>
            <jmix:formOutcome id="done" caption="Исполнено" icon="font-icon:FLAG_CHECKERED" />
          </jmix:formOutcomes>
        </jmix:formData>
      </extensionElements>
      <incoming>Flow_0ssh9q2</incoming>
      <outgoing>Flow_0gm33fo</outgoing>
    </userTask>
    <endEvent id="Event_0kdsj27">
      <incoming>Flow_0xdaa2g</incoming>
    </endEvent>
    <userTask id="Activity_1ia6pxy" name="Accept">
      <extensionElements>
        <jmix:formData type="input-dialog" openMode="DIALOG">
          <jmix:formFields>
            <jmix:formField id="application" caption="Заявка" type="entity" editable="false" required="false">
              <jmix:formFieldProperty name="uiComponent" value="entityPicker" />
              <jmix:formFieldProperty name="entityName" value="kpi_OvertimeApplication" />
            </jmix:formField>
            <jmix:formField id="initiator" caption="Инициатор" type="entity" editable="false" required="false">
              <jmix:formFieldProperty name="uiComponent" value="entityPicker" />
              <jmix:formFieldProperty name="entityName" value="kpi_Employee" />
            </jmix:formField>
            <jmix:formField id="info" caption="Примечание" type="multilineString" editable="false" required="false" />
          </jmix:formFields>
          <jmix:formOutcomes>
            <jmix:formOutcome id="accept" caption="Принять" icon="font-icon:CHECK" />
          </jmix:formOutcomes>
        </jmix:formData>
      </extensionElements>
      <incoming>Flow_0oqwnls</incoming>
      <outgoing>Flow_0ssh9q2</outgoing>
    </userTask>
    <serviceTask id="Activity_1i50g18" name="APPROVED" flowable:expression="${kpi_OvertimeApplicationService.updateStatus(application, &#39;APPROVED&#39;)}" flowable:resultVariable="application" jmix:taskType="springBean" jmix:beanName="kpi_OvertimeApplicationService">
      <extensionElements>
        <jmix:springBean beanName="kpi_OvertimeApplicationService" methodName="updateStatus">
          <jmix:methodParam name="application" type="kz.eub.kpi.entity.Application" isVariable="true">application</jmix:methodParam>
          <jmix:methodParam name="statusStr" type="java.lang.String" isVariable="false">APPROVED</jmix:methodParam>
        </jmix:springBean>
      </extensionElements>
      <incoming>Flow_1dlrsr7</incoming>
      <outgoing>Flow_16v9821</outgoing>
    </serviceTask>
    <serviceTask id="Activity_00l3k2i" name="EXECUTION" flowable:expression="${kpi_OvertimeApplicationService.updateStatus(application, &#39;EXECUTION&#39;)}" flowable:resultVariable="application" jmix:taskType="springBean" jmix:beanName="kpi_OvertimeApplicationService">
      <extensionElements>
        <jmix:springBean beanName="kpi_OvertimeApplicationService" methodName="updateStatus">
          <jmix:methodParam name="application" type="kz.eub.kpi.entity.Application" isVariable="true">application</jmix:methodParam>
          <jmix:methodParam name="statusStr" type="java.lang.String" isVariable="false">EXECUTION</jmix:methodParam>
        </jmix:springBean>
      </extensionElements>
      <incoming>Flow_0qb5bg9</incoming>
      <outgoing>Flow_0oqwnls</outgoing>
    </serviceTask>
    <serviceTask id="Activity_1ccat5r" name="EXECUTED" flowable:expression="${kpi_OvertimeApplicationService.updateStatus(application, &#39;EXECUTED&#39;)}" flowable:resultVariable="application" jmix:taskType="springBean" jmix:beanName="kpi_OvertimeApplicationService">
      <extensionElements>
        <jmix:springBean beanName="kpi_OvertimeApplicationService" methodName="updateStatus">
          <jmix:methodParam name="application" type="kz.eub.kpi.entity.Application" isVariable="true">application</jmix:methodParam>
          <jmix:methodParam name="statusStr" type="java.lang.String" isVariable="false">EXECUTED</jmix:methodParam>
        </jmix:springBean>
      </extensionElements>
      <incoming>Flow_0gm33fo</incoming>
      <outgoing>Flow_0xdaa2g</outgoing>
    </serviceTask>
    <task id="Activity_1pgmmuy" name="Check Approval">
      <incoming>Flow_13qb12m</incoming>
      <outgoing>Flow_1fepy5l</outgoing>
    </task>
    <sequenceFlow id="Flow_1fepy5l" sourceRef="Activity_1pgmmuy" targetRef="Gateway_18yp5xl" />
    <serviceTask id="Activity_0e9soyf" name="get Approvers List" flowable:expression="${ova_UserProvider.getUserSupervisor(application)}" flowable:resultVariable="supervisors" jmix:taskType="springBean" jmix:beanName="ova_UserProvider">
      <extensionElements>
        <jmix:springBean beanName="ova_UserProvider" methodName="getUserSupervisor">
          <jmix:methodParam name="application" type="kz.eub.kpi.entity.overtime.OvertimeApplication" isVariable="true">application</jmix:methodParam>
        </jmix:springBean>
      </extensionElements>
      <incoming>Flow_13ohzhb</incoming>
      <outgoing>Flow_1b1omi2</outgoing>
    </serviceTask>
    <startEvent id="startEvent1" name="Запуск заявки">
      <extensionElements>
        <jmix:processVariables />
        <jmix:formData type="input-dialog" openMode="DIALOG">
          <jmix:formFields>
            <jmix:formField id="application" caption="Application" type="entity" editable="true" required="true">
              <jmix:formFieldProperty name="uiComponent" value="entityPicker" />
              <jmix:formFieldProperty name="entityName" value="kpi_OvertimeApplication" />
            </jmix:formField>
            <jmix:formField id="initiator" caption="Initiator" type="entity" editable="true" required="true">
              <jmix:formFieldProperty name="uiComponent" value="entityPicker" />
              <jmix:formFieldProperty name="entityName" value="kpi_Employee" />
            </jmix:formField>
            <jmix:formField id="info" caption="Info" type="multilineString" editable="true" required="false" />
            <jmix:formField id="supervisors" caption="Supervisors" type="entity-list" editable="true" required="false">
              <jmix:formFieldProperty name="uiComponent" value="entityPicker" />
              <jmix:formFieldProperty name="entityName" value="kpi_Employee" />
            </jmix:formField>
          </jmix:formFields>
        </jmix:formData>
      </extensionElements>
      <outgoing>Flow_0mgr6l7</outgoing>
    </startEvent>
  </process>
  <bpmndi:BPMNDiagram id="BPMNDiagram_process">
    <bpmndi:BPMNPlane id="BPMNPlane_process" bpmnElement="Collaboration_0simomd">
      <bpmndi:BPMNShape id="Participant_1fkrdlf_di" bpmnElement="Participant_1fkrdlf" isHorizontal="true">
        <omgdc:Bounds x="100" y="90" width="2080" height="560" />
      </bpmndi:BPMNShape>
      <bpmndi:BPMNShape id="Lane_17mtm9s_di" bpmnElement="Lane_17mtm9s" isHorizontal="true">
        <omgdc:Bounds x="130" y="470" width="2050" height="180" />
      </bpmndi:BPMNShape>
      <bpmndi:BPMNShape id="Lane_18sd5nn_di" bpmnElement="Lane_18sd5nn" isHorizontal="true">
        <omgdc:Bounds x="130" y="270" width="2050" height="200" />
      </bpmndi:BPMNShape>
      <bpmndi:BPMNShape id="Lane_02fpr06_di" bpmnElement="Lane_02fpr06" isHorizontal="true">
        <omgdc:Bounds x="130" y="90" width="2050" height="180" />
      </bpmndi:BPMNShape>
      <bpmndi:BPMNEdge id="Flow_1fepy5l_di" bpmnElement="Flow_1fepy5l">
        <omgdi:waypoint x="940" y="370" />
        <omgdi:waypoint x="1015" y="370" />
      </bpmndi:BPMNEdge>
      <bpmndi:BPMNEdge id="Flow_0ssh9q2_di" bpmnElement="Flow_0ssh9q2">
        <omgdi:waypoint x="1690" y="560" />
        <omgdi:waypoint x="1760" y="560" />
      </bpmndi:BPMNEdge>
      <bpmndi:BPMNEdge id="Flow_1b1omi2_di" bpmnElement="Flow_1b1omi2">
        <omgdi:waypoint x="620" y="370" />
        <omgdi:waypoint x="680" y="370" />
      </bpmndi:BPMNEdge>
      <bpmndi:BPMNEdge id="Flow_13ohzhb_di" bpmnElement="Flow_13ohzhb">
        <omgdi:waypoint x="460" y="370" />
        <omgdi:waypoint x="520" y="370" />
      </bpmndi:BPMNEdge>
      <bpmndi:BPMNEdge id="Flow_0mgr6l7_di" bpmnElement="Flow_0mgr6l7">
        <omgdi:waypoint x="215" y="370" />
        <omgdi:waypoint x="265" y="370" />
      </bpmndi:BPMNEdge>
      <bpmndi:BPMNEdge id="Flow_04b6fgq_di" bpmnElement="Flow_04b6fgq">
        <omgdi:waypoint x="315" y="370" />
        <omgdi:waypoint x="360" y="370" />
      </bpmndi:BPMNEdge>
      <bpmndi:BPMNEdge id="Flow_0oqwnls_di" bpmnElement="Flow_0oqwnls">
        <omgdi:waypoint x="1520" y="560" />
        <omgdi:waypoint x="1590" y="560" />
      </bpmndi:BPMNEdge>
      <bpmndi:BPMNEdge id="Flow_0xdaa2g_di" bpmnElement="Flow_0xdaa2g">
        <omgdi:waypoint x="2030" y="560" />
        <omgdi:waypoint x="2092" y="560" />
      </bpmndi:BPMNEdge>
      <bpmndi:BPMNEdge id="Flow_0gm33fo_di" bpmnElement="Flow_0gm33fo">
        <omgdi:waypoint x="1860" y="560" />
        <omgdi:waypoint x="1930" y="560" />
      </bpmndi:BPMNEdge>
      <bpmndi:BPMNEdge id="Flow_0qb5bg9_di" bpmnElement="Flow_0qb5bg9">
        <omgdi:waypoint x="1470" y="395" />
        <omgdi:waypoint x="1470" y="520" />
      </bpmndi:BPMNEdge>
      <bpmndi:BPMNEdge id="Flow_086l367_di" bpmnElement="Flow_086l367">
        <omgdi:waypoint x="1470" y="345" />
        <omgdi:waypoint x="1470" y="180" />
        <omgdi:waypoint x="1065" y="180" />
      </bpmndi:BPMNEdge>
      <bpmndi:BPMNEdge id="Flow_0thpy2q_di" bpmnElement="Flow_0thpy2q">
        <omgdi:waypoint x="1015" y="180" />
        <omgdi:waypoint x="780" y="180" />
      </bpmndi:BPMNEdge>
      <bpmndi:BPMNEdge id="Flow_0jq8bhf_di" bpmnElement="Flow_0jq8bhf">
        <omgdi:waypoint x="1380" y="370" />
        <omgdi:waypoint x="1445" y="370" />
      </bpmndi:BPMNEdge>
      <bpmndi:BPMNEdge id="Flow_16v9821_di" bpmnElement="Flow_16v9821">
        <omgdi:waypoint x="1220" y="370" />
        <omgdi:waypoint x="1280" y="370" />
      </bpmndi:BPMNEdge>
      <bpmndi:BPMNEdge id="Flow_1dlrsr7_di" bpmnElement="Flow_1dlrsr7">
        <omgdi:waypoint x="1065" y="370" />
        <omgdi:waypoint x="1120" y="370" />
      </bpmndi:BPMNEdge>
      <bpmndi:BPMNEdge id="Flow_151ao6g_di" bpmnElement="Flow_151ao6g">
        <omgdi:waypoint x="520" y="180" />
        <omgdi:waypoint x="290" y="180" />
        <omgdi:waypoint x="290" y="345" />
      </bpmndi:BPMNEdge>
      <bpmndi:BPMNEdge id="Flow_1h040tf_di" bpmnElement="Flow_1h040tf">
        <omgdi:waypoint x="680" y="180" />
        <omgdi:waypoint x="620" y="180" />
      </bpmndi:BPMNEdge>
      <bpmndi:BPMNEdge id="Flow_0ycm9dc_di" bpmnElement="Flow_0ycm9dc">
        <omgdi:waypoint x="1040" y="345" />
        <omgdi:waypoint x="1040" y="205" />
      </bpmndi:BPMNEdge>
      <bpmndi:BPMNEdge id="Flow_13qb12m_di" bpmnElement="Flow_13qb12m">
        <omgdi:waypoint x="780" y="370" />
        <omgdi:waypoint x="840" y="370" />
      </bpmndi:BPMNEdge>
      <bpmndi:BPMNShape id="Activity_01ebwf2_di" bpmnElement="Activity_1gwmbmw">
        <omgdc:Bounds x="520" y="140" width="100" height="80" />
      </bpmndi:BPMNShape>
      <bpmndi:BPMNShape id="Activity_19g0780_di" bpmnElement="Activity_0w6xh7r">
        <omgdc:Bounds x="680" y="330" width="100" height="80" />
      </bpmndi:BPMNShape>
      <bpmndi:BPMNShape id="Gateway_11bel3x_di" bpmnElement="Gateway_11bel3x" isMarkerVisible="true">
        <omgdc:Bounds x="265" y="345" width="50" height="50" />
      </bpmndi:BPMNShape>
      <bpmndi:BPMNShape id="Activity_1lxh88m_di" bpmnElement="Activity_1h4scc6">
        <omgdc:Bounds x="360" y="330" width="100" height="80" />
      </bpmndi:BPMNShape>
      <bpmndi:BPMNShape id="Activity_1j1jb1z_di" bpmnElement="Activity_17x22sp">
        <omgdc:Bounds x="680" y="140" width="100" height="80" />
      </bpmndi:BPMNShape>
      <bpmndi:BPMNShape id="Gateway_1pj5s72_di" bpmnElement="Gateway_1pj5s72" isMarkerVisible="true">
        <omgdc:Bounds x="1015" y="155" width="50" height="50" />
      </bpmndi:BPMNShape>
      <bpmndi:BPMNShape id="Gateway_18yp5xl_di" bpmnElement="Gateway_18yp5xl" isMarkerVisible="true">
        <omgdc:Bounds x="1015" y="345" width="50" height="50" />
      </bpmndi:BPMNShape>
      <bpmndi:BPMNShape id="Activity_1k85e2c_di" bpmnElement="Activity_1tvg6c7">
        <omgdc:Bounds x="1280" y="330" width="100" height="80" />
      </bpmndi:BPMNShape>
      <bpmndi:BPMNShape id="Gateway_0di2v9p_di" bpmnElement="Gateway_0di2v9p" isMarkerVisible="true">
        <omgdc:Bounds x="1445" y="345" width="50" height="50" />
      </bpmndi:BPMNShape>
      <bpmndi:BPMNShape id="Activity_10a2qn6_di" bpmnElement="Activity_09rfwp3">
        <omgdc:Bounds x="1760" y="520" width="100" height="80" />
      </bpmndi:BPMNShape>
      <bpmndi:BPMNShape id="Event_0kdsj27_di" bpmnElement="Event_0kdsj27">
        <omgdc:Bounds x="2092" y="542" width="36" height="36" />
      </bpmndi:BPMNShape>
      <bpmndi:BPMNShape id="Activity_12lq3b6_di" bpmnElement="Activity_1ia6pxy">
        <omgdc:Bounds x="1590" y="520" width="100" height="80" />
      </bpmndi:BPMNShape>
      <bpmndi:BPMNShape id="Activity_0lp5ala_di" bpmnElement="Activity_1i50g18">
        <omgdc:Bounds x="1120" y="330" width="100" height="80" />
      </bpmndi:BPMNShape>
      <bpmndi:BPMNShape id="Activity_00slijo_di" bpmnElement="Activity_00l3k2i">
        <omgdc:Bounds x="1420" y="520" width="100" height="80" />
      </bpmndi:BPMNShape>
      <bpmndi:BPMNShape id="Activity_06m1xau_di" bpmnElement="Activity_1ccat5r">
        <omgdc:Bounds x="1930" y="520" width="100" height="80" />
      </bpmndi:BPMNShape>
      <bpmndi:BPMNShape id="Activity_1pgmmuy_di" bpmnElement="Activity_1pgmmuy">
        <omgdc:Bounds x="840" y="330" width="100" height="80" />
      </bpmndi:BPMNShape>
      <bpmndi:BPMNShape id="Activity_134558h_di" bpmnElement="Activity_0e9soyf">
        <omgdc:Bounds x="520" y="330" width="100" height="80" />
      </bpmndi:BPMNShape>
      <bpmndi:BPMNShape id="BPMNShape_startEvent1" bpmnElement="startEvent1">
        <omgdc:Bounds x="185" y="355" width="30" height="30" />
        <bpmndi:BPMNLabel>
          <omgdc:Bounds x="164" y="392" width="72" height="14" />
        </bpmndi:BPMNLabel>
      </bpmndi:BPMNShape>
    </bpmndi:BPMNPlane>
  </bpmndi:BPMNDiagram>
</definitions>
