<?xml version="1.0" encoding="UTF-8" standalone="no"?>
<window xmlns="http://jmix.io/schema/ui/window"
        caption="msg://kpiGoalDictFactEdit.caption"
        focusComponent="form">
    <data>
        <instance id="kpiGoalDictFactDc"
                  class="kz.eub.kpi.entity.kpi.KpiGoalDictFact">
            <fetchPlan extends="_base">
                <property name="goalDict" fetchPlan="_base"/>
                <property name="period" fetchPlan="_base"/>
            </fetchPlan>
            <loader/>
        </instance>
        <collection id="kpiPeriodsDc" class="kz.eub.kpi.entity.kpi.KpiPeriod">
            <fetchPlan extends="_base"/>
            <loader id="kpiPeriodsDl">
                <query>
                    <![CDATA[select e from kpi_KpiPeriod e]]>
                </query>
            </loader>
        </collection>
    </data>
    <facets>
        <dataLoadCoordinator auto="true"/>
        <screenSettings id="settingsFacet" auto="true"/>
    </facets>
    <actions>
        <action id="windowCommitAndClose" caption="msg:///actions.Ok"
                icon="EDITOR_OK"
                primary="true"
                shortcut="${COMMIT_SHORTCUT}"/>
        <action id="windowClose"
                caption="msg:///actions.Close"
                icon="EDITOR_CANCEL"/>
    </actions>
    <dialogMode forceDialog="true"
                height="AUTO"
                width="AUTO"/>
    <layout spacing="true" expand="editActions">
        <form id="form" dataContainer="kpiGoalDictFactDc">
            <column width="350px">
                <entityPicker id="goalDictField" property="goalDict">
                    <actions>
                        <action id="entityLookup" type="entity_lookup"/>
                        <action id="entityClear" type="entity_clear"/>
                    </actions>
                </entityPicker>
                <entityComboBox id="periodField" property="period" optionsContainer="kpiPeriodsDc">
                    <actions>
                        <action id="entityClear" type="entity_clear"/>
                    </actions>
                </entityComboBox>
                <currencyField id="factField" property="fact"/>
            </column>
        </form>
        <hbox id="editActions" spacing="true">
            <button id="commitAndCloseBtn" action="windowCommitAndClose"/>
            <button id="closeBtn" action="windowClose"/>
        </hbox>
    </layout>
</window>
