<?xml version="1.0" encoding="UTF-8" standalone="no"?>
<window xmlns="http://jmix.io/schema/ui/window"
        caption="msg://kpiGoalReviewResultEdit.caption"
        focusComponent="form">
    <data>
        <instance id="kpiGoalReviewResultDc"
                  class="kz.eub.kpi.entity.kpi.KpiGoalReviewResult">
            <fetchPlan extends="_base">
                <property name="kpiGoal" fetchPlan="_base"/>
                <property name="reviewer" fetchPlan="_base"/>
            </fetchPlan>
            <loader/>
        </instance>
    </data>
    <facets>
        <dataLoadCoordinator auto="true"/>
        <screenSettings id="settingsFacet" auto="true"/>
    </facets>
    <actions>
        <action id="windowCommitAndClose" caption="msg:///actions.Ok"
                icon="EDITOR_OK"
                primary="true"
                shortcut="${COMMIT_SHORTCUT}"/>
        <action id="windowClose"
                caption="msg:///actions.Close"
                icon="EDITOR_CANCEL"/>
    </actions>
    <dialogMode height="AUTO"
                width="AUTO"
                modal="true"
                forceDialog="true"/>
    <layout spacing="true" expand="formBox">
        <vbox id="formBox" spacing="true">
            <form id="form" dataContainer="kpiGoalReviewResultDc">
                <column width="350px">
                    <dateField id="dateField" property="date"/>
                    <entityPicker id="kpiGoalField" property="kpiGoal">
                        <actions>
                            <action id="entityLookup" type="entity_lookup"/>
                            <action id="entityClear" type="entity_clear"/>
                        </actions>
                    </entityPicker>
                    <textField id="titleField" property="title"/>
                    <entityPicker id="reviewerField" property="reviewer">
                        <actions>
                            <action id="entityLookup" type="entity_lookup"/>
                            <action id="entityClear" type="entity_clear"/>
                        </actions>
                    </entityPicker>
                    <comboBox id="statusField" property="status"/>
                    <textArea id="infoField" property="info"/>
                </column>
            </form>
        </vbox>
        <hbox id="editActions" spacing="true">
            <button id="commitAndCloseBtn" action="windowCommitAndClose"/>
            <button id="closeBtn" action="windowClose"/>
        </hbox>
    </layout>
</window>
