<fetchPlans xmlns="http://jmix.io/schema/core/fetch-plans">
    <fetchPlan entity="r360_User" name="user-fetch-plan" extends="_base">
    </fetchPlan>

    <fetchPlan entity="r360_Reporting" name="reporting-fetch-plan" extends="_base">
        <property name="ownerUserLog"/>
        <property name="developerUserLog"/>
    </fetchPlan>

    <fetchPlan entity="r360_ReportingApprov" name="reportingApprov-fetch-plan" extends="_base">
        <property name="reporting"/>
        <property name="matchUser"/>
    </fetchPlan>

    <fetchPlan entity="r360_ReportingGrants" name="reportingGrants-fetch-plan" extends="_base">
        <property name="reporting"/>
        <property name="userGroup"/>
        <property name="user"/>
        <property name="department"/>
    </fetchPlan>
</fetchPlans>