<?xml version="1.0" encoding="UTF-8" standalone="no"?>
<menu-config xmlns="http://jmix.io/schema/ui/menu">
    <!--
        <menu id="snp" caption="msg://kz.eub.report360/menu_config.snp" icon="FOLDER"
              description="msg:///menu_config.snp.description">
            <item screen="r360_DmCreditSnp.browse"
                  caption="msg://kz.eub.report360.screen.dmcreditsnp/dmCreditSnpBrowse.menu"
                  description="msg:///menu_config.r360_DmCreditSnp.browse.description" icon="CHAIN_BROKEN"/>
            <separator/>
            <item screen="r360_DmPledgeSnp.browse"
                  caption="msg://kz.eub.report360.screen.dmpledgesnp/dmPledgeSnpBrowse.menu"
                  description="msg:///menu_config.r360_DmPledgeSnp.browse.description" icon="CHAIN"/>
            <separator/>
            <menu id="snpReferences" caption="msg://kz.eub.report360/menu_config.snpReferences"
                  description="msg:///menu_config.snpReferences.description" icon="BOOK">
                <item screen="r360_PozReference.browse"
                      caption="msg://kz.eub.report360.screen.pozreference/pozReferenceBrowse.menu"
                      description="msg:///menu_config.r360_PozReference.browse.description"/>
                <separator/>
                <item screen="r360_PozReferenceMap.browse"
                      caption="msg://kz.eub.report360.screen.pozreferencemap/pozReferenceMapBrowse.menu"
                      description="msg:///menu_config.r360_PozReferenceMap.browse.description"/>
                <separator/>
                <item screen="r360_DictBasketSnp.browse"
                      caption="msg://kz.eub.report360.screen.dictbasketsnp/dictBasketSnpBrowse.menu"
                      description="msg:///menu_config.r360_DictBasketSnp.browse.description"/>
                <separator/>
                <item screen="r360_DictRecoverySnp.browse"
                      caption="msg://kz.eub.report360.screen.dictrecoverysnp/dictRecoverySnpBrowse.menu"
                      description="msg:///menu_config.r360_DictRecoverySnp.browse.description"/>
                <separator/>
                <item screen="r360_DictSegmentSnp.browse"
                      caption="msg://kz.eub.report360.screen.dictsegmentsnp/dictSegmentSnpBrowse.menu"
                      description="msg:///menu_config.r360_DictSegmentSnp.browse.description"/>
                <separator/>
                <item screen="r360_DictRatingSnp.browse"
                      caption="msg://kz.eub.report360.screen.dictratingsnp/dictRatingSnpBrowse.menu"
                      description="msg:///menu_config.r360_DictRatingSnp.browse.description"/>
                <separator/>
                <item screen="r360_DictProductPozSnp.browse"
                      caption="msg://kz.eub.report360.screen.dictproductpozsnp/dictProductPozSnpBrowse.menu"
                      description="msg:///menu_config.r360_DictProductPozSnp.browse.description"/>
                <separator/>
            </menu>
        </menu>
    -->
    <menu id="dataQuality" description="msg:///menu_config.dataQuality.description"
          caption="msg://kz.eub.report360/menu_config.dataQuality" icon="FOLDER">
        <item screen="r360_ErrCardClient.browse"
              caption="msg://kz.eub.report360.screen.errcardclient/errCardClientBrowse.menu" icon="FILTER"
              description="msg:///menu_config.r360_ErrCardClient.browse.description"/>
        <separator/>
        <item screen="r360_DealErrors.browse" caption="msg://kz.eub.report360.screen.dealerrors/dealErrorsBrowse.menu"
              icon="FILTER" description="msg:///menu_config.r360_DealErrors.browse.description"/>
        <separator/>
        <item screen="r360_AccountErrors.browse"
              caption="msg://kz.eub.report360.screen.accounterrors/accountErrorsBrowse.menu" icon="FILTER"
              description="msg:///menu_config.r360_AccountErrors.browse.description"/>
        <separator/>
        <menu id="directories" caption="msg://kz.eub.report360/menu_config.directories"
              description="msg:///menu_config.directories.description" icon="BOOK">
            <item screen="r360_DictErrorGroup.browse"
                  caption="msg://kz.eub.report360.screen.dicterrorgroup/dictErrorGroupBrowse.menu"/>
            <separator/>
            <item screen="r360_DictSubError.browse"
                  caption="msg://kz.eub.report360.screen.dictsuberror/dictSubErrorBrowse.menu"/>
            <separator/>
            <item screen="r360_DictErrors.browse"
                  caption="msg://kz.eub.report360.screen.dicterrors/dictErrorsBrowse.menu"/>
            <separator/>
            <item screen="r360_DictErrorDeadline.browse"
                  caption="msg://kz.eub.report360.screen.dicterrordeadline/dictErrorDeadlineBrowse.menu"/>
            <separator/>
            <item screen="r360_DictResponsibleMatrix.browse"
                  caption="msg://kz.eub.report360.screen.dictresponsiblematrix/dictResponsibleMatrixBrowse.menu"/>
        </menu>
    </menu>

    <menu id="references" description="msg:///menu_config.references.description" caption="msg:///references"
          icon="FOLDER">
        <item screen="r360_RatesBankScreen" description="msg:///menu_config.r360_RatesBankScreen.description"
              caption="msg://kz.eub.report360.screen.ratesbank/ratesBankScreen.caption" icon="MONEY"/>
        <separator/>
        <item screen="r360_DictFilial.browse" caption="msg://kz.eub.report360.screen.dictfilial/dictFilialBrowse.menu"
              icon="BARCODE" description="msg:///menu_config.r360_DictFilial.browse.description"/>
        <separator/>
        <item screen="r360_DictSources.browse"
              caption="msg://kz.eub.report360.screen.dictsources/dictSourcesBrowse.menu" icon="DATABASE"
              description="msg:///menu_config.r360_DictSources.browse.description"/>
        <separator/>
        <item screen="r360_RelationTypeLsbo.browse"
              caption="msg://kz.eub.report360.screen.relationtypelsbo/relationTypeLsboBrowse.menu"
              icon="CONNECTDEVELOP" description="msg:///menu_config.r360_RelationTypeLsbo.browse.description"/>
        <separator/>
        <item screen="r360_DictRefProduct.browse"
              caption="msg://kz.eub.report360.screen.dictrefproduct/dictRefProductBrowse.menu"
              description="msg:///menu_config.r360_DictRefProduct.browse.description" icon="PRODUCT_HUNT"/>
        <separator/>
        <item screen="r360_UniDictReg.browse" caption="msg://kz.eub.report360.screen.unidictreg/uniDictRegBrowse.menu"
              description="msg:///menu_config.r360_UniDictReg.browse.description" icon="REGISTERED"/>
        <separator/>
    </menu>

    <menu id="reporting" caption="msg://kz.eub.report360/menu_config.reporting"
          description="msg:///menu_config.reporting.description" icon="FOLDER">
        <item screen="r360_ReportingRun.browse"
              caption="msg://kz.eub.report360.screen.reporting/reportingRunBrowse.menu"
              description="msg:///menu_config.r360_ReportingRun.browse.description" icon="ANGLE_DOUBLE_RIGHT"/>
        <separator/>
        <item screen="r360_Reporting.browse"
              caption="msg://kz.eub.report360.screen.reporting/reportingBrowse.menu" icon="COG"
              description="msg:///menu_config.r360_Reporting.browse.description"/>
        <separator/>
        <!--<item screen="r360_ReportingLoadHist.browse"
              caption="msg://kz.eub.report360.screen.reportingloadhist/reportingLoadHistBrowse.menu"
              description="msg:///menu_config.r360_ReportingLoadHist.browse.description" icon="BAR_CHART"/>
        <separator/>-->
    </menu>

    <menu id="reports" description="msg:///menu_config.reports.description"
          caption="msg://io.jmix.reportsui/menu.reports" icon="FOLDER">
        <item id="report_Report.browse" caption="msg://io.jmix.reportsui/menu.report_Report.browse" icon="LINE_CHART"
              description="msg:///menu_config.report_Report.browse.description"/>
        <separator/>
        <item id="report_ReportGroup.browse" caption="msg://io.jmix.reportsui/menu.report_ReportGroup.browse"
              icon="OBJECT_GROUP" description="msg:///menu_config.report_ReportGroup.browse.description"/>
        <separator/>
        <item id="report_Report.run" caption="msg://io.jmix.reportsui/menu.report_Report.run" icon="ANGLE_DOUBLE_RIGHT"
              description="msg:///menu_config.report_Report.run.description"/>
        <separator/>
        <item id="report_ShowChart.screen" caption="msg://io.jmix.reportsui/menu.report_ShowChart.screen"
              icon="PIE_CHART" description="msg:///menu_config.report_ShowChart.screen.description"/>
        <separator/>
        <item id="report_ShowReportTable.screen" caption="msg://io.jmix.reportsui/menu.report_ShowReportTable.screen"
              icon="TABLE" description="msg:///menu_config.report_ShowReportTable.screen.description"/>
        <separator/>
        <item id="report_ShowPivotTable.screen" caption="msg://io.jmix.reportsui/menu.report_ShowPivotTable.screen"
              icon="TABLE" description="msg:///menu_config.report_ShowPivotTable.screen.description"/>
        <separator/>
    </menu>

    <menu id="dashboard" description="msg:///menu_config.dashboard.description" icon="FOLDER">
        <item screen="dshbrd_PersistentDashboard.browse" icon="DASHBOARD"/>
        <separator/>
        <item screen="dshbrd_WidgetTemplate.browse" icon="STACK_OVERFLOW"/>
        <separator/>
    </menu>

    <menu id="xmlReport" description="msg:///menu_config.xmlReport.description"
          caption="msg://kz.eub.report360/menu_config.xmlReport" icon="FOLDER">
        <item screen="r360_ReportXmlRun.browse" description="msg:///menu_config.r360_ReportXmlRun.browse.description"
              caption="msg://kz.eub.report360.screen.reportxml/reportXmlRunBrowse.menu" icon="PLAY"/>
        <separator/>
        <item screen="r360_ReportXml.browse" description="msg:///menu_config.r360_ReportXml.browse.description"
              caption="msg://kz.eub.report360.screen.reportxml/reportXmlBrowse.menu" icon="COGS"/>
        <separator/>
        <item screen="r360_ReportXmlHist.browse" description="msg:///menu_config.r360_ReportXmlHist.browse.description"
              caption="msg://kz.eub.report360.screen.reportxmlhist/reportXmlHistBrowse.menu" icon="HISTORY"/>
        <separator/>
        <item screen="r360_ReportXmlParam.browse"
              description="msg:///menu_config.r360_ReportXmlParam.browse.description"
              caption="msg://kz.eub.report360.screen.reportxmlparam/reportXmlParamBrowse.menu" icon="CHAIN_BROKEN"/>
        <separator/>
    </menu>
    <menu id="genBuh" caption="msg://kz.eub.report360/menu_config.genBuh" icon="FOLDER" insertAfter="xmlReport">
        <item screen="r360_ArchiveReloadDayForJob.browse"
              caption="msg://kz.eub.report360.screen.archivereloaddayforjob/archiveReloadDayForJobBrowse.menu"/>
        <item screen="r360_Credreg.browse" caption="msg://kz.eub.report360.screen.credreg/credregBrowse.menu"/>
    </menu>
    <menu id="700nd" caption="msg://kz.eub.report360/menu_config.700nd" icon="FOLDER" insertAfter="xmlReport">
        <item screen="r360_Correction700nd.browse"
              caption="msg://kz.eub.report360.screen.correction700nd/correction700ndBrowse.menu"/>
    </menu>
    <menu id="application" description="msg:///menu_config.application.description"
          caption="msg://kz.eub.report360/menu.application" icon="FOLDER">
        <item screen="r360_User.browse" description="msg:///menu_config.r360_User.browse.description"
              caption="msg://kz.eub.report360.screen.user/UserBrowse.caption" icon="USER"/>
        <separator/>
        <item screen="r360_UserGroup.browse" description="msg:///menu_config.r360_UserGroup.browse.description"
              caption="msg://kz.eub.report360.screen.usergroup/userGroupBrowse.menu" icon="GROUP"/>
        <separator/>
        <item screen="r360_Employee.browse" description="msg:///menu_config.r360_Employee.browse.description"
              caption="msg://kz.eub.report360.screen.employee/employeeBrowse.menu" icon="USER_CIRCLE_O"/>
        <separator/>
        <item screen="r360_Employee.roles" caption="msg://kz.eub.report360.screen.employee/employeeRoles.menu"
              icon="USER_SECRET"/>
        <separator/>
        <item screen="r360_DictPosition.browse" description="msg:///menu_config.r360_DictPosition.browse.description"
              caption="msg://kz.eub.report360.screen.dictposition/dictPositionBrowse.menu" icon="SUPERPOWERS"/>
        <separator/>
        <item screen="r360_DictDepartment.browse"
              description="msg:///menu_config.r360_DictDepartment.browse.description"
              caption="msg://kz.eub.report360.screen.dictdepartment/dictDepartmentBrowse.menu" icon="SLIDESHARE"/>
        <separator/>
        <item screen="ntf_InAppNotification.browse"
              description="msg:///menu_config.ntf_InAppNotification.browse.description"
              caption="msg://io.jmix.notificationsui.screen.inappnotification/inAppNotificationBrowse.menu"
              icon="SEND_O"/>
        <separator/>
        <item screen="emltmp_EmailTemplate.browse" icon="AT"/>
        <separator/>
        <item screen="buscal_BusinessCalendarModel.browse" icon="CALENDAR"/>
        <separator/>
        <item screen="themeSettingsScreen" description="msg:///menu_config.themeSettingsScreen.description"
              caption="msg://io.jmix.ui.app.themesettings/themeSettings.caption" icon="font-icon:GOOGLE_WALLET"/>
        <separator/>
    </menu>
    <menu id="administration" description="msg:///menu_config.administration.description" icon="FOLDER">
        <item screen="ui_JmxConsoleScreen" icon="BUG"/>
        <separator/>
        <item screen="sec_ResourceRoleModel.browse"
              description="msg:///menu_config.sec_ResourceRoleModel.browse.description"
              caption="msg://io.jmix.securityui/menu.sec_ResourceRoleModel.browse" icon="BUG"/>
        <separator/>
        <item screen="sec_RowLevelRoleModel.browse"
              description="msg:///menu_config.sec_RowLevelRoleModel.browse.description"
              caption="msg://io.jmix.securityui/menu.sec_RowLevelRoleModel.browse" icon="BUG"/>
        <separator/>
        <item screen="entityInspector.browse" icon="BUG"/>
        <separator/>
        <item screen="quartz_JobModel.browse" description="msg:///menu_config.quartz_JobModel.browse.description"
              caption="msg://io.jmix.quartz.screen.jobs/jobModelBrowse.menu" icon="BUG"/>
        <separator/>
        <item screen="webdav_WebdavDocument.browse" icon="BUG"/>
        <separator/>
        <item screen="entityLog.browse" icon="BUG"/>
        <separator/>
        <item screen="userSessions.browse" icon="BUG"/>
        <separator/>
        <item screen="appset_appSettingsEntity.screen"
              description="msg:///menu_config.appset_appSettingsEntity.screen.description"
              caption="msg://menu_config.appset_appSettingsEntity.screen" icon="BUG"/>
        <separator/>
        <item screen="dynat_Category.browse" icon="BUG"/>
        <separator/>
        <item screen="email_SendingMessage.browse" icon="BUG"/>
        <separator/>
        <item screen="r360_AppSetting.browse" description="msg:///menu_config.r360_AppSetting.browse.description"
              caption="msg://kz.eub.report360.screen.appsetting/appSettingBrowse.menu" icon="BUG"/>
    </menu>
</menu-config>