<?xml version="1.0" encoding="UTF-8" standalone="no"?>
<window xmlns="http://jmix.io/schema/ui/window"
        xmlns:dynattr="http://jmix.io/schema/dynattr/ui"
        caption="msg://credregEdit.caption"
        focusComponent="form">
    <data>
        <instance id="credregDc"
                  class="kz.eub.report360.entity.Credreg">
            <fetchPlan extends="_base"/>
            <loader/>
        </instance>
    </data>
    <facets>
        <dataLoadCoordinator auto="true"/>
        <dynattr:dynamicAttributes/>
        <screenSettings id="settingsFacet" auto="true"/>
    </facets>
    <actions>
        <action id="windowCommitAndClose" caption="msg:///actions.Ok"
                icon="EDITOR_OK"
                primary="true"
                shortcut="${COMMIT_SHORTCUT}"/>
        <action id="windowClose"
                caption="msg:///actions.Close"
                icon="EDITOR_CANCEL"/>
    </actions>
    <dialogMode height="600"
                width="800"/>
    <layout spacing="true" expand="scrollBox">
        <scrollBox id="scrollBox" spacing="true">
            <form id="form" dataContainer="credregDc">
                <column width="350px">
                    <textField id="accruedFinesPenaltiesField" property="accruedFinesPenalties"/>
                    <textField id="accruedFinesPenaltiesCurField" property="accruedFinesPenaltiesCur"/>
                    <dateField id="actualIssueDateField" property="actualIssueDate"/>
                    <textField id="actualReceivedPaymentField" property="actualReceivedPayment"/>
                    <textArea id="checkRequiredMesField" property="checkRequiredMes" rows="5"/>
                    <textField id="contractSField" property="contractS"/>
                    <textField id="crFlClassificationField" property="crFlClassification"/>
                    <textField id="crFlClassificationNbField" property="crFlClassificationNb"/>
                    <textField id="crFlProvBalAccMsfoNbField" property="crFlProvBalAccMsfoNb"/>
                    <textField id="crFlProvBalAccMsfoSField" property="crFlProvBalAccMsfoS"/>
                    <textField id="crFlProvBalAccNbField" property="crFlProvBalAccNb"/>
                    <textField id="crFlProvBalAccSField" property="crFlProvBalAccS"/>
                    <textField id="crFlProvValField" property="crFlProvVal"/>
                    <textField id="crFlProvValMsfoField" property="crFlProvValMsfo"/>
                    <textField id="isImpairedField" property="isImpaired"/>
                    <textField id="isRestructuredField" property="isRestructured"/>
                    <dateField id="maturityDateField" property="maturityDate"/>
                    <dateField id="operationDateField" property="operationDate"/>
                    <textField id="portfFlowBalAccountNbField" property="portfFlowBalAccountNb"/>
                    <textField id="portfFlowBalAccountSField" property="portfFlowBalAccountS"/>
                    <textField id="portfFlowMsfoBalAccNbField" property="portfFlowMsfoBalAccNb"/>
                    <textField id="portfFlowMsfoBalAccSField" property="portfFlowMsfoBalAccS"/>
                    <textField id="primaryContractNoField" property="primaryContractNo"/>
                    <dateField id="prolongationDateField" property="prolongationDate"/>
                    <textField id="provisionRateField" property="provisionRate"/>
                    <textField id="refRemnsLimitAccountNoField" property="refRemnsLimitAccountNo"/>
                    <textField id="refRemnsLimitAccountNoNbField" property="refRemnsLimitAccountNoNb"/>
                    <textField id="remnsCorrectionBalAccNbField" property="remnsCorrectionBalAccNb"/>
                    <textField id="remnsCorrectionBalAccSField" property="remnsCorrectionBalAccS"/>
                    <textField id="remnsCorrectionValField" property="remnsCorrectionVal"/>
                    <textField id="remnsCorrectionValCurField" property="remnsCorrectionValCur"/>
                    <textField id="remnsDebCurrBalaccNbField" property="remnsDebCurrBalaccNb"/>
                    <textField id="remnsDebCurrBalaccSField" property="remnsDebCurrBalaccS"/>
                    <textField id="remnsDebCurrentValField" property="remnsDebCurrentVal"/>
                    <textField id="remnsDebCurrentValCurField" property="remnsDebCurrentValCur"/>
                    <textField id="remnsDebPastdBalaccNbField" property="remnsDebPastdBalaccNb"/>
                    <textField id="remnsDebPastdBalaccSField" property="remnsDebPastdBalaccS"/>
                    <dateField id="remnsDebPastdueCloseDateField" property="remnsDebPastdueCloseDate"/>
                    <dateField id="remnsDebPastdueOpenDateField" property="remnsDebPastdueOpenDate"/>
                    <textField id="remnsDebPastdueValField" property="remnsDebPastdueVal"/>
                    <textField id="remnsDebPastdueValCurField" property="remnsDebPastdueValCur"/>
                    <textField id="remnsDebWriteBalaccNbField" property="remnsDebWriteBalaccNb"/>
                    <textField id="remnsDebWriteBalaccSField" property="remnsDebWriteBalaccS"/>
                    <dateField id="remnsDebWriteOffDateField" property="remnsDebWriteOffDate"/>
                    <textField id="remnsDebWriteOffValField" property="remnsDebWriteOffVal"/>
                    <textField id="remnsDebWriteOffValCurField" property="remnsDebWriteOffValCur"/>
                    <textField id="remnsDebtForgivenValueField" property="remnsDebtForgivenValue"/>
                    <textField id="remnsDebtForgivenValueCurField" property="remnsDebtForgivenValueCur"/>
                    <textField id="remnsDebtWriteOffValField" property="remnsDebtWriteOffVal"/>
                    <textField id="remnsDebtWriteOffValCurField" property="remnsDebtWriteOffValCur"/>
                    <textField id="remnsDiscBalAccNbField" property="remnsDiscBalAccNb"/>
                    <textField id="remnsDiscBalAccNbIdAddField" property="remnsDiscBalAccNbIdAdd"/>
                    <textField id="remnsDiscBalAccSField" property="remnsDiscBalAccS"/>
                    <textField id="remnsDiscValueValField" property="remnsDiscValueVal"/>
                    <textField id="remnsDiscValueValCurField" property="remnsDiscValueValCur"/>
                    <textField id="remnsDiscountAddField" property="remnsDiscountAdd"/>
                    <textField id="remnsDiscountValField" property="remnsDiscountVal"/>
                    <textField id="remnsDiscountValCurField" property="remnsDiscountValCur"/>
                    <textField id="remnsDiscountValCurAddField" property="remnsDiscountValCurAdd"/>
                    <textField id="remnsIntCurrBalaccNbField" property="remnsIntCurrBalaccNb"/>
                    <textField id="remnsIntCurrBalaccSField" property="remnsIntCurrBalaccS"/>
                    <textField id="remnsIntCurrentValField" property="remnsIntCurrentVal"/>
                    <textField id="remnsIntCurrentValCurField" property="remnsIntCurrentValCur"/>
                    <textField id="remnsIntForgivenValueField" property="remnsIntForgivenValue"/>
                    <textField id="remnsIntForgivenValueCurField" property="remnsIntForgivenValueCur"/>
                    <textField id="remnsIntPastdBalaccNbField" property="remnsIntPastdBalaccNb"/>
                    <textField id="remnsIntPastdBalaccSField" property="remnsIntPastdBalaccS"/>
                    <dateField id="remnsIntPastdueCloseDateField" property="remnsIntPastdueCloseDate"/>
                    <dateField id="remnsIntPastdueOpenDateField" property="remnsIntPastdueOpenDate"/>
                    <textField id="remnsIntPastdueValField" property="remnsIntPastdueVal"/>
                    <textField id="remnsIntPastdueValCurField" property="remnsIntPastdueValCur"/>
                    <dateField id="remnsIntWriteOffDateField" property="remnsIntWriteOffDate"/>
                    <textField id="remnsIntWriteOffValField" property="remnsIntWriteOffVal"/>
                    <textField id="remnsIntWriteOffValCurField" property="remnsIntWriteOffValCur"/>
                    <textField id="remnsLimBalAccNbField" property="remnsLimBalAccNb"/>
                    <textField id="remnsLimBalAccSField" property="remnsLimBalAccS"/>
                    <textField id="remnsLimValField" property="remnsLimVal"/>
                    <textField id="remnsLimValCurField" property="remnsLimValCur"/>
                    <textField id="remnsPenaltyForgivenValCurField" property="remnsPenaltyForgivenValCur"/>
                    <textField id="remnsPenaltyForgivenValueField" property="remnsPenaltyForgivenValue"/>
                    <textField id="remnsPenaltyValueField" property="remnsPenaltyValue"/>
                    <textField id="remnsPenaltyValueCurField" property="remnsPenaltyValueCur"/>
                    <textField id="remnsPenaltyWriteOffField" property="remnsPenaltyWriteOff"/>
                    <textField id="remnsPenaltyWriteOffCurField" property="remnsPenaltyWriteOffCur"/>
                    <dateField id="restructuringDateField" property="restructuringDate"/>
                    <textField id="sourceSystemField" property="sourceSystem"/>
                    <textField id="turnoverDebAmountField" property="turnoverDebAmount"/>
                    <textField id="turnoverDebAmountCurField" property="turnoverDebAmountCur"/>
                    <textField id="turnoverIntAmountField" property="turnoverIntAmount"/>
                    <textField id="turnoverIntAmountCurField" property="turnoverIntAmountCur"/>
                    <dateField id="updateDateField" property="updateDate"/>
                    <textField id="updatedByField" property="updatedBy"/>
                </column>
            </form>
        </scrollBox>
        <hbox id="editActions" spacing="true">
            <button id="commitAndCloseBtn" action="windowCommitAndClose"/>
            <button id="closeBtn" action="windowClose"/>
        </hbox>
    </layout>
</window>
