<?xml version="1.0" encoding="UTF-8" standalone="no"?>
<window xmlns="http://jmix.io/schema/ui/window"
        xmlns:c="http://jmix.io/schema/ui/jpql-condition"
        xmlns:dynattr="http://jmix.io/schema/dynattr/ui"
        caption="msg://credregBrowse.caption"
        focusComponent="credregsTable">
    <data readOnly="true">
        <collection id="credregsDc"
                    class="kz.eub.report360.entity.Credreg">
            <fetchPlan extends="_base"/>
            <loader id="credregsDl">
                <query>
                    <![CDATA[select e from r360_Credreg e]]>
                </query>
            </loader>
        </collection>
    </data>
    <facets>
        <dataLoadCoordinator auto="true"/>
        <dynattr:dynamicAttributes/>
        <screenSettings id="settingsFacet" auto="true"/>
    </facets>
    <actions>
        <action id="lookupSelectAction"
                caption="msg:///actions.Select"
                icon="LOOKUP_OK"
                primary="true"
                shortcut="${COMMIT_SHORTCUT}"/>
        <action id="lookupCancelAction"
                caption="msg:///actions.Cancel"
                icon="LOOKUP_CANCEL"/>
    </actions>
    <dialogMode height="600"
                width="800"/>
    <layout expand="credregsTable" spacing="true">
        <filter id="filter"
                dataLoader="credregsDl">
            <properties include=".*"/>
        </filter>
        <table id="credregsTable"
               width="100%"
               dataContainer="credregsDc">
            <actions>

            </actions>
            <columns>
                <column id="accruedFinesPenalties"/>
                <column id="accruedFinesPenaltiesCur"/>
                <column id="actualIssueDate"/>
                <column id="actualReceivedPayment"/>
<!--                <column id="checkRequiredMes"/>-->
                <column id="contractS"/>
                <column id="crFlClassification"/>
                <column id="crFlClassificationNb"/>
                <column id="crFlProvBalAccMsfoNb"/>
                <column id="crFlProvBalAccMsfoS"/>
                <column id="crFlProvBalAccNb"/>
                <column id="crFlProvBalAccS"/>
                <column id="crFlProvVal"/>
                <column id="crFlProvValMsfo"/>
                <column id="isImpaired"/>
                <column id="isRestructured"/>
                <column id="maturityDate"/>
                <column id="operationDate"/>
                <column id="portfFlowBalAccountNb"/>
                <column id="portfFlowBalAccountS"/>
                <column id="portfFlowMsfoBalAccNb"/>
                <column id="portfFlowMsfoBalAccS"/>
                <column id="primaryContractNo"/>
                <column id="prolongationDate"/>
                <column id="provisionRate"/>
                <column id="refRemnsLimitAccountNo"/>
                <column id="refRemnsLimitAccountNoNb"/>
                <column id="remnsCorrectionBalAccNb"/>
                <column id="remnsCorrectionBalAccS"/>
                <column id="remnsCorrectionVal"/>
                <column id="remnsCorrectionValCur"/>
                <column id="remnsDebCurrBalaccNb"/>
                <column id="remnsDebCurrBalaccS"/>
                <column id="remnsDebCurrentVal"/>
                <column id="remnsDebCurrentValCur"/>
                <column id="remnsDebPastdBalaccNb"/>
                <column id="remnsDebPastdBalaccS"/>
                <column id="remnsDebPastdueCloseDate"/>
                <column id="remnsDebPastdueOpenDate"/>
                <column id="remnsDebPastdueVal"/>
                <column id="remnsDebPastdueValCur"/>
                <column id="remnsDebWriteBalaccNb"/>
                <column id="remnsDebWriteBalaccS"/>
                <column id="remnsDebWriteOffDate"/>
                <column id="remnsDebWriteOffVal"/>
                <column id="remnsDebWriteOffValCur"/>
                <column id="remnsDebtForgivenValue"/>
                <column id="remnsDebtForgivenValueCur"/>
                <column id="remnsDebtWriteOffVal"/>
                <column id="remnsDebtWriteOffValCur"/>
                <column id="remnsDiscBalAccNb"/>
                <column id="remnsDiscBalAccNbIdAdd"/>
                <column id="remnsDiscBalAccS"/>
                <column id="remnsDiscValueVal"/>
                <column id="remnsDiscValueValCur"/>
                <column id="remnsDiscountAdd"/>
                <column id="remnsDiscountVal"/>
                <column id="remnsDiscountValCur"/>
                <column id="remnsDiscountValCurAdd"/>
                <column id="remnsIntCurrBalaccNb"/>
                <column id="remnsIntCurrBalaccS"/>
                <column id="remnsIntCurrentVal"/>
                <column id="remnsIntCurrentValCur"/>
                <column id="remnsIntForgivenValue"/>
                <column id="remnsIntForgivenValueCur"/>
                <column id="remnsIntPastdBalaccNb"/>
                <column id="remnsIntPastdBalaccS"/>
                <column id="remnsIntPastdueCloseDate"/>
                <column id="remnsIntPastdueOpenDate"/>
                <column id="remnsIntPastdueVal"/>
                <column id="remnsIntPastdueValCur"/>
                <column id="remnsIntWriteOffDate"/>
                <column id="remnsIntWriteOffVal"/>
                <column id="remnsIntWriteOffValCur"/>
                <column id="remnsLimBalAccNb"/>
                <column id="remnsLimBalAccS"/>
                <column id="remnsLimVal"/>
                <column id="remnsLimValCur"/>
                <column id="remnsPenaltyForgivenValCur"/>
                <column id="remnsPenaltyForgivenValue"/>
                <column id="remnsPenaltyValue"/>
                <column id="remnsPenaltyValueCur"/>
                <column id="remnsPenaltyWriteOff"/>
                <column id="remnsPenaltyWriteOffCur"/>
                <column id="restructuringDate"/>
                <column id="sourceSystem"/>
                <column id="turnoverDebAmount"/>
                <column id="turnoverDebAmountCur"/>
                <column id="turnoverIntAmount"/>
                <column id="turnoverIntAmountCur"/>
                <column id="updateDate"/>
                <column id="updatedBy"/>
            </columns>
            <simplePagination/>
            <buttonsPanel id="buttonsPanel"
                          alwaysVisible="true">
                <fileStorageUpload id="attachmentFileField"
                                   property="attachmentFile"
                                   permittedExtensions=".xlsx"
                                   accept="*.xlsx"
                                   fileSizeLimit="2147483647"
                                   caption="Excel файл"/>
            </buttonsPanel>
        </table>
        <hbox id="lookupActions" spacing="true" visible="false">
            <button action="lookupSelectAction"/>
            <button action="lookupCancelAction"/>
        </hbox>
    </layout>
</window>
