<?xml version="1.0" encoding="UTF-8" standalone="no"?>
<window xmlns="http://jmix.io/schema/ui/window"
        caption="msg://relationTypeLsboBrowse.caption"
        focusComponent="relationTypeLsboesTable">
    <data readOnly="true">
        <collection id="relationTypeLsboesDc"
                    class="kz.eub.report360.entity.RelationTypeLsbo">
            <fetchPlan extends="_base"/>
            <loader id="relationTypeLsboesDl">
                <query>
                    <![CDATA[select e from r360_RelationTypeLsbo e]]>
                </query>
            </loader>
        </collection>
    </data>
    <facets>
        <dataLoadCoordinator auto="true"/>
        <screenSettings id="settingsFacet" auto="true"/>
    </facets>
    <actions>
        <action id="lookupSelectAction"
                caption="msg:///actions.Select"
                icon="LOOKUP_OK"
                primary="true"
                shortcut="${COMMIT_SHORTCUT}"/>
        <action id="lookupCancelAction"
                caption="msg:///actions.Cancel"
                icon="LOOKUP_CANCEL"/>
    </actions>
    <dialogMode height="600"
                width="800"/>
    <layout expand="relationTypeLsboesTable" spacing="true">
        <filter id="filter"
                dataLoader="relationTypeLsboesDl">
            <properties include=".*"/>
        </filter>
        <groupTable id="relationTypeLsboesTable"
                    width="100%"
                    dataContainer="relationTypeLsboesDc">
            <actions>
                <action id="create" type="create"/>
                <action id="edit" type="edit"/>
                <action id="remove" type="remove"/>
                <action id="excelExport" type="excelExport"/>
                <action id="jsonExport" type="jsonExport"/>
            </actions>
            <columns>
                <column id="srtCode"/>
                <column id="srtName" maxTextLength="70"/>
                <column id="srtStartDate"/>
                <column id="srtEndDate"/>
            </columns>
            <simplePagination itemsPerPageUnlimitedOptionVisible="true" itemsPerPageVisible="true"/>
            <buttonsPanel id="buttonsPanel"
                          alwaysVisible="true">
                <button id="createBtn" action="relationTypeLsboesTable.create"/>
                <button id="editBtn" action="relationTypeLsboesTable.edit"/>
                <button id="removeBtn" action="relationTypeLsboesTable.remove"/>
                <button id="excelExportBtn" action="relationTypeLsboesTable.excelExport"/>
                <button id="jsonExportBtn" action="relationTypeLsboesTable.jsonExport"/>
            </buttonsPanel>
        </groupTable>
        <hbox id="lookupActions" spacing="true" visible="false">
            <button action="lookupSelectAction"/>
            <button action="lookupCancelAction"/>
        </hbox>
    </layout>
</window>
