<?xml version="1.0" encoding="UTF-8" standalone="no"?>
<window xmlns="http://jmix.io/schema/ui/window"
        caption="msg://relationTypeLsboEdit.caption"
        focusComponent="form">
    <data>
        <instance id="relationTypeLsboDc"
                  class="kz.eub.report360.entity.RelationTypeLsbo">
            <fetchPlan extends="_base"/>
            <loader/>
        </instance>
    </data>
    <facets>
        <dataLoadCoordinator auto="true"/>
        <screenSettings id="settingsFacet" auto="true"/>
    </facets>
    <actions>
        <action id="windowCommitAndClose" caption="msg:///actions.Ok"
                icon="EDITOR_OK"
                primary="true"
                shortcut="${COMMIT_SHORTCUT}"/>
        <action id="windowClose"
                caption="msg:///actions.Close"
                icon="EDITOR_CANCEL"/>
    </actions>
    <dialogMode height="AUTO"
                forceDialog="true"
                width="AUTO"/>
    <layout spacing="true" expand="editActions">
        <form id="form" dataContainer="relationTypeLsboDc">
            <column width="350px">
                <textField id="srtCodeField" property="srtCode"/>
                <textArea id="srtNameField" property="srtName" rows="5"/>
                <dateField id="srtStartDateField" property="srtStartDate"/>
                <dateField id="srtEndDateField" property="srtEndDate"/>
            </column>
        </form>
        <hbox id="editActions" spacing="true">
            <button id="commitAndCloseBtn" action="windowCommitAndClose"/>
            <button id="closeBtn" action="windowClose"/>
        </hbox>
    </layout>
</window>
