<?xml version="1.0" encoding="UTF-8" standalone="no"?>
<window xmlns="http://jmix.io/schema/ui/window"
        caption="msg://kpiGoalCommentEdit.caption"
        focusComponent="form">
    <data>
        <instance id="kpiGoalCommentDc"
                  class="kz.eub.kpi.entity.kpi.KpiGoalComment">
            <fetchPlan extends="_base">
                <property name="author" fetchPlan="_base"/>
            </fetchPlan>
            <loader/>
        </instance>
    </data>
    <facets>
        <dataLoadCoordinator auto="true"/>
        <screenSettings id="settingsFacet" auto="true"/>
    </facets>
    <actions>
        <action id="windowCommitAndClose" caption="msg:///actions.Ok"
                icon="EDITOR_OK"
                primary="true"
                shortcut="${COMMIT_SHORTCUT}"/>
        <action id="windowClose"
                caption="msg:///actions.Close"
                icon="EDITOR_CANCEL"/>
    </actions>
    <dialogMode height="AUTO"
                width="AUTO"
                modal="true"
                forceDialog="true"/>
    <layout spacing="true" expand="formBox">
        <vbox id="formBox" spacing="true">
            <form id="form" dataContainer="kpiGoalCommentDc">
                <column width="350px">
                    <textField id="authorField" property="author"/>
                    <textField id="subjectField" property="subject"/>
                    <textArea id="commentField" property="comment" rows="5"/>
                </column>
            </form>
        </vbox>
        <hbox id="editActions" spacing="true">
            <button id="commitAndCloseBtn" action="windowCommitAndClose"/>
            <button id="closeBtn" action="windowClose"/>
        </hbox>
    </layout>
</window>
