<?xml version="1.0" encoding="UTF-8" standalone="no"?>
<window xmlns="http://jmix.io/schema/ui/window"
        xmlns:c="http://jmix.io/schema/ui/jpql-condition"
        caption="msg://duelBrowse.caption"
        focusComponent="duelsTable">
    <data readOnly="true">
        <collection id="duelsDc"
                    class="kz.eub.kpi.entity.Duel">
            <fetchPlan extends="_base"/>
            <loader id="duelsDl">
                <query>
                    <![CDATA[select e from kpi_Duel e]]>
                </query>
            </loader>
        </collection>
    </data>
    <facets>
        <dataLoadCoordinator auto="true"/>
        <screenSettings id="settingsFacet" auto="true"/>
    </facets>
    <actions>
        <action id="lookupSelectAction"
                caption="msg:///actions.Select"
                icon="LOOKUP_OK"
                primary="true"
                shortcut="${COMMIT_SHORTCUT}"/>
        <action id="lookupCancelAction"
                caption="msg:///actions.Cancel"
                icon="LOOKUP_CANCEL"/>
    </actions>
    <dialogMode height="600"
                width="800"/>
    <layout expand="duelsTable">
        <button id="createDuelBtn" caption=" + Новая дуэль" css="font-size:150%; background-color:white "/>
        <groupTable id="duelsTable"
                    width="100%"
                    dataContainer="duelsDc">
            <columns>
                <column id="title" caption="Название"/>
                <column id="status" caption="Статус"/>
                <column id="played" caption="Сыграло"/>
                <column id="questionCount" caption="Вопросов"/>
            </columns>
            <buttonsPanel id="buttonsPanel"
                          alwaysVisible="true">
            </buttonsPanel>
        </groupTable>
        <hbox id="lookupActions" visible="false">
            <button action="lookupSelectAction"/>
            <button action="lookupCancelAction"/>
        </hbox>
    </layout>
</window>
