<?xml version="1.0" encoding="UTF-8" standalone="no"?>
<fragment xmlns="http://jmix.io/schema/ui/fragment">
    <data>
        <collection id="runHistoryDc">
            <loader id="runHistoryDl">
            </loader>
        </collection>
    </data>
    <layout expand="runHistoryTable">
        <filter dataLoader="runHistoryDl" width="100%">
            <properties include=".*"/>
        </filter>
        <buttonsPanel id="buttonsPanel">
            <button id="approveCalculationButton" caption="утвердить расчет" enable="false"/>
        </buttonsPanel>
        <groupTable id="runHistoryTable" dataContainer="runHistoryDc" showSelection="true" multiselect="false">
        </groupTable>
    </layout>
</fragment>
