<?xml version="1.0" encoding="UTF-8" standalone="no"?>
<window xmlns="http://jmix.io/schema/ui/window"
        caption="msg://bonusReportEdit.caption"
        focusComponent="form">
    <data>
        <instance id="bonusReportDc"
                  class="kz.eub.kpi.entity.BonusReport">
            <fetchPlan extends="_base"/>
            <loader/>
        </instance>
    </data>
    <facets>
        <dataLoadCoordinator auto="true"/>
        <screenSettings id="settingsFacet" auto="true"/>
    </facets>
    <actions>
        <action id="windowCommitAndClose" caption="msg:///actions.Ok"
                icon="EDITOR_OK"
                primary="true"
                shortcut="${COMMIT_SHORTCUT}"/>
        <action id="windowClose"
                caption="msg:///actions.Close"
                icon="EDITOR_CANCEL"/>
    </actions>
    <dialogMode height="600"
                width="800"/>
    <layout spacing="true" expand="editActions">
        <form id="form" dataContainer="bonusReportDc">
            <column width="350px">
                <textField id="bonus_linkField" property="bonusLink"
                           caption="msg://kz.eub.kpi.entity.kpi/BonusReport.bonusLink"/>
                <textField id="employeeField" property="employee"
                           caption="msg://kz.eub.kpi.entity.kpi/BonusReport.employee"/>
                <textField id="bonus_sumField" property="bonusSum"
                           caption="msg://kz.eub.kpi.entity.kpi/BonusReport.bonusSum"/>
                <textField id="descriptionField" property="description"
                           caption="msg://kz.eub.kpi.entity.kpi/BonusReport.description"/>
            </column>
        </form>
        <hbox id="editActions" spacing="true">
            <button id="commitAndCloseBtn" action="windowCommitAndClose"/>
            <button id="closeBtn" action="windowClose"/>
        </hbox>
    </layout>
</window>
