<?xml version="1.0" encoding="UTF-8" standalone="no"?>
<window xmlns="http://jmix.io/schema/ui/window"
        xmlns:c="http://jmix.io/schema/ui/jpql-condition"
        caption="msg://userRoleBrowse.caption"
        focusComponent="usersTable">
    <data readOnly="true">
        <collection id="usersDc"
                    class="kz.eub.moncl.entity.User">
            <fetchPlan extends="_base"/>
            <loader id="usersDl">
                <query>
                    <![CDATA[select e from mcl_User e where e.username <> 'admin']]>
                </query>
            </loader>
        </collection>
    </data>
    <facets>
        <dataLoadCoordinator auto="true"/>
        <screenSettings id="settingsFacet" auto="true"/>
    </facets>
    <actions>
        <action id="lookupSelectAction"
                caption="msg:///actions.Select"
                icon="LOOKUP_OK"
                primary="true"
                shortcut="${COMMIT_SHORTCUT}"/>
        <action id="lookupCancelAction"
                caption="msg:///actions.Cancel"
                icon="LOOKUP_CANCEL"/>
    </actions>
    <dialogMode height="600"
                width="800"/>
    <layout expand="usersTable" spacing="true">
        <filter id="filter"
                dataLoader="usersDl">
            <properties include=".*"/>
        </filter>
        <groupTable id="usersTable"
                    width="100%"
                    dataContainer="usersDc">
            <actions>
            </actions>
            <columns>
                <column id="username"/>
                <column id="firstName"/>
                <column id="lastName"/>
                <column id="middleName"/>
                <column id="email"/>
                <column id="active"/>
            </columns>
            <simplePagination/>
            <buttonsPanel id="buttonsPanel"
                          alwaysVisible="true">
                <hbox spacing="true">
                <vbox spacing="true">
                    <button id="makeManagerBtn" caption="Добавить роль Менеджера" primary="true"/>
                    <button id="undoManagerBtn" caption="Отменить роль Менеджера"/>
                </vbox>
                <vbox spacing="true">
                    <button id="makeUserBtn" caption="Добавить роль Дежурного" primary="true"/>
                    <button id="undoUserBtn" caption="Отменить роль Дежурного"/>
                </vbox>
                </hbox>
            </buttonsPanel>
        </groupTable>
        <hbox id="lookupActions" spacing="true" visible="false">
            <button action="lookupSelectAction"/>
            <button action="lookupCancelAction"/>
        </hbox>
    </layout>
</window>
