<?xml version="1.0" encoding="UTF-8" standalone="no"?>
<window xmlns="http://jmix.io/schema/ui/window"
        caption="msg://dictDepartmentEdit.caption"
        focusComponent="form">
    <data>
        <instance id="dictDepartmentDc"
                  class="kz.eub.kpi.entity.DictDepartment">
            <fetchPlan extends="_base">
                <property name="parent" fetchPlan="_base"/>
            </fetchPlan>
            <loader/>
        </instance>
    </data>
    <facets>
        <dataLoadCoordinator auto="true"/>
        <screenSettings id="settingsFacet" auto="true"/>
    </facets>
    <actions>
        <action id="windowCommitAndClose" caption="msg:///actions.Ok"
                icon="EDITOR_OK"
                primary="true"
                shortcut="${COMMIT_SHORTCUT}"/>
        <action id="windowClose"
                caption="msg:///actions.Close"
                icon="EDITOR_CANCEL"/>
    </actions>
    <dialogMode height="AUTO"
                forceDialog="true"
                width="AUTO"/>
    <layout spacing="true" expand="editActions">
        <form id="form" dataContainer="dictDepartmentDc">
            <column width="350px">
                <textField id="nameField" property="name"/>
                <entityPicker id="parentField" property="parent">
                    <actions>
                        <action id="entityLookup" type="entity_lookup"/>
                        <action id="entityClear" type="entity_clear"/>
                    </actions>
                </entityPicker>
                <textField id="branchField" property="branch"/>
                <textArea id="pathField" property="path"/>
                <dateField id="startDateField" property="startDate"/>
                <dateField id="endDateField" property="endDate"/>
                <textField id="codeField" property="code"/>
                <textField id="levelField" property="level"/>
                <textField id="sapIdField" property="sapId" editable="false"/>
                <entityPicker id="parentFunctionalField" property="parentFunctional"/>
            </column>
        </form>
        <hbox id="editActions" spacing="true">
            <button id="commitAndCloseBtn" action="windowCommitAndClose"/>
            <button id="closeBtn" action="windowClose"/>
        </hbox>
    </layout>
</window>
