<?xml version="1.0" encoding="UTF-8" standalone="no"?>
<window xmlns="http://jmix.io/schema/ui/window"
        xmlns:c="http://jmix.io/schema/ui/jpql-condition"
        caption="msg://dictDepartmentBrowse.caption"
        focusComponent="dictDepartmentsTree">
    <data readOnly="true">
        <collection id="dictDepartmentsDc"
                    class="kz.eub.kpi.entity.DictDepartment">
            <fetchPlan extends="_base">
                <property name="parent" fetchPlan="_base"/>
            </fetchPlan>
            <loader id="dictDepartmentsDl">
                <query>
                    <![CDATA[select e from kpi_DictDepartment e where e.endDate > current_date ]]>
                </query>
            </loader>
        </collection>
    </data>
    <facets>
        <dataLoadCoordinator auto="true"/>
        <screenSettings id="settingsFacet" auto="true"/>
    </facets>
    <actions>
        <action id="lookupSelectAction"
                caption="msg:///actions.Select"
                icon="LOOKUP_OK"
                primary="true"
                shortcut="${COMMIT_SHORTCUT}"/>
        <action id="lookupCancelAction"
                caption="msg:///actions.Cancel"
                icon="LOOKUP_CANCEL"/>
    </actions>
    <dialogMode height="800"
                width="800" forceDialog="true"/>
    <layout expand="dictDepartmentsTree" spacing="true">
        <groupBox spacing="true" align="MIDDLE_LEFT" orientation="horizontal">
            <hbox align="MIDDLE_LEFT" spacing="true">
                <textField id="nameFld" datatype="string"/>
                <button id="searchBtn" icon="font-icon:SEARCH" stylename="icon-only"/>
            </hbox>
            <hbox align="MIDDLE_RIGHT" spacing="true">
                <button id="expendBtn" icon="EXPAND" caption="msg://expand"/>
                <button id="collapseBtn" icon="COMPRESS" caption="msg://collapse"/>
            </hbox>
        </groupBox>
        <label stylename="colored" value="msg://multipleSelectionTip" width="100%"/>
        <tree id="dictDepartmentsTree"
              captionProperty="name"
              dataContainer="dictDepartmentsDc"
              selectionMode="MULTI"
              showOrphans="true"
              hierarchyProperty="parent"
              width="100%">
        </tree>
        <hbox id="lookupActions" spacing="true" visible="false">
            <button action="lookupSelectAction"/>
            <button action="lookupCancelAction"/>
        </hbox>
    </layout>
</window>
