<?xml version="1.0" encoding="UTF-8" standalone="no"?>
<window xmlns="http://jmix.io/schema/ui/window"
        caption="Создание конкурса">
    <data>
        <collection id="accountDc"
                    class="kz.eub.kpi.entity.Accounts"/>
        <collection id="userDc"
                    class="kz.eub.kpi.entity.Accounts"/>
        <collection id="posDc"
                    class="kz.eub.kpi.entity.DictPosition"/>
        <collection id="brDc"
                    class="kz.eub.kpi.entity.DictDepartment"/>

        <collection id="competitionDc"
                    class="kz.eub.kpi.entity.Competition">
            <loader id="competitionDl">
                <query>
                    <![CDATA[select e from kpi_Competition e]]>
                </query>
            </loader>
        </collection>
    </data>
    <layout>
        <scrollBox
                height="100%"
                width="100%">
            <groupBox height="100%" width="70%" align="TOP_CENTER">
                <vbox width="100%" align="MIDDLE_CENTER">
                    <hbox height="50" width="100%" align="MIDDLE_CENTER">
                        <label align="MIDDLE_CENTER" value="Перед публикацией необходимо заполнить все поля"
                               icon="font-icon:EXCLAMATION_CIRCLE"
                               css="icon-color: blue; font-size: 150%"/>
                    </hbox>
                    <hbox height="50"/>
                    <hbox width="100%" height="20">
                        <label align="MIDDLE_CENTER" value="Общая информация"
                               css="font-size: 150%"/>
                        <label align="MIDDLE_LEFT" value="Настройка конкурса"
                               css="font-size: 150%"/>
                    </hbox>
                    <hbox height="20"/>
                    <hbox width="100%" height="700" align="MIDDLE_CENTER">
                        <vbox width="100%">
                            <fileUpload width="200" align="MIDDLE_CENTER"/>
                            <image height="200" width="200" align="MIDDLE_CENTER"/>
                            <hbox height="20"/>
                            <vbox align="MIDDLE_CENTER" width="100%">
                                <textField id="competitionTitleId" caption="Название конкурса" align="MIDDLE_CENTER"/>
                            </vbox>
                            <hbox height="20"/>
                            <vbox align="MIDDLE_CENTER">
                                <textArea id="descriptionId" align="MIDDLE_CENTER" caption="Описание конкурса"/>
                            </vbox>
                            <hbox height="20"/>
                            <vbox align="MIDDLE_CENTER">
                                <textArea id="conditionId" align="MIDDLE_CENTER" caption="Условия конкурса"/>
                            </vbox>
                            <hbox height="20"/>
                            <vbox align="MIDDLE_CENTER">
                                <textField id="sloganId" align="MIDDLE_CENTER" caption="Слоган конкурса"/>
                            </vbox>
                        </vbox>
                        <vbox>
                            <label align="MIDDLE_LEFT" value="Период проведения"
                                   css="font-size: 100%" stylename="bold"/>
                            <hbox width="50%" spacing="false" align="TOP_LEFT">
                                <dateField id="dateStart"  datatype="date" dateFormat="dd-MM-yyyy" autofill="true"
                                           height="50" align="TOP_LEFT" caption=""/>
                                <dateField
                                        id="dateEnd" dateFormat="dd-MM-yyyy" datatype="date" autofill="true"
                                        caption="" align="TOP_LEFT" height="50"/>
                            </hbox>
                            <hbox height="20"/>
                            <vbox>
                                <label align="TOP_LEFT" value="Тип конкурса"
                                       css="font-size: 100%" stylename="bold"/>
                                <hbox width="50%" spacing="false" align="TOP_LEFT">
                                    <button id="individualBtn" height="50" width="100%" align="TOP_LEFT" caption="Индивидуальный"/>
                                    <button id="teamBtn" caption="Командный" width="100%" align="TOP_LEFT" height="50"/>
                                </hbox>
                            </vbox>
                            <hbox height="20"/>
                            <vbox>
                                <label align="TOP_LEFT" value="Участники конкурса"
                                       css="font-size: 100%" stylename="bold"/>
                                <hbox width="50%" spacing="false" align="TOP_LEFT">
                                    <entityComboBox
                                            id="posComboBox" optionsContainer="posDc"
                                            caption="Выбрать должность участников"/>
                                </hbox>
                                <hbox height="20"/>
                                <hbox width="50%" spacing="false" align="TOP_LEFT">
                                    <entityComboBox
                                            id="depComboBox" optionsContainer="brDc"
                                            caption="Филиалы"/>
                                </hbox>
<!--                                users -->
                                <checkBox id="userBox" caption="Добавить сотрудника"/>
                                <hbox id="userFieldWidget" visible="false" width="100%" spacing="true">
                                    <vbox width="100%">
                                        <textField id="fioField" caption="Выбрать сотрудника"/>
                                    </vbox>
                                </hbox>
                                <hbox id="userListWidget" visible="false" width="100%" align="TOP_CENTER" spacing="true">
                                    <hbox height="100%" width="100%">
                                        <groupTable id="ratingUserTable"
                                                    width="100%" height="300"
                                                    dataContainer="accountDc">
                                            <columns>
                                                <column id="profileId.firstname" caption="Имя"/>
                                                <column id="profileId.lastname" caption="Фамилия"/>
                                            </columns>
                                        </groupTable>
                                    </hbox>
                                    <hbox height="100%" width="100%">
                                        <groupTable id="accountUserTable"
                                                    width="100%" height="300"
                                                    dataContainer="userDc">
                                            <columns>
                                                <column id="profileId.firstname" caption="Имя"/>
                                                <column id="profileId.lastname" caption="Фамилия"/>
                                            </columns>
                                        </groupTable>
                                    </hbox>
                                </hbox>

                            </vbox>
                            <hbox height="20"/>
                        </vbox>
                    </hbox>
                </vbox>

            </groupBox>

            <groupBox height="100%" width="70%" align="TOP_CENTER">
                <vbox width="100%" align="MIDDLE_CENTER">
                    <hbox width="100%" height="50" css="background-color: #314082">
                        <label align="MIDDLE_LEFT" value="Критерии выполнения задачи конкурса:"
                               css="color:white; font-size: 150%"/>
                        <label align="MIDDLE_CENTER" value="Считать в:"
                               css="color:white; font-size: 150%"/>
                    </hbox>
                    <hbox height="20"/>
                        <vbox width="100%">
                            <hbox width="100%" spacing="true">
                                <hbox width="100%" spacing="true">
                                    <label value="1. Необходимое количество активированных карт, шт" width="100%"/>
                                    <textField width="50%" align="MIDDLE_RIGHT" id="categoryActivCardCountId" datatype="int" />
                                </hbox>
                                <hbox spacing="true" width="80%" align="MIDDLE_CENTER">
                                    <button caption="Кол-во" id="categoryActivCardCountBtn" icon="CHECK"/>
                                    <button caption="Сумма" id="categoryActivCardSumBtn" icon="WINDOW_CLOSE"/>
                                    <checkBox id="categoryActivCardStatusId"/>
                                </hbox>
                            </hbox>
                            <hbox height="30"/>
                            <hbox width="100%" spacing="true">
                                <hbox width="100%">
                                    <label value="2. Количество выдач кредитов (PRL, UCL, UCL REF, Loyalty;)" width="100%"/>
                                    <textField  datatype="int"  width="50%" id="categoryCreditCountId" align="MIDDLE_RIGHT"/>
                                </hbox>
                                <hbox spacing="true" width="80%" align="MIDDLE_CENTER">
                                    <button caption="Кол-во" id="categoryCreditCountBtn" icon="CHECK"/>
                                    <button caption="Сумма" id="categoryCreditSumBtn" icon="WINDOW_CLOSE"/>
                                    <checkBox id="categoryCreditStatusId"/>
                                </hbox>
                            </hbox>
                            <hbox height="30"/>
                            <hbox width="100%" spacing="true">
                                <hbox width="100%">
                                    <label value="3. Выданные займы POS" width="100%"/>
                                    <textField datatype="int" width="50%" id="categoryPosCountId" align="MIDDLE_RIGHT"/>
                                </hbox>
                                <hbox spacing="true" width="80%" align="MIDDLE_CENTER">
                                    <button caption="Кол-во" id="categoryPosCountBtn" icon="CHECK"/>
                                    <button caption="Сумма" id="categoryPosSumBtn" icon="WINDOW_CLOSE"/>
                                    <checkBox id="categoryPosStatusId"/>
                                </hbox>
                            </hbox>
                            <hbox height="30"/>
                            <hbox width="100%" spacing="true">
                                <hbox width="100%">
                                    <label value="4. Количество выданных автокредитов" width="100%"/>
                                    <textField datatype="int" width="50%" id="categoryAvtoCreditCountId" align="MIDDLE_RIGHT"/>
                                </hbox>
                                <hbox spacing="true" width="80%" align="MIDDLE_CENTER">
                                    <button caption="Кол-во" id="categoryAvtoCreditCountBtn" icon="CHECK"/>
                                    <button caption="Сумма" id="categoryAvtoCreditSumBtn" icon="WINDOW_CLOSE"/>
                                    <checkBox id="categoryAvtoCreditStatusId"/>
                                </hbox>
                            </hbox>
                            <hbox height="30"/>
                            <hbox width="100%" spacing="true">
                                <hbox width="100%">
                                    <label value="5. Количество активированных Smartbank, шт" width="100%"/>
                                    <textField datatype="int" width="50%" align="MIDDLE_RIGHT" id="categoryActivSmartbankCountId"/>
                                </hbox>
                                <hbox spacing="true" width="80%" align="MIDDLE_CENTER">
                                    <hbox/>
                                    <hbox/>
                                    <checkBox id="categoryActivSmartbankStatusId"/>
                                </hbox>
                            </hbox>
                            <hbox height="30"/>
                            <hbox width="100%" spacing="true">
                                <hbox width="100%">
                                    <label value="6. Подключение клиентов в Смартбанк, шт" width="100%"/>
                                    <textField datatype="int" width="50%" align="MIDDLE_RIGHT" id="categoryClientSmartbankCountId"/>
                                </hbox>
                                <hbox spacing="true" width="80%" align="MIDDLE_CENTER">
                                    <hbox/>
                                    <hbox/>
                                    <checkBox id="categoryClientSmartbankStatusId"/>
                                </hbox>
                            </hbox>
                            <hbox height="30"/>
                            <hbox width="100%" spacing="true">
                                <hbox width="100%">
                                    <label value="7. Новые депозиты" width="100%"/>
                                    <textField datatype="int" width="50%" align="MIDDLE_RIGHT" id="categoryDepositCountId"/>
                                </hbox>
                                <hbox spacing="true" width="80%" align="MIDDLE_CENTER">
                                    <button caption="Кол-во" id="categoryDepositCountBtn" icon="CHECK"/>
                                    <button caption="Сумма" id="categoryDepositSumBtn" icon="WINDOW_CLOSE"/>
                                    <checkBox id="categoryDepositStatusId"/>
                                </hbox>
                            </hbox>
                        </vbox>
                </vbox>
            </groupBox>

            <groupBox height="100%" width="70%" align="TOP_CENTER">
                <vbox width="100%" align="MIDDLE_CENTER">
                    <hbox width="100%" height="50" css="background-color: #314082">
                        <label align="MIDDLE_LEFT" value="Наименование параметра"
                               css="color:white; font-size: 150%"/>
                        <label align="MIDDLE_CENTER" value="Скрыть"
                               css="color:white; font-size: 150%"/>
                    </hbox>
                    <hbox height="20"/>
                    <vbox width="100%">
                        <hbox width="100%">
                            <label align="MIDDLE_LEFT" value="Место рейтинга"
                                   css=" font-size: 150%"/>
                            <checkBox id="paramRatingId" align="MIDDLE_CENTER" />
                        </hbox>
                        <hbox height="30"/>
                        <hbox width="100%">
                            <label align="MIDDLE_LEFT" value="Количество выдач кредитов (PRL, UCL, UCL REF, Loyalty;)"
                                   css=" font-size: 150%"/>
                            <checkBox id="paramCreditId" align="MIDDLE_CENTER"/>
                        </hbox>
                    </vbox>
                </vbox>
            </groupBox>
            <groupBox height="100%" width="70%" align="TOP_CENTER">
                <button id="saveBtn" caption="Сохранить" height="30" css="font-size: 150%" align="BOTTOM_CENTER"/>
            </groupBox>

        </scrollBox>
    </layout>
</window>