<?xml version="1.0" encoding="UTF-8" standalone="no"?>
<window xmlns="http://jmix.io/schema/ui/window"
        caption="msg://ratesBankScreen.caption" xmlns:chart="http://jmix.io/schema/ui/charts">
    <data>
        <collection id="currenciesDc" class="kz.eub.report360.entity.RateDto" />
        <collection id="bankRatesDc" class="kz.eub.report360.entity.RateDto" />
        <collection id="bloombergRatesDc" class="kz.eub.report360.entity.RateDto" />
    </data>
    <facets>
        <dataLoadCoordinator auto="true"/>
    </facets>
    <layout expand="vbox">
        <vbox id="vbox" spacing="true" expand="rateGrBox">
            <groupBox orientation="horizontal" spacing="true">
                <entityComboBox id="currencyFld" optionsContainer="currenciesDc"
                                caption="msg://currencyFld.caption" icon="font-icon:MONEY" captionProperty="code"/>
            </groupBox>
            <groupBox id="rateGrBox" orientation="horizontal" spacing="true" expand="ratesChart">
                <chart:stockChart id="ratesChart"
                                  height="100%"
                                  mainDataSet="bankRatesDc"
                                  theme="LIGHT"
                                  width="100%">
                    <chart:dataSets>
                        <chart:dataSet id="dataSet1"
                                       categoryField="date"
                                       dataContainer="bankRatesDc"
                                       title="Курсы валют Банка">
                            <chart:fieldMappings>
                                <chart:fieldMapping fromField="rateNbrk"
                                                    toField="rateNbrk"/>
                                <chart:fieldMapping fromField="rateBuy"
                                                    toField="rateBuy"/>
                                <chart:fieldMapping fromField="rateSale"
                                                    toField="rateSale"/>
                            </chart:fieldMappings>
                        </chart:dataSet>
                        <chart:dataSet id="dataSet2" color="MAGENTA"
                                       categoryField="date"
                                       dataContainer="bloombergRatesDc"
                                       title="Курсы валют Bloomberg">
                            <chart:fieldMappings>
                                <chart:fieldMapping fromField="bid"
                                                    toField="bid"/>
                                <chart:fieldMapping fromField="ask"
                                                    toField="ask"/>
                                <chart:fieldMapping fromField="last"
                                                    toField="last"/>
                            </chart:fieldMappings>
                        </chart:dataSet>
                    </chart:dataSets>
                    <chart:panels>
                        <chart:panel percentHeight="70"
                                     showCategoryAxis="false"
                                     title="Курсы валют Банка">
                            <chart:stockGraphs>
                                <chart:stockGraph id="nbrkGraph"
                                                  balloonText="Курс НБ РК:&lt;strong&gt;[[value]]&lt;/strong&gt;"
                                                  comparable="true"
                                                  title="Курс НБ РК"
                                                  color="AQUA"
                                                  bullet="ROUND"
                                                  useDataSetColors="false"
                                                  compareField="rateNbrk"
                                                  compareGraphBalloonText="Курс НБ РК:&lt;strong&gt;[[value]]&lt;/strong&gt;"
                                                  valueField="rateNbrk"/>
                                <chart:stockGraph id="buyGraph"
                                                  balloonText="Курс покупки:&lt;strong&gt;[[value]]&lt;/strong&gt;"
                                                  comparable="true"
                                                  bullet="SQUARE"
                                                  title="Курс покупки"
                                                  bulletColor="LIGHTSEAGREEN"
                                                  color="LIGHTSEAGREEN"
                                                  balloonColor="LIGHTSEAGREEN"
                                                  lineColor="LIGHTSEAGREEN"
                                                  legendColor="LIGHTSEAGREEN"
                                                  useDataSetColors="false"
                                                  compareField="rateNbrk"
                                                  compareGraphBalloonText="Курс покупки:&lt;strong&gt;[[value]]&lt;/strong&gt;"
                                                  valueField="rateBuy"/>
                                <chart:stockGraph id="saleGraph"
                                                  balloonText="Курс продажи:&lt;strong&gt;[[value]]&lt;/strong&gt;"
                                                  comparable="true"
                                                  title="Курс продажи"
                                                  color="GOLD"
                                                  lineColor="GOLD"
                                                  legendColor="GOLD"
                                                  useDataSetColors="false"
                                                  bullet="DIAMOND"
                                                  compareField="rateNbrk"
                                                  compareGraphBalloonText="Курс продажи:&lt;strong&gt;[[value]]&lt;/strong&gt;"
                                                  valueField="rateSale"/>

                                <chart:stockGraph id="bidGraph"
                                                  balloonText="Bloomberg BID:&lt;strong&gt;[[value]]&lt;/strong&gt;"
                                                  comparable="true"
                                                  title="Bloomberg BID"
                                                  color="MAGENTA"
                                                  lineColor="MAGENTA"
                                                  legendColor="MAGENTA"
                                                  balloonColor="MAGENTA"
                                                  bulletColor="MAGENTA"
                                                  bullet="BUBBLE"
                                                  useDataSetColors="false"
                                                  useLineColorForBulletBorder="true"
                                                  compareField="bid"
                                                  compareGraphBalloonText="Bloomberg BID:&lt;strong&gt;[[value]]&lt;/strong&gt;"
                                                  valueField="bid"/>
                                <chart:stockGraph id="askGraph"
                                                  balloonText="Bloomberg ASK:&lt;strong&gt;[[value]]&lt;/strong&gt;"
                                                  comparable="true"
                                                  title="Bloomberg BID"
                                                  useLineColorForBulletBorder="true"
                                                  color="RED"
                                                  lineColor="RED"
                                                  legendColor="RED"
                                                  balloonColor="RED"
                                                  bulletColor="RED"
                                                  bullet="BUBBLE"
                                                  useDataSetColors="false"
                                                  compareField="ask"
                                                  compareGraphBalloonText="Bloomberg ASK:&lt;strong&gt;[[value]]&lt;/strong&gt;"
                                                  valueField="ask"/>
                                <chart:stockGraph id="lastGraph"
                                                  balloonText="Bloomberg LAST:&lt;strong&gt;[[value]]&lt;/strong&gt;"
                                                  comparable="true"
                                                  title="Bloomberg LAST"
                                                  color="BLUEVIOLET"
                                                  lineColor="BLUEVIOLET"
                                                  legendColor="BLUEVIOLET"
                                                  balloonColor="BLUEVIOLET"
                                                  bulletColor="BLUEVIOLET"
                                                  bullet="BUBBLE"
                                                  useDataSetColors="false"
                                                  useLineColorForBulletBorder="true"
                                                  compareField="last"
                                                  compareGraphBalloonText="Bloomberg LAST:&lt;strong&gt;[[value]]&lt;/strong&gt;"
                                                  valueField="last"/>
                            </chart:stockGraphs>
                            <chart:stockLegend periodValueTextComparing="[[percents.value.close]]%"
                                               periodValueTextRegular="[[value.close]]"/>
                        </chart:panel>
                        <chart:panel id="panel"
                                     percentHeight="30"
                                     title="Volume">
                            <chart:stockGraphs>
                                <chart:stockGraph fillAlphas="1"
                                                  showBalloon="false"
                                                  type="COLUMN"
                                                  valueField="rateNbrk"/>
                                <chart:stockGraph fillAlphas="1"
                                                  showBalloon="false"
                                                  type="COLUMN"
                                                  valueField="bid"/>
                            </chart:stockGraphs>
                            <chart:stockLegend periodValueTextRegular="[[value.close]]"/>
                        </chart:panel>
                    </chart:panels>
                    <chart:chartScrollbarSettings graph="stockGraph"/>
                    <chart:chartCursorSettings cursorAlpha="0.1"
                                               fullWidth="true"
                                               valueBalloonsEnabled="true"
                                               valueLineAlpha="0.5"
                                               valueLineBalloonEnabled="true"
                                               valueLineEnabled="true"/>
                    <chart:periodSelector position="LEFT">
                        <chart:periods>
                            <chart:period count="1"
                                          label="1 month"
                                          period="MONTHS"
                                          selected="true"/>
                            <chart:period count="1"
                                          label="1 year"
                                          period="YEARS"/>
                            <chart:period label="YTD"
                                          period="YTD"/>
                            <chart:period label="MAX"
                                          period="MAX"/>
                        </chart:periods>
                    </chart:periodSelector>
                    <chart:dataSetSelector position="LEFT"/>
                    <chart:export/>
                </chart:stockChart>
            </groupBox>
        </vbox>
    </layout>
</window>