<?xml version="1.0" encoding="UTF-8" standalone="no"?>
<window xmlns="http://jmix.io/schema/ui/window"
        caption="msg://reportXmlRunBrowse.caption"
        focusComponent="reportXmlsTable">
    <data readOnly="true">
        <collection id="reportXmlsDc"
                    class="kz.eub.report360.entity.ReportXml">
            <fetchPlan extends="_base"/>
            <loader id="reportXmlsDl">
                <query>
                    <![CDATA[select e from r360_ReportXml e]]>
                </query>
            </loader>
        </collection>
    </data>

    <facets>
        <dataLoadCoordinator auto="true"/>
        <screenSettings id="settingsFacet" auto="true"/>
    </facets>

    <actions>
        <action id="lookupSelectAction"
                caption="msg:///actions.Select"
                icon="LOOKUP_OK"
                primary="true"
                shortcut="${COMMIT_SHORTCUT}"/>
        <action id="lookupCancelAction"
                caption="msg:///actions.Cancel"
                icon="LOOKUP_CANCEL"/>
    </actions>

    <dialogMode height="600"
                width="800"/>

    <layout expand="reportXmlsTable" spacing="true">
        <filter id="filter"
                dataLoader="reportXmlsDl">
            <properties include=".*"/>
        </filter>
        <table id="reportXmlsTable"
               width="100%"
               dataContainer="reportXmlsDc">
            <actions>
                <action id="edit" type="edit"/>
            </actions>
            <columns>
                <column id="name"/>
                <column id="code"/>
                <column id="dataStore" visible="false"/>
                <column id="xmlField" visible="false"/>
                <column id="xsdField" visible="false"/>
            </columns>
            <simplePagination itemsPerPageUnlimitedOptionVisible="true" itemsPerPageVisible="true"/>
            <buttonsPanel id="buttonsPanel"
                          alwaysVisible="true">
                <button id="editBtn" action="reportXmlsTable.edit" caption="msg://editBtn.caption"
                        icon="ANGLE_DOUBLE_RIGHT" primary="true"/>
            </buttonsPanel>
        </table>
        <hbox id="lookupActions" spacing="true" visible="false">
            <button action="lookupSelectAction"/>
            <button action="lookupCancelAction"/>
        </hbox>
    </layout>
</window>
