<?xml version="1.0" encoding="UTF-8" standalone="no"?>
<window xmlns="http://jmix.io/schema/ui/window"
        caption="msg://reportXmlBrowse.caption"
        focusComponent="reportXmlTable">
    <data readOnly="true">
        <collection id="reportXmlDc"
                    class="kz.eub.report360.entity.ReportXml">
            <fetchPlan extends="_base"/>
            <loader id="reportXmlDl">
                <query>
                    <![CDATA[select e from r360_ReportXml e]]>
                </query>
            </loader>
        </collection>
    </data>

    <facets>
        <dataLoadCoordinator auto="true"/>
        <screenSettings id="settingsFacet" auto="true"/>
    </facets>

    <actions>
        <action id="lookupSelectAction"
                caption="msg:///actions.Select"
                icon="LOOKUP_OK"
                primary="true"
                shortcut="${COMMIT_SHORTCUT}"/>
        <action id="lookupCancelAction"
                caption="msg:///actions.Cancel"
                icon="LOOKUP_CANCEL"/>
    </actions>

    <dialogMode height="600"
                width="800"/>

    <layout expand="reportXmlTable" spacing="true">
        <filter id="filter"
                dataLoader="reportXmlDl">
            <properties include=".*"/>
        </filter>

        <table id="reportXmlTable"
               width="100%"
               dataContainer="reportXmlDc">
            <actions>
                <action id="create" type="create"/>
                <action id="edit" type="edit"/>
                <action id="remove" type="remove"/>
            </actions>
            <columns>
                <column id="code"/>
                <column id="name"/>
                <column id="dataStore"/>
            </columns>
            <simplePagination itemsPerPageUnlimitedOptionVisible="true" itemsPerPageVisible="true"/>
            <buttonsPanel id="buttonsPanel"
                          alwaysVisible="true">
                <button id="createBtn" action="reportXmlTable.create"/>
                <button id="editBtn" action="reportXmlTable.edit"/>
                <button id="removeBtn" action="reportXmlTable.remove"/>
            </buttonsPanel>
        </table>

        <hbox id="lookupActions" spacing="true" visible="false">
            <button action="lookupSelectAction"/>
            <button action="lookupCancelAction"/>
        </hbox>
    </layout>
</window>
