<?xml version="1.0" encoding="UTF-8" standalone="no"?>
<window xmlns="http://jmix.io/schema/ui/window"
        caption="msg://reportXmlEdit.caption"
        focusComponent="form_1">
    <data>
        <instance id="reportXmlDc"
                  class="kz.eub.report360.entity.ReportXml">
            <fetchPlan extends="_base"/>
            <loader id="reportXmlDl"/>
        </instance>

        <collection id="reportXmlHistDc"
                    class="kz.eub.report360.entity.ReportXmlHist">
            <fetchPlan extends="_base">
                <property name="reportXml" fetchPlan="_base"/>
            </fetchPlan>
            <loader id="reportXmlHistDl">
                <query>
                    <![CDATA[select e from r360_ReportXmlHist e where e.reportXml = :reportXml order by e.dateOnRep desc]]>
                </query>
            </loader>
        </collection>

        <collection id="reportXmlParamDc"
                    class="kz.eub.report360.entity.ReportXmlParam">
            <fetchPlan extends="_base">
                <property name="reportXml" fetchPlan="_base"/>
            </fetchPlan>
            <loader id="reportXmlParamDl">
                <query>
                    <![CDATA[select e from r360_ReportXmlParam e where e.reportXml = :reportXml]]>
                </query>
            </loader>
        </collection>
    </data>

    <facets>
        <dataLoadCoordinator auto="true"/>
        <screenSettings id="settingsFacet" auto="true"/>
    </facets>

    <actions>
        <action id="windowCommitAndClose" caption="msg:///actions.Ok"
                icon="EDITOR_OK"
                primary="true"
                shortcut="${COMMIT_SHORTCUT}"/>
        <action id="windowClose"
                caption="msg:///actions.Close"
                icon="EDITOR_CANCEL"/>
    </actions>

    <dialogMode height="600"
                width="800"/>

    <layout spacing="true" expand="editActions">
        <groupBox orientation="vertical" width="100%">
            <tabSheet id="tabSheetXml">
                <tab caption="msg://tab_1.caption" id="tab_1" spacing="true" margin="true,false,false,false">
                    <form id="form_1" dataContainer="reportXmlDc" width="100%">
                        <column width="400px">
                            <textField id="codeField" property="code" icon="font-icon:CODE"/>
                            <textField id="nameField" property="name" icon="TEXT_WIDTH"/>
                            <comboBox id="dataStoreField" property="dataStore" icon="font-icon:DATABASE"/>
                            <comboBox id="repXmlTypeField" property="repXmlType" icon="font-icon:FILE_CODE_O"/>
                            <groupBox id="groupBox" caption="msg://groupBox.caption"
                                      icon="CHAIN_BROKEN" width="400px">
                                <dateField id="reportDateField" caption="msg://dtRep.caption" icon="VALUEPICKER_DATEINTERVAL"/>
                            </groupBox>
                            <checkBox id="checkBoxZip" property="checkZip"/>
                            <checkBox id="checkBoxXsd" property="checkXsd"/>
                            <checkBox id="checkBoxSelect" caption="msg://checkBoxSelect.caption"/>
                            <checkBox id="checkBoxManifest" property="checkManifest"/>
                            <button id="checkXML" caption="msg://checkXML.caption" icon="FILE_ZIP_O" align="TOP_CENTER"/>
                        </column>
                    </form>
                </tab>

                <tab caption="msg://tab_2.caption" id="tab_2" spacing="true" margin="true,false,false,false">
                    <form id="form_2" dataContainer="reportXmlDc" width="100%">
                        <column width="350px">
                            <sourceCodeEditor id="xmlFieldField" property="xmlField" mode="SQL"
                                              width="800px" height="500px" icon="font-icon:CODE"/>
                        </column>
                    </form>
                </tab>

                <tab caption="msg://tab_3.caption" id="tab_3" spacing="true" margin="true,false,false,false">
                    <form id="form_3" dataContainer="reportXmlDc" width="100%">
                        <column width="350px">
                            <sourceCodeEditor id="xsdFieldField" property="xsdField" mode="Text"
                                              width="800px" height="500px" icon="font-icon:CODE"/>
                        </column>
                    </form>
                </tab>

                <tab caption="msg://tab_4.caption" id="tab_4" spacing="true" margin="true,false,false,false">
                    <form id="form_4" dataContainer="reportXmlDc" width="100%">
                        <column width="350px">
                            <sourceCodeEditor id="functionFieldField" property="functionField" mode="SQL"
                                              width="800px" height="500px" icon="font-icon:CODE"/>
                        </column>
                    </form>
                </tab>

                <tab caption="msg://tab_5.caption" id="tab_5" spacing="true" margin="true,false,false,false" >
                    <form id="form_5" dataContainer="reportXmlHistDc" width="100%">
                        <filter id="filterHist" columnsCount="3" autoApply="true" dataLoader="reportXmlHistDl">
                            <properties include=".*"/>
                        </filter>
                        <table id="reportXmlHistTable"
                               align="TOP_LEFT" width="100%"
                               dataContainer="reportXmlHistDc">
                            <actions>
                                <action id="create" type="create"/>
                                <action id="edit" type="edit"/>
                                <action id="remove" type="remove"/>
                            </actions>
                            <columns>
                                <column id="reportXml" visible="false"/>
                                <column id="dateOnRep"/>
                                <column id="countRun"/>
                            </columns>
                            <simplePagination itemsPerPageUnlimitedOptionVisible="true" itemsPerPageVisible="true"/>
                            <buttonsPanel id="buttonsPanelHist"
                                          alwaysVisible="true">
                                <button id="createBtnHist" action="reportXmlHistTable.create"/>
                                <button id="editBtnHist" action="reportXmlHistTable.edit"/>
                                <button id="removeBtnHist" action="reportXmlHistTable.remove"/>
                            </buttonsPanel>
                        </table>
                    </form>
                </tab>

                <tab caption="msg://tab_6.caption" id="tab_6" spacing="true" margin="true,false,false,false">
                    <form id="form_6" dataContainer="reportXmlParamDc" width="100%">
                        <filter id="filterPar" columnsCount="3" autoApply="true" dataLoader="reportXmlParamDl">
                            <properties include=".*"/>
                        </filter>
                        <table id="reportXmlParamTable"
                               align="TOP_LEFT" width="100%"
                               dataContainer="reportXmlParamDc">
                            <actions>
                                <action id="create" type="create"/>
                                <action id="edit" type="edit"/>
                                <action id="remove" type="remove"/>
                            </actions>
                            <columns>
                                <column id="reportXml" visible="false"/>
                                <column id="code"/>
                                <column id="name"/>
                                <column id="paramType"/>
                                <column id="value"/>
                                <column id="valueDate"/>
                                <column id="condition"/>
                                <column id="replaceableCh"/>
                                <column id="showParam"/>
                                <column id="mandatoryParam"/>
                            </columns>
                            <simplePagination itemsPerPageUnlimitedOptionVisible="true" itemsPerPageVisible="true"/>
                            <buttonsPanel id="buttonsPanelPar"
                                          alwaysVisible="true">
                                <button id="createBtnPar" action="reportXmlParamTable.create"/>
                                <button id="editBtnPar" action="reportXmlParamTable.edit"/>
                                <button id="removeBtnPar" action="reportXmlParamTable.remove"/>
                            </buttonsPanel>
                        </table>
                    </form>
                </tab>
            </tabSheet>
        </groupBox>

        <hbox id="editActions" spacing="true">
            <button id="commitAndCloseBtn" action="windowCommitAndClose"/>
            <button id="closeBtn" action="windowClose"/>
        </hbox>
    </layout>
</window>
