<?xml version="1.0" encoding="UTF-8" standalone="no"?>
<window xmlns="http://jmix.io/schema/ui/window"
        caption="msg://reportXmlRunEdit.caption"
        focusComponent="form">
    <data>
        <instance id="reportXmlDc"
                  class="kz.eub.report360.entity.ReportXml">
            <fetchPlan extends="_base"/>
            <loader/>
        </instance>
    </data>
    <facets>
        <dataLoadCoordinator auto="true"/>
        <screenSettings id="settingsFacet" auto="true"/>
    </facets>
    <actions>
        <action id="windowCommitAndClose" caption="msg:///actions.Ok"
                icon="EDITOR_OK"
                primary="true"
                shortcut="${COMMIT_SHORTCUT}"/>
        <action id="windowClose"
                caption="msg:///actions.Close"
                icon="EDITOR_CANCEL"/>
    </actions>
    <dialogMode height="AUTO"
                width="AUTO"/>
    <layout spacing="true" expand="scrollBox">
        <scrollBox id="scrollBox" spacing="true">
            <form id="form" dataContainer="reportXmlDc">
                <column width="350px">
                    <textField id="nameField" property="name" enable="false"/>
                    <textField id="codeField" property="code" enable="false"/>
                    <comboBox id="dataStoreField" property="dataStore" enable="false"/>
                    <comboBox id="repXmlTypeField" property="repXmlType" enable="false"/>
                    <groupBox id="groupBox" caption="msg://groupBox.caption">
                        <dateField id="dtRep" caption="msg://dtRep.caption" dateFormat="dd/MM/yyyy"/>
                    </groupBox>
                    <checkBox id="checkBoxZip" property="checkZip" enable="false"/>
                    <checkBox id="checkBoxXsd" property="checkXsd" enable="false"/>
                    <checkBox id="checkBoxManifest" property="checkManifest" enable="false"/>
                    <sourceCodeEditor id="xmlFieldField" property="xmlField" mode="SQL" visible="false" enable="false"/>
                    <sourceCodeEditor id="xsdFieldField" property="xsdField" mode="Text" visible="false" enable="false"/>
                </column>
            </form>
        </scrollBox>
        <button id="getReportBtn" caption="msg://checkXML.caption" icon="FILE_ZIP_O" width="500px" stylename="friendly"/>
        <hbox id="editActions" spacing="true">
            <button id="closeBtn" action="windowClose" width="500px"/>
        </hbox>
    </layout>
</window>
