<?xml version="1.0" encoding="UTF-8" standalone="no"?>
<window xmlns="http://jmix.io/schema/ui/window"
        xmlns:c="http://jmix.io/schema/ui/jpql-condition"
        caption="msg://dictPositionBrowse.caption"
        focusComponent="dictPositionsTable">
    <data readOnly="true">
        <collection id="dictPositionsDc"
                    class="kz.eub.kpi.entity.DictPosition">
            <fetchPlan extends="_base">
                <property name="department" fetchPlan="_base"/>
            </fetchPlan>
            <loader id="dictPositionsDl">
                <query>
                    <![CDATA[select e from kpi_DictPosition e
                        where e.endDate > CURRENT_DATE
                    ]]>
                </query>
            </loader>
        </collection>
    </data>
    <facets>
        <dataLoadCoordinator auto="false"/>
        <screenSettings id="settingsFacet" auto="true"/>
    </facets>
    <actions>
        <action id="lookupSelectAction"
                caption="msg:///actions.Select"
                icon="LOOKUP_OK"
                primary="true"
                shortcut="${COMMIT_SHORTCUT}"/>
        <action id="lookupCancelAction"
                caption="msg:///actions.Cancel"
                icon="LOOKUP_CANCEL"/>
    </actions>
    <dialogMode height="600"
                width="800"/>
    <layout expand="dictPositionsTable" spacing="true">
        <filter id="filter"
                dataLoader="dictPositionsDl">
            <properties include=".*"/>
            <configurations>
                <configuration id="departmentConf" default="true" name="msg://departmentFilter">
                    <propertyFilter property="department" operation="EQUAL" required="true"
                                    operationEditable="false" operationCaptionVisible="false"/>
                </configuration>
            </configurations>
        </filter>
        <groupTable id="dictPositionsTable"
                    width="100%"
                    dataContainer="dictPositionsDc">
            <actions>
                <action id="create" type="create"/>
                <action id="edit" type="edit"/>
                <action id="remove" type="remove"/>
            </actions>
            <columns>
                <column id="name"/>
                <column id="department"/>
                <column id="sapId"/>
                <column id="startDate"/>
                <column id="endDate"/>
                <column id="level"/>
            </columns>
            <simplePagination/>
            <buttonsPanel id="buttonsPanel"
                          alwaysVisible="true">
                <button id="createBtn" action="dictPositionsTable.create"/>
                <button id="editBtn" action="dictPositionsTable.edit"/>
                <button id="removeBtn" action="dictPositionsTable.remove"/>
            </buttonsPanel>
        </groupTable>
        <hbox id="lookupActions" spacing="true" visible="false">
            <button action="lookupSelectAction"/>
            <button action="lookupCancelAction"/>
        </hbox>
    </layout>
</window>
