<?xml version="1.0" encoding="UTF-8" standalone="no"?>
<window xmlns="http://jmix.io/schema/ui/window"
        xmlns:c="http://jmix.io/schema/ui/jpql-condition"
        caption="msg://kz.eub.kpi.screen.bonusauthority/bonusAuthorityBrowse.caption"
        focusComponent="ratingUserTable">
    <data readOnly="true">

        <collection id="posDc"
                  class="kz.eub.kpi.entity.DictPosition"/>

        <collection id="kpiRatingDc"
                    class="kz.eub.kpi.entity.Accounts">

        </collection>
        <collection id="depDc" class="kz.eub.kpi.entity.DictDepartment">
            <fetchPlan extends="_base"/>
            <loader id="dictDepartmentsDl">
                <query>
                    <![CDATA[select e from kpi_DictDepartment e where e.rubillix = true ]]>
                </query>
            </loader>
        </collection>
    </data>
    <facets>
        <dataLoadCoordinator auto="true"/>
        <screenSettings id="settingsFacet" auto="true"/>
    </facets>

    <actions>
        <action id="lookupSelectAction"
                caption="msg:///actions.Select"
                icon="LOOKUP_OK"
                primary="true"
                shortcut="${COMMIT_SHORTCUT}"/>
        <action id="lookupCancelAction"
                caption="msg:///actions.Cancel"
                icon="LOOKUP_CANCEL"/>
    </actions>
    <layout expand="ratingUserTable" spacing="true">
        <hbox height="50" width="30%">
            <textField id="searchField" width="100%" caption="Поиск по фамилии">
            </textField>
        </hbox>
        <hbox spacing="true">
            <entityComboBox
                    id="depComboBox" optionsContainer="depDc"
                      caption="Все подразделения"/>

            <comboBox id="podComboBox"
                      caption="Все должности"/>
        </hbox>

        <groupTable id="ratingUserTable"
                    width="100%"
                    dataContainer="kpiRatingDc">
            <actions>
                <action id="view" type="view"/>
            </actions>

            <columns>
                <column id="profileId.firstname" caption="Имя"/>
                <column id="profileId.lastname" caption="Фамилия"/>
                <column id="identityProperty" caption="PayrollNumber"/>
            </columns>
            <simplePagination/>
            <buttonsPanel id="buttonsPanel"
                          alwaysVisible="true">
<!--                                <button id="kpiGoalsTableViewBtn" action="bonusAuthoritiesTable.view"/>-->
<!--                                <button id="bonusAuthoritiesTableViewBtn" action="bonusAuthoritiesTable.view"/>-->
            </buttonsPanel>
        </groupTable>
        <hbox id="lookupActions" spacing="true" visible="false">
            <button action="lookupSelectAction"/>
            <button action="lookupCancelAction"/>
        </hbox>
    </layout>
</window>

