<?xml version="1.0" encoding="UTF-8" standalone="no"?>
<window xmlns="http://jmix.io/schema/ui/window"
        caption="msg://pozReferenceMapBrowse.caption"
        focusComponent="pozReferenceMapsTable">
    <data readOnly="true">
        <collection id="pozReferenceMapsDc"
                    class="kz.eub.report360.entity.PozReferenceMap">
            <fetchPlan extends="_base">
                <property name="sdspId" fetchPlan="_base"/>
                <property name="srcId" fetchPlan="_base"/>
            </fetchPlan>
            <loader id="pozReferenceMapsDl">
                <query>
                    <![CDATA[select e from r360_PozReferenceMap e]]>
                </query>
            </loader>
        </collection>
    </data>
    <facets>
        <dataLoadCoordinator auto="true"/>
        <screenSettings id="settingsFacet" auto="true"/>
    </facets>
    <actions>
        <action id="lookupSelectAction"
                caption="msg:///actions.Select"
                icon="LOOKUP_OK"
                primary="true"
                shortcut="${COMMIT_SHORTCUT}"/>
        <action id="lookupCancelAction"
                caption="msg:///actions.Cancel"
                icon="LOOKUP_CANCEL"/>
    </actions>
    <dialogMode height="700px"
                width="1200px"/>
    <layout expand="pozReferenceMapsTable" spacing="true">
        <filter id="filter"
                dataLoader="pozReferenceMapsDl">
            <properties include=".*"/>
        </filter>
        <groupTable id="pozReferenceMapsTable"
                    width="100%"
                    dataContainer="pozReferenceMapsDc">
            <actions>
                <action id="edit" type="edit"/>
                <action id="excelExport" type="excelExport"/>
            </actions>
            <columns>
                <column id="changeDate"/>
                <column id="srcId"/>
                <column id="sdspId"/>
                <column id="prodName"/>
                <column id="prodCode"/>
                <column id="credType"/>
            </columns>
            <simplePagination itemsPerPageUnlimitedOptionVisible="true" itemsPerPageVisible="true"/>
            <buttonsPanel id="buttonsPanel"
                          alwaysVisible="true">
                <button id="editBtn" action="pozReferenceMapsTable.edit"/>
                <button id="excelExportBtn" action="pozReferenceMapsTable.excelExport"/>
            </buttonsPanel>
        </groupTable>
        <hbox id="lookupActions" spacing="true" visible="false">
            <button action="lookupSelectAction"/>
            <button action="lookupCancelAction"/>
        </hbox>
    </layout>
</window>
