<?xml version="1.0" encoding="UTF-8" standalone="no"?>
<window xmlns="http://jmix.io/schema/ui/window"
        caption="msg://pozReferenceMapEdit.caption"
        focusComponent="form">
    <data>
        <instance id="pozReferenceMapDc"
                  class="kz.eub.report360.entity.PozReferenceMap">
            <fetchPlan extends="_base">
                <property name="sdspId" fetchPlan="_base"/>
                <property name="srcId" fetchPlan="_base"/>
            </fetchPlan>
            <loader/>
        </instance>
    </data>
    <facets>
        <dataLoadCoordinator auto="true"/>
        <screenSettings id="settingsFacet" auto="true"/>
    </facets>
    <actions>
        <action id="windowCommitAndClose" caption="msg:///actions.Ok"
                icon="EDITOR_OK"
                primary="true"
                shortcut="${COMMIT_SHORTCUT}"/>
        <action id="windowClose"
                caption="msg:///actions.Close"
                icon="EDITOR_CANCEL"/>
    </actions>
    <dialogMode height="AUTO"
                forceDialog="true"
                width="AUTO"/>
    <layout spacing="true" expand="editActions">
        <form id="form" dataContainer="pozReferenceMapDc">
            <column width="350px">
                <dateField id="changeDateField" property="changeDate"/>
                <entityPicker id="srcIdField" property="srcId"/>
                <entityPicker id="sdspIdField" property="sdspId"/>
                <textField id="prodNameField" property="prodName"/>
                <textField id="prodCodeField" property="prodCode"/>
                <textField id="credTypeField" property="credType"/>
                <textField id="prodIdField" property="prodId"/>
            </column>
        </form>
        <hbox id="editActions" spacing="true">
            <button id="commitAndCloseBtn" action="windowCommitAndClose"/>
            <button id="closeBtn" action="windowClose"/>
        </hbox>
    </layout>
</window>
