<?xml version="1.0" encoding="UTF-8" standalone="no"?>
<window xmlns="http://jmix.io/schema/ui/window"
        xmlns:c="http://jmix.io/schema/ui/jpql-condition"
        caption="msg://pdPnzHistoryBrowse.caption"
        focusComponent="pdPnzHistoryTable">
    <data readOnly="true">
        <collection id="pdPnzHistoryDc"
                    class="kz.eub.rm.entity.dwh.PdPnzHistory">
            <fetchPlan extends="_base"/>
            <loader id="pdPnzHistoryDl">
                <query>
                    <![CDATA[select e from rm_PdPnzHistory e]]>
                </query>
            </loader>
        </collection>
    </data>
    <facets>
        <dataLoadCoordinator auto="true"/>
        <screenSettings id="settingsFacet" auto="true"/>
    </facets>
    <actions>
        <action id="lookupSelectAction"
                caption="msg:///actions.Select"
                icon="LOOKUP_OK"
                primary="true"
                shortcut="${COMMIT_SHORTCUT}"/>
        <action id="lookupCancelAction"
                caption="msg:///actions.Cancel"
                icon="LOOKUP_CANCEL"/>
    </actions>
    <dialogMode height="600"
                width="800"/>
    <layout expand="pdPnzHistoryTable" spacing="true">
        <filter id="filter"
                dataLoader="pdPnzHistoryDl">
            <properties include=".*"/>
        </filter>
        <groupTable id="pdPnzHistoryTable"
                    width="100%"
                    dataContainer="pdPnzHistoryDc"
                    showSelection="true">
            <columns>
                <column id="runId"/>
                <column id="user"/>
                <column id="dateFrom"/>
                <column id="dateTo"/>
                <column id="approved"/>
                <column id="approver"/>
                <column id="dateApproved"/>
            </columns>
            <simplePagination/>
            <buttonsPanel id="buttonsPanel"
                          alwaysVisible="true">
                <button id="approveButton" caption="msg://pdPnzHistoryBrowse.approveButton" enable="false"/>
            </buttonsPanel>
        </groupTable>
        <hbox id="lookupActions" spacing="true" visible="false">
            <button action="lookupSelectAction"/>
            <button action="lookupCancelAction"/>
        </hbox>
    </layout>
</window>
