<window xmlns="http://jmix.io/schema/ui/window"
        caption="msg://application.caption">

    <layout>
        <cssLayout id="horizontalWrap"
                   stylename="jmix-drawer-layout">
            <drawer id="drawer" expandOnHover="true">
                <cssLayout id="appTitleBox"
                           stylename="jmix-drawer-header"
                           width="100%">
                    <image id="logoImage"
                           stylename="app-icon"
                           scaleMode="SCALE_DOWN">
                        <resource>
                            <theme path="branding/eubLogo_s.png"/>
                        </resource>
                    </image>
                    <label id="appTitleLabel"
                           stylename="app-title"
                           value="msg://application.logoLabel" htmlEnabled="true"/>
                </cssLayout>
                <sideMenu id="sideMenu"
                          width="100%"
                          stylename="jmix-drawer-content"/>
                <timeZoneIndicator id="timeZoneIndicator"
                                   align="MIDDLE_CENTER"/>
                <cssLayout id="controlBox"
                           stylename="jmix-drawer-footer"
                           width="100%">
                    <button id="collapseDrawerButton"
                            icon="CHEVRON_LEFT"
                            stylename="jmix-drawer-collapse-button"
                            description="msg://sideMenuCollapse"/>
                    <userIndicator id="userIndicator"
                                   align="MIDDLE_CENTER"/>
                    <button id="profileBtn" icon="font-icon:USER_CIRCLE_O"
                            stylename="borderless icon-only"
                            css="color: white;" description="msg://profileBtn.description"/>
                    <logoutButton id="logoutButton"
                                  icon="SIGN_OUT"
                                  description="msg://logoutBtnDescription"/>
                </cssLayout>
            </drawer>
            <hbox id="workAreaHbox" width="100%" height="100%"
                  spacing="true" responsive="true">
                <split dockable="true" responsive="true"
                       dockMode="RIGHT" id="splitter"
                       orientation="horizontal"
                       height="100%" width="99.8%" locked="true" pos="75%">
                    <vbox height="100%" responsive="true" width="100%" expand="workArea">
                        <workArea id="workArea" width="100%"
                                  stylename="jmix-workarea">
                            <initialLayout spacing="true" margin="true">
                                <vbox align="MIDDLE_CENTER" height="100%" stylename="eub-bg">
                                    <label value="msg://welcome" stylename="h1" align="BOTTOM_CENTER" box.expandRatio="0.4"/>
                                    <label value="" stylename="h1" align="BOTTOM_CENTER" box.expandRatio="0.1"/>
                                    <hbox spacing="true"  align="MIDDLE_CENTER" box.expandRatio="0.5" height="100%">
                                        <buttonsPanel spacing="true"
                                                      stylename="btnHover"
                                                      margin="true">
                                            <vbox id="profileBox" spacing="true"
                                                  align="TOP_CENTER" margin="true"
                                                  height="340px" width="250px">
                                                <image id="profileImg" scaleMode="COVER"
                                                       css="margin-top: 10px;border-radius: 20px;"
                                                       height="200px" width="200px"
                                                       align="TOP_CENTER">
                                                    <resource>
                                                        <relativePath path="VAADIN/img/superman1.jpg"/>
                                                    </resource>
                                                </image>
                                                <label value="msg://kz.eub.kpi.screen.start/profileImg.caption"
                                                       htmlEnabled="true"
                                                       css="margin-top: 45px;text-align: center;"
                                                       align="MIDDLE_CENTER"/>
                                            </vbox>
                                        </buttonsPanel>
                                        <buttonsPanel spacing="true"
                                                      stylename="btnHover"
                                                      margin="true">
                                            <vbox id="kpiBox" spacing="true"
                                                  align="TOP_CENTER" margin="true"
                                                  height="340px" width="250px">
                                                <image id="kpiImg" scaleMode="COVER"
                                                       css="margin-top: 10px;border-radius: 20px;"
                                                       height="200px" width="200px"
                                                       align="TOP_CENTER">
                                                    <resource>
                                                        <relativePath path="VAADIN/img/kpi01.png"/>
                                                    </resource>
                                                </image>
                                                <label value="msg://kz.eub.kpi.screen.start/kpiImg.caption"
                                                       htmlEnabled="true"
                                                       css="margin-top: 45px;text-align: center;"
                                                       align="MIDDLE_CENTER"/>
                                            </vbox>
                                        </buttonsPanel>
                                        <buttonsPanel spacing="true" visible="false"
                                                      stylename="btnHover"
                                                      margin="true">
                                            <vbox id="reportsBox" spacing="true"
                                                  align="TOP_CENTER" margin="true"
                                                  height="340px" width="250px">
                                                <image id="reportImg" scaleMode="COVER"
                                                       css="margin-top: 10px;border-radius: 20px;"
                                                       height="200px" width="200px"
                                                       align="TOP_CENTER">
                                                    <resource>
                                                        <relativePath path="VAADIN/img/report.png"/>
                                                    </resource>
                                                </image>
                                                <label value="msg://kz.eub.kpi.screen.start/reportImg.caption"
                                                       htmlEnabled="true"
                                                       css="margin-top: 45px;text-align: center;"
                                                       align="MIDDLE_CENTER"/>
                                            </vbox>
                                        </buttonsPanel>
                                        <buttonsPanel spacing="true" visible="false"
                                                      stylename="btnHover"
                                                      margin="true">
                                            <vbox id="hrBox" spacing="true"
                                                  align="TOP_CENTER" margin="true"
                                                  height="340px" width="250px">
                                                <image id="hrImg" scaleMode="COVER"
                                                       css="margin-top: 10px;border-radius: 20px;"
                                                       height="200px" width="200px"
                                                       align="TOP_CENTER">
                                                    <resource>
                                                        <relativePath path="VAADIN/img/hr.jpg"/>
                                                    </resource>
                                                </image>
                                                <label value="msg://kz.eub.kpi.screen.start/hrImg.caption"
                                                       htmlEnabled="true"
                                                       css="margin-top: 45px;text-align: center;"
                                                       align="MIDDLE_CENTER"/>
                                            </vbox>
                                        </buttonsPanel>
                                        <buttonsPanel spacing="true" visible="false"
                                                      stylename="btnHover"
                                                      margin="true">
                                            <vbox id="overtimeBox" spacing="true"
                                                  align="TOP_CENTER" margin="true"
                                                  height="340px" width="250px">
                                                <image id="overtimeImg" scaleMode="COVER"
                                                       css="margin-top: 10px;border-radius: 20px;"
                                                       height="200px" width="200px"
                                                       align="TOP_CENTER">
                                                    <resource>
                                                        <relativePath path="VAADIN/img/overtime.jpg"/>
                                                    </resource>
                                                </image>
                                                <label value="msg://kz.eub.kpi.screen.start/overtimeImg.caption"
                                                       htmlEnabled="true"
                                                       css="margin-top: 45px;text-align: center;"
                                                       align="MIDDLE_CENTER"/>
                                            </vbox>
                                        </buttonsPanel>
                                    </hbox>
                                </vbox>
                            </initialLayout>
                        </workArea>
                    </vbox>
                    <cssLayout id="rightPanelBox" responsive="true"
                               width="100%" height="100%">
                        <groupBox height="100%" id="announceGrBox"
                                  icon="font-icon:BELL" responsive="true" expand="announcesContainer">
                            <scrollBox id="announcesContainer" align="TOP_CENTER"
                                       spacing="true" responsive="true">

                            </scrollBox>
                        </groupBox>
                    </cssLayout>
                </split>
            </hbox>
        </cssLayout>
    </layout>
</window>