<?xml version="1.0" encoding="UTF-8" standalone="no"?>
<window xmlns="http://jmix.io/schema/ui/window"
        xmlns:c="http://jmix.io/schema/ui/jpql-condition"
        xmlns:dynattr="http://jmix.io/schema/dynattr/ui"
        caption="msg://appSettingBrowse.caption"
        focusComponent="appSettingsTable">
    <data readOnly="true">
        <collection id="appSettingsDc"
                    class="kz.eub.report360.entity.AppSetting">
            <fetchPlan extends="_base"/>
            <loader id="appSettingsDl">
                <query>
                    <![CDATA[select e from r360_AppSetting e]]>
                </query>
            </loader>
        </collection>
    </data>
    <facets>
        <dataLoadCoordinator auto="true"/>
        <dynattr:dynamicAttributes/>
        <screenSettings id="settingsFacet" auto="true"/>
    </facets>
    <actions>
        <action id="lookupSelectAction"
                caption="msg:///actions.Select"
                icon="LOOKUP_OK"
                primary="true"
                shortcut="${COMMIT_SHORTCUT}"/>
        <action id="lookupCancelAction"
                caption="msg:///actions.Cancel"
                icon="LOOKUP_CANCEL"/>
    </actions>
    <dialogMode height="600"
                width="800"/>
    <layout expand="appSettingsTable" spacing="true">
        <filter id="filter"
                dataLoader="appSettingsDl">
            <properties include=".*"/>
        </filter>
        <groupTable id="appSettingsTable"
                    width="100%"
                    dataContainer="appSettingsDc">
            <actions>
                <action id="create" type="create"/>
                <action id="edit" type="edit"/>
                <action id="remove" type="remove"/>
            </actions>
            <columns>
                <column id="code"/>
                <column id="value"/>
                <column id="commentary"/>
            </columns>
            <simplePagination/>
            <buttonsPanel id="buttonsPanel"
                          alwaysVisible="true">
                <button id="createBtn" action="appSettingsTable.create"/>
                <button id="editBtn" action="appSettingsTable.edit"/>
                <button id="removeBtn" action="appSettingsTable.remove"/>
            </buttonsPanel>
        </groupTable>
        <hbox id="lookupActions" spacing="true" visible="false">
            <button action="lookupSelectAction"/>
            <button action="lookupCancelAction"/>
        </hbox>
    </layout>
</window>
