<?xml version="1.0" encoding="UTF-8" standalone="no"?>
<window xmlns="http://jmix.io/schema/ui/window"
        caption="msg://competitionScreen.caption">
    <data>
        <collection id="competitionDc"
                    class="kz.eub.kpi.entity.Competition">
            <loader id="competitionDl">
                <query>
                    <![CDATA[select e from kpi_Competition e]]>
                </query>
            </loader>
        </collection>

        <collection id="emplDc"
                    class="kz.eub.kpi.entity.Accounts">
            <loader id="emplDl">
                <query>
                    <![CDATA[select e from kpi_Accounts e]]>
                </query>
            </loader>
        </collection>
    </data>
    <layout>

        <form dataContainer="competitionDc" width="100%" height="100%">
            <groupTable id="ratingUserTable"
                        width="100%"
                        dataContainer="competitionDc">
                <columns>
                    <column id="title" caption="Название"/>
                    <column id="description" caption="Описание"/>
                    <column id="dateStart" caption="Дата начала"/>
                    <column id="dateEnd" caption="Дата оканчание"/>
                </columns>
            </groupTable>
            <vbox>
                <hbox spacing="false" width="100%">
                    <textField width="80%"/>
                    <button id="createBtn" width="20%" caption="+ Создать конкурс" css="font-size: 100%; background-color: #dd1668; color: white;
                            border: none; border-radius: 15px;"/>
                </hbox>
                <hbox height="20"/>
                <hbox spacing="true" width="100%" height="80" css="background-color: #314082">
                    <label value="Конкурс" width="100%" align="MIDDLE_CENTER" css="color:white; font-size: 150%"/>
                    <label value="Период проведения" width="100%" align="MIDDLE_LEFT"
                           css="color:white; font-size: 150%"/>
                </hbox>
                <hbox height="20"/>
                <groupBox>
                    <hbox spacing="true" id="listId" width="100%">
                        <hbox width="60%">
                            <label icon="STAR" height="100"/>
                            <vbox>
                                <label value="Тестовый конкурс" css="font-size: 150%;"/>
                                <label property="title" css="font-size: 100%;"/>
                            </vbox>
                        </hbox>
                        <label value="15.10.2022-19.10-2023" width="20%"/>
                        <hbox width="20%" spacing="true">
                            <label icon="" height="100"/>
                            <label icon="TRASH" height="100"/>
                            <checkBox id="statusId" align="MIDDLE_CENTER"/>
                        </hbox>
                        <button/>
                    </hbox>
                </groupBox>
            </vbox>
        </form>
    </layout>
</window>