<?xml version="1.0" encoding="UTF-8"?>
<project version="4">
  <component name="JmixDataStoreSettingsManager">
    <moduleSettings>
      <entry key="Report-360.main">
        <ModuleSettings>
          <option name="dataStoreOptions">
            <map>
              <entry key="dwhtest">
                <value>
                  <DataStoreSettings>
                    <option name="nameLengthMode" value="POSTGRES" />
                    <option name="supportedTypes">
                      <option value="postgres" />
                    </option>
                  </DataStoreSettings>
                </value>
              </entry>
            </map>
          </option>
          <option name="dataStoreOptionsV2">
            <map>
              <entry key="cdb">
                <value>
                  <DataStoreSettingsV2>
                    <option name="nameLengthMode" value="ORACLE" />
                    <option name="supportedTypes">
                      <option value="oracle" />
                    </option>
                  </DataStoreSettingsV2>
                </value>
              </entry>
              <entry key="credilogic">
                <value>
                  <DataStoreSettingsV2>
                    <option name="nameLengthMode" value="ORACLE" />
                  </DataStoreSettingsV2>
                </value>
              </entry>
              <entry key="dwhdb">
                <value>
                  <DataStoreSettingsV2>
                    <option name="nameLengthMode" value="ORACLE" />
                    <option name="supportedTypes">
                      <option value="oracle" />
                    </option>
                  </DataStoreSettingsV2>
                </value>
              </entry>
              <entry key="dwhprod">
                <value>
                  <DataStoreSettingsV2>
                    <option name="supportedTypes">
                      <option value="postgres" />
                    </option>
                  </DataStoreSettingsV2>
                </value>
              </entry>
              <entry key="jira">
                <value>
                  <DataStoreSettingsV2>
                    <option name="supportedTypes">
                      <option value="postgres" />
                    </option>
                  </DataStoreSettingsV2>
                </value>
              </entry>
              <entry key="main">
                <value>
                  <DataStoreSettingsV2>
                    <option name="generateDdlType" value="CREATE_AND_UPDATE" />
                    <option name="nameLengthMode" value="ORACLE" />
                    <option name="supportedTypes">
                      <option value="postgres" />
                    </option>
                  </DataStoreSettingsV2>
                </value>
              </entry>
              <entry key="rsbank">
                <value>
                  <DataStoreSettingsV2>
                    <option name="nameLengthMode" value="ORACLE" />
                  </DataStoreSettingsV2>
                </value>
              </entry>
              <entry key="rsloans">
                <value>
                  <DataStoreSettingsV2>
                    <option name="nameLengthMode" value="ORACLE" />
                  </DataStoreSettingsV2>
                </value>
              </entry>
              <entry key="sap">
                <value>
                  <DataStoreSettingsV2>
                    <option name="nameLengthMode" value="ORACLE" />
                    <option name="supportedTypes">
                      <option value="oracle" />
                    </option>
                  </DataStoreSettingsV2>
                </value>
              </entry>
            </map>
          </option>
        </ModuleSettings>
      </entry>
      <entry key="kz.eub.Report-360.main">
        <ModuleSettings>
          <option name="dataStoreOptions">
            <map>
              <entry key="cdb">
                <value>
                  <DataStoreSettings>
                    <option name="supportedTypes">
                      <option value="oracle" />
                    </option>
                  </DataStoreSettings>
                </value>
              </entry>
              <entry key="dwhdb">
                <value>
                  <DataStoreSettings>
                    <option name="supportedTypes">
                      <option value="oracle" />
                    </option>
                  </DataStoreSettings>
                </value>
              </entry>
              <entry key="dwhprod">
                <value>
                  <DataStoreSettings>
                    <option name="nameLengthMode" value="POSTGRES" />
                    <option name="supportedTypes">
                      <option value="postgres" />
                    </option>
                  </DataStoreSettings>
                </value>
              </entry>
              <entry key="dwhtest">
                <value>
                  <DataStoreSettings>
                    <option name="nameLengthMode" value="POSTGRES" />
                    <option name="supportedTypes">
                      <option value="postgres" />
                    </option>
                  </DataStoreSettings>
                </value>
              </entry>
              <entry key="jira">
                <value>
                  <DataStoreSettings>
                    <option name="nameLengthMode" value="POSTGRES" />
                    <option name="supportedTypes">
                      <option value="postgres" />
                    </option>
                  </DataStoreSettings>
                </value>
              </entry>
              <entry key="main">
                <value>
                  <DataStoreSettings>
                    <option name="generateDdlType" value="CREATE_AND_UPDATE" />
                    <option name="nameLengthMode" value="POSTGRES" />
                    <option name="supportedTypes">
                      <option value="postgres" />
                    </option>
                  </DataStoreSettings>
                </value>
              </entry>
              <entry key="sap">
                <value>
                  <DataStoreSettings>
                    <option name="supportedTypes">
                      <option value="oracle" />
                    </option>
                  </DataStoreSettings>
                </value>
              </entry>
            </map>
          </option>
        </ModuleSettings>
      </entry>
    </moduleSettings>
  </component>
  <component name="JmixLiquibaseChangesConfig">
    <exclude-change idName="r360_dict_department#sap_id" tagName="dropColumn" />
    <exclude-change idName="r360_dict_department#audit_id" tagName="dropColumn" />
    <exclude-change idName="r360_dict_department#empl_sap_id" tagName="dropColumn" />
    <exclude-change idName="r360_dict_department#parent_functional_sap_id" tagName="dropColumn" />
    <exclude-change idName="r360_dict_department#parent_sap_id" tagName="dropColumn" />
    <exclude-change idName="r360_dict_position#audit_id" tagName="dropColumn" />
    <exclude-change idName="r360_dict_position#dep_sap_id" tagName="dropColumn" />
    <exclude-change idName="r360_dict_position#change_date" tagName="dropColumn" />
    <exclude-change idName="r360_employee#audit_id" tagName="dropColumn" />
    <exclude-change idName="r360_employee#supervisor_sap_id" tagName="dropColumn" />
    <exclude-change idName="r360_employee#leader_sap_id" tagName="dropColumn" />
    <exclude-change idName="r360_employee#change_date" tagName="dropColumn" />
    <exclude-change idName="r360_employee#position_sap_id" tagName="dropColumn" />
    <exclude-change idName="r360_employee#department_sap_id" tagName="dropColumn" />
  </component>
  <component name="JmixPluginProjectSettings">
    <option name="savedDbProperties">
      <list>
        <SavedDbProperties>
          <option name="databaseName" value="r360" />
          <option name="dbType" value="hsqlfile" />
          <option name="dbmsVersion" />
          <option name="host" value=".jmix/hsqldb" />
          <option name="url" value="jdbc:hsqldb:file:.jmix/hsqldb/r360" />
          <option name="user" value="sa" />
        </SavedDbProperties>
      </list>
    </option>
  </component>
</project>