<?xml version="1.0" encoding="UTF-8" standalone="no"?>
<window xmlns="http://jmix.io/schema/ui/window"
        caption="msg://cmdbAttachmentEdit.caption"
        focusComponent="form">
    <data>
        <instance id="cmdbAttachmentDc"
                  class="kz.eub.kpi.entity.cmdb.CmdbAttachment">
            <fetchPlan extends="_base"/>
            <loader/>
        </instance>
        <collection id="cmdbAttachmentTypesDc" class="kz.eub.kpi.entity.cmdb.CmdbAttachmentType">
            <fetchPlan extends="_base"/>
            <loader id="cmdbAttachmentTypesDl">
                <query>
                    <![CDATA[select e from kpi_CmdbAttachmentType e]]>
                </query>
            </loader>
        </collection>
    </data>
    <facets>
        <dataLoadCoordinator auto="true"/>
        <screenSettings id="settingsFacet" auto="true"/>
    </facets>
    <actions>
        <action id="windowCommitAndClose" caption="msg:///actions.Ok"
                icon="EDITOR_OK"
                primary="true"
                shortcut="${COMMIT_SHORTCUT}"/>
        <action id="windowClose"
                caption="msg:///actions.Close"
                icon="EDITOR_CANCEL"/>
    </actions>
    <dialogMode height="400" forceDialog="true"
                width="600"/>
    <layout spacing="true" expand="editActions">
        <groupBox id="formBox">
            <form id="form" dataContainer="cmdbAttachmentDc">
                <column width="350px">
                    <entityComboBox id="attachmentTypeField"
                                    property="attachmentType"
                                    optionsContainer="cmdbAttachmentTypesDc"/>
                    <textArea id="descriptionField" property="description" maxLength="1024"/>
                    <checkBox id="actualField" property="actual"/>
                    <fileStorageUpload id="attachmentFileField"
                                       property="attachmentFile"
                                       accept="*.jpg, *.png, *.pdf, *.doc, *.docx, *.xls, *.xlsx, *.jpeg, *.svg, *.gif"/>
                </column>
            </form>
        </groupBox>
        <hbox id="editActions" spacing="true">
            <button id="commitAndCloseBtn" action="windowCommitAndClose"/>
            <button id="closeBtn" action="windowClose"/>
        </hbox>
    </layout>
</window>
