<?xml version="1.0" encoding="UTF-8" standalone="no"?>
<window xmlns="http://jmix.io/schema/ui/window"
        caption="msg://announceEdit.caption"
        focusComponent="form">
    <data>
        <instance id="announceDc"
                  class="kz.eub.kpi.entity.Announce">
            <fetchPlan extends="_base"/>
            <loader/>
        </instance>
    </data>
    <facets>
        <dataLoadCoordinator auto="true"/>
        <screenSettings id="settingsFacet" auto="true"/>
    </facets>
    <actions>
        <action id="windowCommitAndClose" caption="msg:///actions.Ok"
                icon="EDITOR_OK"
                primary="true"
                shortcut="${COMMIT_SHORTCUT}"/>
        <action id="windowClose"
                caption="msg:///actions.Close"
                icon="EDITOR_CANCEL"/>
    </actions>
    <dialogMode forceDialog="true"
                height="AUTO"
                width="AUTO"/>
    <layout spacing="true" expand="scrollBox">
        <scrollBox id="scrollBox" spacing="true">
            <form id="form" dataContainer="announceDc">
                <column width="600px">
                    <textField id="titleField" property="title" required="true"/>
                    <richTextArea id="descriptionField" property="description" height="400" required="true"/>
                    <dateField id="dateSTartField" property="dateStart"/>
                    <dateField id="dateEndField" property="dateEnd"/>
                    <comboBox id="typeField" property="type" required="true"/>
                    <fileStorageUpload id="attachmentField" property="attachment"/>
                </column>
            </form>
        </scrollBox>
        <hbox id="editActions" spacing="true">
            <button id="commitAndCloseBtn" action="windowCommitAndClose"/>
            <button id="closeBtn" action="windowClose"/>
        </hbox>
    </layout>
</window>
