<?xml version="1.0" encoding="UTF-8" standalone="no"?>
<window xmlns="http://jmix.io/schema/ui/window"
        xmlns:c="http://jmix.io/schema/ui/jpql-condition"
        caption="msg://announceBrowse.caption"
        focusComponent="announcesTable">
    <data readOnly="true">
        <collection id="announcesDc"
                    class="kz.eub.kpi.entity.Announce">
            <fetchPlan extends="_base"/>
            <loader id="announcesDl">
                <query>
                    <![CDATA[select e from kpi_Announce e]]>
                </query>
            </loader>
        </collection>
    </data>
    <facets>
        <dataLoadCoordinator auto="true"/>
        <screenSettings id="settingsFacet" auto="true"/>
    </facets>
    <actions>
        <action id="lookupSelectAction"
                caption="msg:///actions.Select"
                icon="LOOKUP_OK"
                primary="true"
                shortcut="${COMMIT_SHORTCUT}"/>
        <action id="lookupCancelAction"
                caption="msg:///actions.Cancel"
                icon="LOOKUP_CANCEL"/>
    </actions>
    <dialogMode height="600"
                width="800"/>
    <layout expand="announcesTable" spacing="true">
        <filter id="filter"
                dataLoader="announcesDl">
            <properties include=".*"/>
        </filter>
        <groupTable id="announcesTable"
                    width="100%"
                    dataContainer="announcesDc">
            <actions>
                <action id="create" type="create"/>
                <action id="edit" type="edit"/>
                <action id="remove" type="remove"/>
            </actions>
            <columns>
                <column id="title"/>
                <column id="description"/>
                <column id="dateStart"/>
                <column id="dateEnd"/>
                <column id="type"/>
            </columns>
            <simplePagination/>
            <buttonsPanel id="buttonsPanel"
                          alwaysVisible="true">
                <button id="createBtn" action="announcesTable.create"/>
                <button id="editBtn" action="announcesTable.edit"/>
                <button id="removeBtn" action="announcesTable.remove"/>
            </buttonsPanel>
        </groupTable>
        <hbox id="lookupActions" spacing="true" visible="false">
            <button action="lookupSelectAction"/>
            <button action="lookupCancelAction"/>
        </hbox>
    </layout>
</window>
