<?xml version="1.0" encoding="UTF-8" standalone="no"?>
<menu-config xmlns="http://jmix.io/schema/ui/menu">

    <menu id="application" caption="msg://kz.eub.moncl/menu.application" insertBefore="administration">
        <item screen="mcl_User.browse" caption="msg://kz.eub.moncl.screen.user/UserBrowse.caption"/>
        <item screen="themeSettingsScreen" caption="msg://io.jmix.ui.app.themesettings/themeSettings.caption"/>
    </menu>
    <item screen="mcl_TaskTemplate.browse" id="taskTemplate"
          caption="msg://kz.eub.moncl.screen.tasktemplate/taskTemplateBrowse.menu" icon="PENCIL"
          insertAfter="administration"/>
    <item screen="mcl_GeneralReports.browse" caption="msg://kz.eub.moncl/menu_config.mcl_GeneralReports.browse"
          icon="LIST"/>
    <item screen="mcl_PlannedWork.browse" id="plannedWork"
          caption="msg://kz.eub.moncl/menu_config.mcl_PlannedWork.browse" icon="TASKS"/>
    <item screen="mcl_GrafanaScreen" caption="msg://kz.eub.moncl/menu_config.mcl_GrafanaScreen" icon="DESKTOP"/>
    <item screen="mcl_UserRole.browse" caption="msg://kz.eub.moncl/menu_config.mcl_UserRole.browse" icon="USER"
          openMode="NEW_TAB"/>
</menu-config>