<?xml version="1.0" encoding="UTF-8" standalone="no"?>
<window xmlns="http://jmix.io/schema/ui/window"
        caption="msg://ratingUserBrowse.caption"
        focusComponent="ratingUsersTable">
    <data readOnly="true">
        <collection id="ratingUsersDc"
                    class="kz.eub.kpi.entity.RatingUser">
            <fetchPlan extends="_instance_name">
                <property name="accountId"/>
                <property name="value"/>
                <property name="createdAt"/>
            </fetchPlan>
            <loader id="ratingUsersDl">
                <query>
                    <![CDATA[select e from kpi_RatingUser e ]]>
                </query>
            </loader>
        </collection>

    </data>
    <facets>
        <dataLoadCoordinator auto="true"/>
        <screenSettings id="settingsFacet" auto="true"/>
    </facets>
    <actions>
        <action id="lookupSelectAction"
                caption="msg:///actions.Select"
                icon="LOOKUP_OK"
                primary="true"
                shortcut="${COMMIT_SHORTCUT}"/>
        <action id="lookupCancelAction"
                caption="msg:///actions.Cancel"
                icon="LOOKUP_CANCEL"/>
    </actions>
    <dialogMode height="600"
                width="800"/>
    <layout expand="ratingUsersTable" spacing="true">
        <filter id="filter"
                dataLoader="ratingUsersDl">
            <properties include=".*"/>
        </filter>
        <groupTable id="ratingUsersTable"
                    width="100%"
                    dataContainer="ratingUsersDc">
            <actions>
                <action id="create" type="create"/>
                <action id="edit" type="edit"/>
                <action id="remove" type="remove"/>
            </actions>
            <columns>
                <column id="accountId.profileId.lastname"/>
                <column id="value"/>
                <column id="createdAt"/>
            </columns>
            <simplePagination/>
            <buttonsPanel id="buttonsPanel"
                          alwaysVisible="true">
                <button id="createBtn" action="ratingUsersTable.create"/>
                <button id="editBtn" action="ratingUsersTable.edit"/>
                <button id="removeBtn" action="ratingUsersTable.remove"/>
            </buttonsPanel>
        </groupTable>
        <hbox id="lookupActions" spacing="true" visible="false">
            <button action="lookupSelectAction"/>
            <button action="lookupCancelAction"/>
        </hbox>
    </layout>
</window>
