<?xml version="1.0" encoding="UTF-8" standalone="no"?>
<window xmlns="http://jmix.io/schema/ui/window"
        caption="msg://authorityscreen.caption">
    <data readOnly="true">
        <collection id="bonusAuthoritiesDc"
                    class="kz.eub.kpi.entity.BonusAuthority">
            <fetchPlan extends="_base">
                <property name="employee" fetchPlan="_instance_name"/>
            </fetchPlan>
            <loader id="bonusAuthoritiesDl">
                <query>
                    <![CDATA[select e from kpi_BonusAuthority e where e.version = 12]]>
                </query>
            </loader>
        </collection>
    </data>
    <facets>
        <dataLoadCoordinator auto="true"/>
        <screenSettings id="settingsFacet" auto="true"/>
        />
    </facets>
    <dialogMode forceDialog="true" width="800" height="600"/>
    <actions>
        <action id="lookupSelectAction"
                caption="msg:///actions.Select"
                icon="LOOKUP_OK"
                primary="true"
                shortcut="${COMMIT_SHORTCUT}"/>
        <action id="lookupCancelAction"
                caption="msg:///actions.Cancel"
                icon="LOOKUP_CANCEL"/>
    </actions>
    <layout expand="bonusAuthoritiesTable" spacing="true">
        <groupBox orientation="horizontal" spacing="true" width="100%">
            <button id="titleBtnEvent" css="font-size: 150%"/>
            <label id="pointLabel" css="font-size: 150%; color: green"
                   align="MIDDLE_RIGHT"/>
        </groupBox>
        <groupBox orientation="vertical" spacing="true" width="100%">
            <groupBox orientation="horizontal" spacing="true" width="100%">

                <label value="Добавить/снять баллы:" css="font-size: 150%; color: grey"/>
                <textField datatype="int" width="50"></textField>
                <button align="MIDDLE_RIGHT" caption="Добавить" css="font-size: 150%"/>
            </groupBox>
            <groupBox orientation="vertical" spacing="true" width="100%">
                <label value="Описание:" css="font-size: 100%; color: grey"/>
                <textField datatype="string" width="100%"></textField>
            </groupBox>
        </groupBox>
        <groupTable id="bonusAuthoritiesTable"
                    width="100%"
                    dataContainer="bonusAuthoritiesDc">
            <actions>
                <action id="view" type="view">
                    <properties>
                        <property name="openMode" value="NEW_TAB"/>
                    </properties>
                </action>
            </actions>
            <columns>
                <column id="createdDate"/>
                <column id="employee"/>
                <column id="bonus"/>
                <column id="description"/>
            </columns>
            <buttonsPanel id="buttonsPanel"
                          alwaysVisible="true">
            </buttonsPanel>
        </groupTable>
        <hbox id="lookupActions" spacing="true" visible="false">
            <button action="lookupSelectAction"/>
            <button action="lookupCancelAction"/>
        </hbox>
    </layout>
</window>