<?xml version="1.0" encoding="UTF-8" standalone="no"?>
<window xmlns="http://jmix.io/schema/ui/window"
        caption="msg://bonusAwardEdit.caption"
        focusComponent="form">
    <data>
        <instance id="bonusAwardDc"
                  class="kz.eub.kpi.entity.BonusAward">
            <fetchPlan extends="_base"/>
            <loader/>
        </instance>
    </data>
    <facets>
        <dataLoadCoordinator auto="true"/>
        <screenSettings id="settingsFacet" auto="true"/>
    </facets>
    <actions>
        <action id="windowCommitAndClose" caption="msg:///actions.Ok"
                icon="EDITOR_OK"
                primary="true"
                shortcut="${COMMIT_SHORTCUT}"/>
        <action id="windowClose"
                caption="msg:///actions.Close"
                icon="EDITOR_CANCEL"/>
    </actions>
    <dialogMode height="600"
                width="800"/>
    <layout spacing="true" expand="scrollBox">
        <scrollBox id="scrollBox" spacing="true">
            <form id="form" dataContainer="bonusAwardDc">
                <column width="350px">
                    <textField id="titleField" property="title"/>
                    <textField id="descriptionField" property="description"/>
                    <textField id="bonus_sumField" property="bonusSum"/>
                    <fileStorageUpload id="imageField" property="image"/>
                    <dateField id="date_createdField" property="dateCreated"/>
                    <checkBox id="statusField" property="status"/>
                </column>
            </form>
        </scrollBox>
        <hbox id="editActions" spacing="true">
            <button id="commitAndCloseBtn" action="windowCommitAndClose"/>
            <button id="closeBtn" action="windowClose"/>
        </hbox>
    </layout>
</window>
