<?xml version="1.0" encoding="UTF-8" standalone="no"?>
<window xmlns="http://jmix.io/schema/ui/window"
        caption="msg://bonusAwardBrowse.caption"
        focusComponent="bonusAwardsTable">
    <data readOnly="true">
        <collection id="bonusAwardsDc"
                    class="kz.eub.kpi.entity.BonusAward">
            <fetchPlan extends="_base"/>
            <loader id="bonusAwardsDl">
                <query>
                    <![CDATA[select e from kpi_BonusAward e]]>
                </query>
            </loader>
        </collection>
    </data>
    <facets>
        <dataLoadCoordinator auto="true"/>
        <screenSettings id="settingsFacet" auto="true"/>
    </facets>
    <actions>
        <action id="lookupSelectAction"
                caption="msg:///actions.Select"
                icon="LOOKUP_OK"
                primary="true"
                shortcut="${COMMIT_SHORTCUT}"/>
        <action id="lookupCancelAction"
                caption="msg:///actions.Cancel"
                icon="LOOKUP_CANCEL"/>
    </actions>
    <dialogMode height="600"
                width="800"/>
    <layout expand="bonusAwardsTable" spacing="true">
        <filter id="filter"
                dataLoader="bonusAwardsDl">
            <properties include=".*"/>
        </filter>

        <groupTable id="bonusAwardsTable"
                    width="100%"
                    dataContainer="bonusAwardsDc">
            <actions>
                <action id="add" type="add"/>
                <action id="create" type="create"/>
                <action id="edit" type="edit"/>
                <action id="remove" type="remove"/>
            </actions>
            <columns>
                <column id="title" caption="msg://kz.eub.kpi.entity.kpi/BonusAward.title" />
                <column id="description" caption="msg://kz.eub.kpi.entity.kpi/BonusAward.description"/>
                <column id="bonusSum" caption="msg://kz.eub.kpi.entity.kpi/BonusAward.bonusSum"/>
                <column id="dateCreated" caption="msg://kz.eub.kpi.entity.kpi/BonusAward.dateCreated"/>
                <column id="status" caption="msg://kz.eub.kpi.entity.kpi/BonusAward.status"/>
            </columns>
            <simplePagination/>
            <buttonsPanel id="buttonsPanel"
                          alwaysVisible="true">
                <button id="addBtn" action="bonusAwardsTable.add"/>
                <button id="createBtn" action="bonusAwardsTable.create"/>
                <button id="editBtn" action="bonusAwardsTable.edit"/>
                <button id="removeBtn" action="bonusAwardsTable.remove"/>
            </buttonsPanel>
        </groupTable>
        <hbox id="lookupActions" spacing="true" visible="false">
            <button action="lookupSelectAction"/>
            <button action="lookupCancelAction"/>
        </hbox>
    </layout>
</window>
