<?xml version="1.0" encoding="UTF-8" standalone="no"?>
<window xmlns="http://jmix.io/schema/ui/window"
        caption="msg://dictRefProductBrowse.caption"
        focusComponent="dictRefProductsTable">
    <data readOnly="true">
        <collection id="dictRefProductsDc"
                    class="kz.eub.report360.entity.DictRefProduct">
            <fetchPlan extends="_base"/>
            <loader id="dictRefProductsDl">
                <query>
                    <![CDATA[select e from r360_DictRefProduct e]]>
                </query>
            </loader>
        </collection>
    </data>
    <facets>
        <dataLoadCoordinator auto="true"/>
        <screenSettings id="settingsFacet" auto="true"/>
    </facets>
    <actions>
        <action id="lookupSelectAction"
                caption="msg:///actions.Select"
                icon="LOOKUP_OK"
                primary="true"
                shortcut="${COMMIT_SHORTCUT}"/>
        <action id="lookupCancelAction"
                caption="msg:///actions.Cancel"
                icon="LOOKUP_CANCEL"/>
    </actions>
    <dialogMode height="700"
                width="1200"/>
    <layout expand="dictRefProductsTable" spacing="true">
        <filter id="filter"
                dataLoader="dictRefProductsDl">
            <properties include=".*"/>
        </filter>
        <groupTable id="dictRefProductsTable"
                    width="100%"
                    dataContainer="dictRefProductsDc">
            <actions>
                <action id="create" type="create"/>
                <action id="edit" type="edit"/>
                <action id="remove" type="remove"/>
            </actions>
            <columns>
                <column id="prdId"/>
                <column id="startDate"/>
                <column id="endDate"/>
                <column id="changeDate"/>
                <column id="rowStatus"/>
                <column id="prdSource"/>
                <column id="prdSourcePk"/>
                <column id="auditId"/>
                <column id="prdGid"/>
                <column id="prntPrdGid"/>
                <column id="code"/>
                <column id="name"/>
                <column id="curCd"/>
                <column id="term"/>
                <column id="prolCount"/>
                <column id="category"/>
                <column id="subProduct"/>
                <column id="dealType"/>
            </columns>
            <simplePagination itemsPerPageUnlimitedOptionVisible="true" itemsPerPageVisible="true"/>
            <buttonsPanel id="buttonsPanel"
                          alwaysVisible="true">
                <button id="createBtn" action="dictRefProductsTable.create"/>
                <button id="editBtn" action="dictRefProductsTable.edit"/>
                <button id="removeBtn" action="dictRefProductsTable.remove"/>
            </buttonsPanel>
        </groupTable>
        <hbox id="lookupActions" spacing="true" visible="false">
            <button action="lookupSelectAction"/>
            <button action="lookupCancelAction"/>
        </hbox>
    </layout>
</window>
