<?xml version="1.0" encoding="UTF-8" standalone="no"?>
<window xmlns="http://jmix.io/schema/ui/window"
        caption="msg://dictRefProductEdit.caption"
        focusComponent="form">
    <data>
        <instance id="dictRefProductDc"
                  class="kz.eub.report360.entity.DictRefProduct">
            <fetchPlan extends="_base"/>
            <loader/>
        </instance>
    </data>
    <facets>
        <dataLoadCoordinator auto="true"/>
        <screenSettings id="settingsFacet" auto="true"/>
    </facets>
    <actions>
        <action id="windowCommitAndClose" caption="msg:///actions.Ok"
                icon="EDITOR_OK"
                primary="true"
                shortcut="${COMMIT_SHORTCUT}"/>
        <action id="windowClose"
                caption="msg:///actions.Close"
                icon="EDITOR_CANCEL"/>
    </actions>
    <dialogMode height="AUTO"
                forceDialog="true"
                width="AUTO"/>
    <layout spacing="true" expand="scrollBox">
        <scrollBox id="scrollBox" spacing="true">
            <form id="form" dataContainer="dictRefProductDc">
                <column width="350px">
                    <textField id="prdIdField" property="prdId"/>
                    <dateField id="startDateField" property="startDate"/>
                    <dateField id="endDateField" property="endDate"/>
                    <dateField id="changeDateField" property="changeDate"/>
                    <textField id="rowStatusField" property="rowStatus"/>
                    <textField id="prdSourceField" property="prdSource"/>
                    <textField id="prdSourcePkField" property="prdSourcePk"/>
                    <textField id="auditIdField" property="auditId"/>
                    <textField id="prdGidField" property="prdGid"/>
                    <textField id="prntPrdGidField" property="prntPrdGid"/>
                    <textField id="codeField" property="code"/>
                    <textField id="nameField" property="name"/>
                    <textField id="curCdField" property="curCd"/>
                    <textField id="termField" property="term"/>
                    <textField id="prolCountField" property="prolCount"/>
                    <textField id="categoryField" property="category"/>
                    <textField id="subProductField" property="subProduct"/>
                    <textField id="dealTypeField" property="dealType"/>
                </column>
            </form>
        </scrollBox>
        <hbox id="editActions" spacing="true">
            <button id="commitAndCloseBtn" action="windowCommitAndClose"/>
            <button id="closeBtn" action="windowClose"/>
        </hbox>
    </layout>
</window>
