<?xml version="1.0" encoding="UTF-8" standalone="no"?>
<window xmlns="http://jmix.io/schema/ui/window"
        caption="msg://dictRatingSnpBrowse.caption"
        focusComponent="dictRatingSnpsTable">
    <data readOnly="true">
        <collection id="dictRatingSnpsDc"
                    class="kz.eub.report360.entity.DictRatingSnp">
            <fetchPlan extends="_base"/>
            <loader id="dictRatingSnpsDl">
                <query>
                    <![CDATA[select e from r360_DictRatingSnp e]]>
                </query>
            </loader>
        </collection>
    </data>
    <facets>
        <dataLoadCoordinator auto="true"/>
        <screenSettings id="settingsFacet" auto="true"/>
    </facets>
    <actions>
        <action id="lookupSelectAction"
                caption="msg:///actions.Select"
                icon="LOOKUP_OK"
                primary="true"
                shortcut="${COMMIT_SHORTCUT}"/>
        <action id="lookupCancelAction"
                caption="msg:///actions.Cancel"
                icon="LOOKUP_CANCEL"/>
    </actions>
    <dialogMode height="600"
                width="800"/>
    <layout expand="dictRatingSnpsTable" spacing="true">
        <filter id="filter"
                dataLoader="dictRatingSnpsDl">
            <properties include=".*"/>
        </filter>
        <groupTable id="dictRatingSnpsTable"
                    width="100%"
                    dataContainer="dictRatingSnpsDc">
            <actions>
                <action id="create" type="create"/>
                <action id="edit" type="edit"/>
                <action id="remove" type="remove"/>
                <action id="excelExport" type="excelExport"/>
            </actions>
            <columns>
                <column id="inValues"/>
                <column id="outValues"/>
                <column id="description"/>
            </columns>
            <simplePagination itemsPerPageUnlimitedOptionVisible="true" itemsPerPageVisible="true"/>
            <buttonsPanel id="buttonsPanel"
                          alwaysVisible="true">
                <button id="createBtn" action="dictRatingSnpsTable.create"/>
                <button id="editBtn" action="dictRatingSnpsTable.edit"/>
                <button id="removeBtn" action="dictRatingSnpsTable.remove"/>
                <button id="excelExportBtn" action="dictRatingSnpsTable.excelExport"/>
            </buttonsPanel>
        </groupTable>
        <hbox id="lookupActions" spacing="true" visible="false">
            <button action="lookupSelectAction"/>
            <button action="lookupCancelAction"/>
        </hbox>
    </layout>
</window>
