<?xml version="1.0" encoding="UTF-8" standalone="no"?>
<window xmlns="http://jmix.io/schema/ui/window"
        caption="msg://reportingGrantsEdit.caption"
        focusComponent="form">
    <data>
        <instance id="reportingGrantsDc"
                  class="kz.eub.report360.entity.ReportingGrants">
            <fetchPlan extends="reportingGrants-fetch-plan"/>
            <loader/>
        </instance>
    </data>

    <facets>
        <dataLoadCoordinator auto="true"/>
        <screenSettings id="settingsFacet" auto="true"/>
    </facets>

    <actions>
        <action id="windowCommitAndClose" caption="msg:///actions.Ok"
                icon="EDITOR_OK"
                primary="true"
                shortcut="${COMMIT_SHORTCUT}"/>
        <action id="windowClose"
                caption="msg:///actions.Close"
                icon="EDITOR_CANCEL"/>
    </actions>

    <dialogMode height="AUTO"
                forceDialog="true"
                width="AUTO"/>
    <layout spacing="true" expand="editActions">
        <form id="form" dataContainer="reportingGrantsDc">
            <column width="350px">
                <entityPicker id="reportingField" property="reporting" editable="false" visible="false"/>
                <entityPicker id="userGroupField" property="userGroup" editable="true" visible="true"/>

                <gridLayout spacing="true" caption="msg://gridLayout.caption" visible="false">
                    <columns count="1"/>
                    <rows>
                        <row>
                            <entityComboBox id="departField" property="department" editable="false"/>
                        </row>
                    </rows>
                </gridLayout>

                <entityPicker id="userField" property="user"/>
                <checkBox id="withGrantOptionField" property="withGrantOption"/>
            </column>
        </form>
        <hbox id="editActions" spacing="true">
            <button id="commitAndCloseBtn" action="windowCommitAndClose"/>
            <button id="closeBtn" action="windowClose"/>
        </hbox>
    </layout>
</window>
