<?xml version="1.0" encoding="UTF-8" standalone="no"?>
<window xmlns="http://jmix.io/schema/ui/window"
        caption="msg://reportingGrantsBrowse.caption"
        focusComponent="reportingGrantsTable">
    <data readOnly="true">
        <collection id="reportingGrantsDc"
                    class="kz.eub.report360.entity.ReportingGrants">
            <fetchPlan extends="reportingGrants-fetch-plan"/>
            <loader id="reportingGrantsDl">
                <query>
                    <![CDATA[select e from r360_ReportingGrants e where e.reporting=:reporting]]>
                </query>
            </loader>
        </collection>
    </data>
    <facets>
        <dataLoadCoordinator auto="true"/>
        <screenSettings id="settingsFacet" auto="true"/>
    </facets>
    <actions>
        <action id="lookupSelectAction"
                caption="msg:///actions.Select"
                icon="LOOKUP_OK"
                primary="true"
                shortcut="${COMMIT_SHORTCUT}"/>
        <action id="lookupCancelAction"
                caption="msg:///actions.Cancel"
                icon="LOOKUP_CANCEL"/>
    </actions>
    <dialogMode height="600"
                width="900"/>
    <layout expand="reportingGrantsTable" spacing="true">
        <groupTable id="reportingGrantsTable"
                    width="100%"
                    dataContainer="reportingGrantsDc">
            <actions>
                <action id="create" type="create"/>
                <action id="edit" type="edit"/>
                <action id="remove" type="remove"/>
            </actions>
            <columns>
                <column id="userGroup"/>
                <column id="user"/>
                <column id="withGrantOption"/>
                <column id="department"/>
                <column id="reporting"/>
            </columns>
            <simplePagination/>
            <buttonsPanel id="buttonsPanel"
                          alwaysVisible="true">
                <button id="createBtn" action="reportingGrantsTable.create"
                        caption="&#1044;&#1086;&#1073;&#1072;&#1074;&#1080;&#1090;&#1100;"/>
                <button id="editBtn" action="reportingGrantsTable.edit"/>
                <button id="removeBtn" action="reportingGrantsTable.remove"/>
            </buttonsPanel>
        </groupTable>
        <hbox id="lookupActions" spacing="true" visible="false">
            <button action="lookupSelectAction"/>
            <button action="lookupCancelAction"/>
        </hbox>
    </layout>
</window>
