<?xml version="1.0" encoding="UTF-8" standalone="no"?>
<window xmlns="http://jmix.io/schema/ui/window"
        caption="msg://customTaskScreen.caption"
        xmlns:jmix="http://jmix.io/schema/bpm/ui">
    <dialogMode resizable="true" width="800px" height="AUTO" forceDialog="true"/>
    <layout spacing="true" expand="actionsPanel">
        <form id="form" width="100%"/>
        <hbox id="actionsPanel" spacing="true">
            <jmix:outcomesPanel id="outcomesPanel" orientation="horizontal"/>
            <button id="claimAndResumeBtn"
                    icon="font-icon:HAND_ROCK_O"
                    caption="msg://claimAndResume"
                    description="msg://claimAndResumeDescription"/>
            <button id="claimAndCloseBtn"
                    icon="font-icon:HAND_ROCK_O"
                    caption="msg://claimAndClose"
                    description="msg://claimAndCloseDescription"/>
        </hbox>
    </layout>
</window>