<?xml version="1.0" encoding="UTF-8" standalone="no"?>
<window xmlns="http://jmix.io/schema/ui/window"
        caption="msg://reportXmlParamEdit.caption"
        focusComponent="form">
    <data>
        <instance id="reportXmlParamDc"
                  class="kz.eub.report360.entity.ReportXmlParam">
            <fetchPlan extends="_base">
                <property name="reportXml" fetchPlan="_base"/>
            </fetchPlan>
            <loader/>
        </instance>
    </data>
    <facets>
        <dataLoadCoordinator auto="true"/>
        <screenSettings id="settingsFacet" auto="true"/>
    </facets>
    <actions>
        <action id="windowCommitAndClose" caption="msg:///actions.Ok"
                icon="EDITOR_OK"
                primary="true"
                shortcut="${COMMIT_SHORTCUT}"/>
        <action id="windowClose"
                caption="msg:///actions.Close"
                icon="EDITOR_CANCEL"/>
    </actions>
    <dialogMode height="AUTO"
                width="AUTO"/>
    <layout spacing="true" expand="scrollBox">
        <scrollBox id="scrollBox" spacing="true">
            <form id="form" dataContainer="reportXmlParamDc">
                <column width="350px">
                    <entityPicker id="reportXmlField" property="reportXml"/>
                    <textField id="codeField" property="code"/>
                    <textField id="nameField" property="name"/>
                    <comboBox id="paramTypeField" property="paramType"/>
                    <textArea id="valueField" property="value"/>
                    <dateField id="valueDateField" property="valueDate"/>
                    <textArea id="conditionField" property="condition" rows="5"/>
                    <textArea id="replaceableChField" property="replaceableCh" rows="5"/>
                    <checkBox id="showParamField" property="showParam"/>
                    <checkBox id="mandatoryParamField" property="mandatoryParam"/>
                </column>
            </form>
        </scrollBox>
        <hbox id="editActions" spacing="true">
            <button id="commitAndCloseBtn" action="windowCommitAndClose"/>
            <button id="closeBtn" action="windowClose"/>
        </hbox>
    </layout>
</window>
