<?xml version="1.0" encoding="UTF-8" standalone="no"?>
<window xmlns="http://jmix.io/schema/ui/window"
        caption="msg://reportXmlParamBrowse.caption"
        focusComponent="reportXmlParamsTable">
    <data readOnly="true">
        <collection id="reportXmlParamsDc"
                    class="kz.eub.report360.entity.ReportXmlParam">
            <fetchPlan extends="_base">
                <property name="reportXml" fetchPlan="_base"/>
            </fetchPlan>
            <loader id="reportXmlParamsDl">
                <query>
                    <![CDATA[select e from r360_ReportXmlParam e]]>
                </query>
            </loader>
        </collection>
    </data>
    <facets>
        <dataLoadCoordinator auto="true"/>
        <screenSettings id="settingsFacet" auto="true"/>
    </facets>
    <actions>
        <action id="lookupSelectAction"
                caption="msg:///actions.Select"
                icon="LOOKUP_OK"
                primary="true"
                shortcut="${COMMIT_SHORTCUT}"/>
        <action id="lookupCancelAction"
                caption="msg:///actions.Cancel"
                icon="LOOKUP_CANCEL"/>
    </actions>
    <dialogMode height="600"
                width="800"/>
    <layout expand="reportXmlParamsTable" spacing="true">
        <filter id="filter"
                dataLoader="reportXmlParamsDl">
            <properties include=".*"/>
        </filter>
        <table id="reportXmlParamsTable"
               width="100%"
               dataContainer="reportXmlParamsDc">
            <actions>
                <action id="create" type="create"/>
                <action id="edit" type="edit"/>
                <action id="remove" type="remove"/>
            </actions>
            <columns>
                <column id="reportXml"/>
                <column id="code"/>
                <column id="name"/>
                <column id="paramType"/>
                <column id="value"/>
                <column id="valueDate"/>
                <column id="condition"/>
                <column id="replaceableCh"/>
                <column id="showParam"/>
                <column id="mandatoryParam"/>
            </columns>
            <simplePagination itemsPerPageUnlimitedOptionVisible="true" itemsPerPageVisible="true"/>
            <buttonsPanel id="buttonsPanel"
                          alwaysVisible="true">
                <button id="createBtn" action="reportXmlParamsTable.create"/>
                <button id="editBtn" action="reportXmlParamsTable.edit"/>
                <button id="removeBtn" action="reportXmlParamsTable.remove"/>
            </buttonsPanel>
        </table>
        <hbox id="lookupActions" spacing="true" visible="false">
            <button action="lookupSelectAction"/>
            <button action="lookupCancelAction"/>
        </hbox>
    </layout>
</window>
