<?xml version="1.0" encoding="UTF-8" standalone="no"?>
<window xmlns="http://jmix.io/schema/ui/window"
        caption="msg://bonusDescriptionVfk.caption">
    <dialogMode forceDialog="true" width="1000" height="1000"/>
    <layout>
        <scrollBox contentMinWidth="600px"
                   contentMinHeight="200px"
                   height="100%"
                   width="100%">
            <tabSheet id="tabSheet" width="100%">
                <tab caption="Расчет бонуса"
                     id="tab_1" spacing="true"
                     margin="true,false,false,false"
                     expand="accountablesBox"
                     icon="USERS">
                    <flowBox width="100%" id="accountablesBox">
                        <responsiveGridLayout stylename="demo">
                            <row>
                                <col sm="6" md="10">
                                    <label value="Премия за количество выданных автокредитов"
                                           css="font-size: 150%; color: #314082;"
                                           stylename="bold"/>
                                </col>
                            </row>

                            <row>
                                <col sm="6" md="1">
                                    <label value="#" css="font-size: 120%; "/>
                                </col>
                                <col sm="6" md="4">
                                    <label value="Показатель" css="font-size: 150%; "/>
                                </col>

                                <col sm="6" md="4">
                                    <label value="Значение" css="font-size: 150%; "/>
                                </col>
                            </row>
                            <row>
                                <col sm="4" md="1">
                                    <label value=" " css="font-size: 120%; "/>
                                </col>
                                <col sm="4" md="4">
                                    <label value="Бонус за кредит на новый а/м" css="font-size: 120%; "/>
                                </col>
                                <col sm="4" md="4">
                                    <label value="0,2%*" css="font-size: 120%; "/>
                                </col>
                            </row>
                            <row>
                                <col sm="4" md="1">
                                    <label value="1" css="font-size: 120%; "/>
                                </col>
                                <col sm="4" md="4">
                                    <label value="Бонус за кредит на БУ а/м и высокодоходные продукты"
                                           css="font-size: 120%; "/>
                                </col>
                                <col sm="4" md="4">
                                    <label value="0,4%*" css="font-size: 120%; "/>
                                </col>
                            </row>

                            <row>
                                <col sm="6" md="10">
                                    <label value="*Кроме кредитов, выданных в Aster Auto, где бонус за новый а/м 0,4%, а бонус за БУ и высокодоходные 0,2%"/>
                                </col>
                            </row>
                            <row height="10">
                                <col sm="10" md="10">
                                    <hbox height="10"/>
                                </col>
                            </row>
                            <row>
                                <col sm="6" md="10">
                                    <label css="font-size: 100%;"
                                           value="Бонус за депозит выплачивается по усмотрению БРБ"/>
                                </col>
                            </row>

                            <row height="20">
                                <col sm="10" md="10">
                                    <hbox height="10"/>
                                </col>
                            </row>

                            <row height="10">
                                <col>
                                    <label width="100%" height="1" css="background-color: grey"/>
                                </col>
                            </row>
                            <row>
                                <col sm="6" md="10">
                                    <label value="Пример расчета:" css="font-size: 150%; color: #314082;"
                                           stylename="bold"/>
                                </col>
                            </row>
                            <row>
                                <col sm="6" md="10">
                                    <label value="Сумма займа * %бонуса за тариф"
                                           css="font-size: 100%; " stylename="bold"/>
                                </col>
                            </row>
                            <row height="20">
                                <col sm="10" md="10">
                                    <hbox height="10"/>
                                </col>
                            </row>
                            <row>
                                <col sm="6" md="10">
                                    <label value="Максимальная выплата бонуса 200 000 тг."
                                           css="font-size: 200%; color: #dd1668;" stylename="bold"/>
                                </col>
                            </row>

                            <row height="20">
                                <col sm="10" md="10">
                                    <hbox height="10"/>
                                </col>
                            </row>

                            <row height="10">
                                <col>
                                    <label width="100%" height="1" css="background-color: grey"/>
                                </col>
                            </row>

                            <row>
                                <col sm="6" md="10">
                                    <label value="Премия за выдачу депозитов"
                                           css="font-size: 150%; color: #314082;" stylename="bold"/>
                                </col>
                            </row>
                            <row height="10">
                                <col sm="10" md="10">
                                    <hbox height="10"/>
                                </col>
                            </row>
                            <row>
                                <col sm="6" md="1">
                                    <label value="#" css="font-size: 120%; "/>
                                </col>
                                <col sm="6" md="4">
                                    <label value="Показатель" css="font-size: 150%; "/>
                                </col>
                                <col sm="6" md="4">
                                    <label value="Сумма депозита" css="font-size: 150%; "/>
                                </col>
                                <col sm="6" md="2">
                                    <label value="" css="font-size: 150%; "/>
                                </col>
                            </row>
                            <row>
                                <col sm="4" md="1">
                                    <label value="1" css="font-size: 120%; "/>
                                </col>
                                <col sm="4" md="4">
                                    <label value="Новые депозиты в тенге, включая" css="font-size: 120%; "/>
                                </col>
                                <col sm="4" md="4">
                                    <label value="100K – 500К" css="font-size: 120%; "/>
                                </col>
                                <col sm="6" md="2">
                                    <label value="Бонус" css="font-size: 150%; "/>
                                </col>
                            </row>
                            <row>
                                <col sm="4" md="1">
                                    <label value="1" css="font-size: 120%; "/>
                                </col>
                                <col sm="4" md="4">
                                    <label value="конвертацию валютных депозитов в тенге" css="font-size: 120%; "/>
                                </col>
                                <col sm="4" md="4">
                                    <label value="свыше 500 001" css="font-size: 120%; "/>
                                </col>
                                <col sm="6" md="2">
                                    <label value="500 тенге" css="font-size: 150%; "/>
                                </col>
                            </row>
                            <row>
                                <col sm="4" md="1">
                                    <label value="" css="font-size: 120%; "/>
                                </col>
                                <col sm="4" md="8">
                                    <label value="Бонус за депозит выплачивается по усмотрению БРБ"
                                           css="font-size: 120%; "/>
                                </col>
                                <col sm="6" md="2">
                                    <label />
                                </col>
                            </row>

                            <row height="30">
                                <col sm="10" md="10">
                                    <hbox height="10"/>
                                </col>
                            </row>

                            <row>
                                <col sm="6" md="10">
                                    <label value="Премия за выдачу карт"
                                           css="font-size: 150%; color: #314082;" stylename="bold"/>
                                </col>
                            </row>
                            <row height="10">
                                <col sm="10" md="10">
                                    <hbox height="10"/>
                                </col>
                            </row>
                            <row>
                                <col sm="6" md="1">
                                    <label value="#" css="font-size: 120%; "/>
                                </col>
                                <col sm="6" md="5">
                                    <label value="Название" css="font-size: 150%; "/>
                                </col>
                                <col sm="6" md="5">
                                    <label value="Сумма бонуса" css="font-size: 150%; "/>
                                </col>

                            </row>
                            <row>
                                <col sm="4" md="1">
                                    <label value="1" css="font-size: 120%; "/>
                                </col>
                                <col sm="4" md="5">
                                    <label value="Автокарта" css="font-size: 120%; "/>
                                </col>
                                <col sm="4" md="5">
                                    <label value="300 тенге за выданную карту + 500 тенге за транзакцию по карте"
                                           css="font-size: 120%; "/>
                                </col>
                            </row>
                            <row>
                                <col sm="4" md="1">
                                    <label value="2" css="font-size: 120%; "/>
                                </col>
                                <col sm="4" md="5">
                                    <label value="SmartCard" css="font-size: 120%; "/>
                                </col>
                                <col sm="4" md="5">
                                    <label value="1000 тенге за каждую активную карту" css="font-size: 120%; "/>
                                </col>
                            </row>
                            <row>
                                <col sm="4" md="1">
                                    <label value="3" css="font-size: 120%; "/>
                                </col>
                                <col sm="4" md="5">
                                    <label value="Black Edition" css="font-size: 120%; "/>
                                </col>
                                <col sm="4" md="5">
                                    <label value="700 тенге за каждую активную карту" css="font-size: 120%; "/>
                                </col>
                            </row>
                            <row>
                                <col sm="4" md="1">
                                    <label value="4" css="font-size: 120%; "/>
                                </col>
                                <col sm="4" md="5">
                                    <label value="Visa Platinum, Infinity" css="font-size: 120%; "/>
                                </col>
                                <col sm="4" md="5">
                                    <label value="500 тенге за каждую активную карту" css="font-size: 120%; "/>
                                </col>
                            </row>

                            <row>
                                <col sm="6" md="10">
                                    <label value="Активной кредитной картой считается карта, по которой была произведена любая расходная операция в течение трех месяцев с момента выпуска карты."/>
                                </col>
                            </row>


                        </responsiveGridLayout>
                    </flowBox>
                </tab>

                <tab caption="Штрафы"
                     id="tab_2" spacing="true"
                     margin="true,false,false,false"
                     icon="USERS">
                    <flowBox width="100%">
                        <responsiveGridLayout stylename="demo">
                            <row>
                                <col sm="6" md="1">
                                    <label value="#" css="font-size: 120%; "/>
                                </col>
                                <col sm="6" md="7">
                                    <label value="SPD% +7" css="font-size: 150%; "/>
                                </col>
                                <col sm="6" md="3">
                                    <label value="% Штрафа" css="font-size: 150%; "/>
                                </col>
                            </row>
                            <row>
                                <col sm="4" md="1">
                                    <label value="1" css="font-size: 120%; "/>
                                </col>
                                <col sm="4" md="7">
                                    <label value="4%" css="font-size: 120%; "/>
                                </col>
                                <col sm="4" md="3">
                                    <label value="	0%" css="font-size: 120%; "/>
                                </col>
                            </row>
                            <row>
                                <col sm="4" md="1">
                                    <label value="2" css="font-size: 120%; "/>
                                </col>
                                <col sm="4" md="7">
                                    <label value='4%-7%' css="font-size: 120%; "/>
                                </col>
                                <col sm="4" md="3">
                                    <label value="25%" css="font-size: 120%; "/>
                                </col>
                            </row>
                            <row>
                                <col sm="4" md="1">
                                    <label value="3" css="font-size: 120%; "/>
                                </col>
                                <col sm="4" md="7">
                                    <label value='7%-10%' css="font-size: 120%; "/>
                                </col>
                                <col sm="4" md="3">
                                    <label value="50%" css="font-size: 120%; "/>
                                </col>
                            </row>
                            <row>
                                <col sm="4" md="1">
                                    <label value="4" css="font-size: 120%; "/>
                                </col>
                                <col sm="4" md="7">
                                    <label value='>10%' css="font-size: 120%; "/>
                                </col>
                                <col sm="4" md="3">
                                    <label value="100%" css="font-size: 120%; "/>
                                </col>
                            </row>
                        </responsiveGridLayout>
                    </flowBox>
                </tab>
            </tabSheet>
        </scrollBox>
    </layout>
</window>