<?xml version="1.0" encoding="UTF-8" standalone="no"?>
<window xmlns="http://jmix.io/schema/ui/window"
        caption="msg://kpiGoalAttachmentEdit.caption"
        focusComponent="form">
    <data>
        <instance id="kpiGoalAttachmentDc"
                  class="kz.eub.kpi.entity.kpi.KpiGoalAttachment">
            <fetchPlan extends="_base"/>
            <loader/>
        </instance>
    </data>
    <facets>
        <dataLoadCoordinator auto="true"/>
        <screenSettings id="settingsFacet" auto="true"/>
    </facets>
    <actions>
        <action id="windowCommitAndClose" caption="msg:///actions.Ok"
                icon="EDITOR_OK"
                primary="true"
                shortcut="${COMMIT_SHORTCUT}"/>
        <action id="windowClose"
                caption="msg:///actions.Close"
                icon="EDITOR_CANCEL"/>
    </actions>
    <dialogMode height="AUTO"
                width="AUTO"
                modal="true"
                forceDialog="true"/>
    <layout spacing="true" expand="formBox">
        <vbox id="formBox" spacing="true">
            <form id="form" dataContainer="kpiGoalAttachmentDc">
                <column width="350px">
                    <textField id="snField" property="sn" editable="false"/>
                    <fileStorageUpload id="attachmentFileField" property="attachmentFile"
                                       fileSizeLimit="5242880"
                                       accept=".jpg, .jpeg, .svg, .png, .pdf, .doc, .docx, .xls, .xlsx"/>
                    <textArea id="infoField" property="info"/>
                </column>
            </form>
        </vbox>
        <hbox id="editActions" spacing="true">
            <button id="commitAndCloseBtn" action="windowCommitAndClose"/>
            <button id="closeBtn" action="windowClose"/>
        </hbox>
    </layout>
</window>
