<?xml version="1.0" encoding="UTF-8" standalone="no"?>
<window xmlns="http://jmix.io/schema/ui/window"
        caption="msg://triggerDictionaryEdit.caption"
        focusComponent="form">
    <data>
        <instance id="triggerDictionaryDc"
                  class="kz.eub.rm.entity.dwh.TriggerDictionary">
            <fetchPlan extends="_base"/>
            <loader/>
        </instance>
    </data>
    <facets>
        <dataLoadCoordinator auto="true"/>
        <screenSettings id="settingsFacet" auto="true"/>
    </facets>
    <actions>
        <action id="windowCommitAndClose" caption="msg:///actions.Ok"
                icon="EDITOR_OK"
                primary="true"
                shortcut="${COMMIT_SHORTCUT}"/>
        <action id="windowClose"
                caption="msg:///actions.Close"
                icon="EDITOR_CANCEL"/>
    </actions>
    <dialogMode height="600"
                width="800"/>
    <layout spacing="true" expand="scrollBox">
        <scrollBox id="scrollBox" spacing="true">
            <form id="form" dataContainer="triggerDictionaryDc">
                <column width="350px">
                    <textField id="codeField" property="code"/>
                    <textField id="nameField" property="name"/>
                    <checkBox id="isActualField" property="isActual"/>
                    <dateField id="startDateField" property="startDate"/>
                    <dateField id="endDateField" property="endDate"/>
                    <checkBox id="isFlField" property="isFl"/>
                    <checkBox id="isUlField" property="isUl"/>
                    <checkBox id="td_uniformField" property="isUniform"/>
                    <checkBox id="td_non_uniformField" property="isNonUniform"/>
                    <textField id="basketField" property="basket"/>
                    <comboBox id="definitionLevelField" property="definitionLevel"/>
                    <comboBox id="triggerType" property="triggerType"/>
                </column>
            </form>
        </scrollBox>
        <hbox id="editActions" spacing="true">
            <button id="commitAndCloseBtn" action="windowCommitAndClose"/>
            <button id="closeBtn" action="windowClose"/>
        </hbox>
    </layout>
</window>
