<?xml version="1.0" encoding="UTF-8" standalone="no"?>
<window xmlns="http://jmix.io/schema/ui/window"
        caption="Создать награду">
    <data>
        <instance id="awardDc"
                  class="kz.eub.kpi.entity.Award">
            <fetchPlan extends="_base">
                <property name="awardType" fetchPlan="_base"/>
                <property name="employee" fetchPlan="_instance_name"/>
            </fetchPlan>
            <loader/>
        </instance>
    </data>
    <facets>
        <dataLoadCoordinator auto="true"/>
        <screenSettings id="settingsFacet" auto="true"/>
    </facets>
    <actions>
        <action id="windowCommitAndClose" caption="msg:///actions.Ok"
                icon="EDITOR_OK"
                primary="true"
                shortcut="${COMMIT_SHORTCUT}"/>
        <action id="windowClose"
                caption="msg:///actions.Close"
                icon="EDITOR_CANCEL"/>
    </actions>
    <dialogMode height="600"
                width="800" forceDialog="true"/>
    <layout spacing="true" expand="createActions">
        <form id="form" dataContainer="awardDc">
            <column width="350px">
                <textField id="titleField" property="title" caption="Название"/>
                <textField id="descriptionField" property="description" caption="Описание"/>
                <textField id="pointField" datatype="double" property="points" caption="Количество начисленяемых баллов авторитета"/>
            </column>
        </form>
        <hbox id="createActions" spacing="true">
            <button id="commitAndCloseBtn" action="windowCommitAndClose"/>
            <button id="closeBtn" action="windowClose"/>
        </hbox>
    </layout>
</window>
