<?xml version="1.0" encoding="UTF-8" standalone="no"?>
<window xmlns="http://jmix.io/schema/ui/window"
        xmlns:c="http://jmix.io/schema/ui/jpql-condition"
        caption="msg://awardBrowse.caption">
    <data readOnly="true">
        <collection id="awardsDc"
                    class="kz.eub.kpi.entity.Award">
            <fetchPlan extends="_base">
                <property name="awardType" fetchPlan="_base"/>
                <property name="employee" fetchPlan="_instance_name"/>
            </fetchPlan>
            <loader id="awardsDl">
                <query>
                    <![CDATA[select e from kpi_Award e]]>
                </query>
            </loader>
        </collection>
    </data>
    <facets>
        <dataLoadCoordinator auto="true"/>
        <screenSettings id="settingsFacet" auto="true"/>
    </facets>
    <actions>
        <action id="lookupSelectAction"
                caption="msg:///actions.Select"
                icon="LOOKUP_OK"
                primary="true"
                shortcut="${COMMIT_SHORTCUT}"/>
        <action id="lookupCancelAction"
                caption="msg:///actions.Cancel"
                icon="LOOKUP_CANCEL"/>
    </actions>
    <dialogMode height="600"
                width="800"/>
    <layout spacing="false"  height="100%" >
        <flowBox id="formId" height="100%" align="TOP_CENTER" width="100%" spacing="false" responsive="true">
            <hbox height="100px" align="MIDDLE_LEFT" margin="left:10px">
                <label align="MIDDLE_CENTER" value="Всего наград: " css="font-size:150%"/>
                <label value="" id="awardCount" align="MIDDLE_CENTER" css="font-size:150%"/>
                <vbox width="20"/>
                <button id="newAwardBtn" caption=" + Новая награда" align="MIDDLE_CENTER"/>
            </hbox>
        </flowBox>
    </layout>
</window>
