<?xml version="1.0" encoding="UTF-8" standalone="no"?>
<window xmlns="http://jmix.io/schema/ui/window"
        xmlns:c="http://jmix.io/schema/ui/jpql-condition"
        caption="msg://applicationBrowse.caption"
        focusComponent="applicationsTable">
    <data readOnly="true">
        <collection id="applicationsDc"
                    class="kz.eub.kpi.entity.Application">
            <fetchPlan extends="_base">
                <property name="author" fetchPlan="_base"/>
                <property name="name"/>
            </fetchPlan>
            <loader id="applicationsDl">
                <query>
                    <![CDATA[select e from kpi_Application e]]>
                </query>
            </loader>
        </collection>
    </data>
    <facets>
        <dataLoadCoordinator auto="true"/>
        <screenSettings id="settingsFacet" auto="true"/>
    </facets>
    <actions>
        <action id="lookupSelectAction"
                caption="msg:///actions.Select"
                icon="LOOKUP_OK"
                primary="true"
                shortcut="${COMMIT_SHORTCUT}"/>
        <action id="lookupCancelAction"
                caption="msg:///actions.Cancel"
                icon="LOOKUP_CANCEL"/>
    </actions>
    <dialogMode height="600"
                width="800"/>
    <layout expand="applicationsTable" spacing="true">
        <filter id="filter"
                dataLoader="applicationsDl">
            <properties include=".*"/>
        </filter>
        <groupTable id="applicationsTable"
                    width="100%"
                    dataContainer="applicationsDc">
            <actions>
                <action id="view" type="view" shortcut="F3"/>
            </actions>
            <columns>
                <column id="name"/>
                <column id="sn"/>
                <column id="author"/>
                <column id="date"/>
                <column id="status"/>
                <column id="info"/>
            </columns>
            <simplePagination/>
            <buttonsPanel id="buttonsPanel"
                          alwaysVisible="true">
                <button id="viewBtn" action="applicationsTable.view"/>
            </buttonsPanel>
        </groupTable>
        <hbox id="lookupActions" spacing="true" visible="false">
            <button action="lookupSelectAction"/>
            <button action="lookupCancelAction"/>
        </hbox>
    </layout>
</window>
