<?xml version="1.0" encoding="UTF-8" standalone="no"?>
<window xmlns="http://jmix.io/schema/ui/window"
        xmlns:c="http://jmix.io/schema/ui/jpql-condition"
        caption="msg://applicationTaskBrowse.caption"
        focusComponent="tasksTabSheet">
    <data readOnly="true">
        <collection id="activeTasksApplicationsDc"
                    class="kz.eub.kpi.entity.Application"/>
        <collection id="historicTasksApplicationsDc"
                    class="kz.eub.kpi.entity.Application"/>
    </data>
    <facets>
        <screenSettings id="settingsFacet" auto="true"/>
    </facets>
    <actions>
        <action id="lookupSelectAction"
                caption="msg:///actions.Select"
                icon="LOOKUP_OK"
                primary="true"
                shortcut="${COMMIT_SHORTCUT}"/>
        <action id="lookupCancelAction"
                caption="msg:///actions.Cancel"
                icon="LOOKUP_CANCEL"/>
    </actions>
    <dialogMode height="600"
                width="800"/>
    <layout expand="tasksTabSheet" spacing="true">
        <groupBox width="100%" spacing="true" orientation="horizontal">
            <hbox spacing="true">
                <textField id="snFld" caption="msg://sn" width="200px"/>
                <textField id="fioFld" caption="msg://fio" width="350px"/>
            </hbox>
        </groupBox>
        <tabSheet id="tasksTabSheet">
            <tab id="activeTasksTab" expand="activeTasksTable"
                 margin="true,false,false,false"
                 caption="msg://activeTasksTab">
                <groupTable id="activeTasksTable"
                            width="100%"
                            dataContainer="activeTasksApplicationsDc">
                    <actions>
                        <action id="view" type="view" shortcut="F3"/>
                    </actions>
                    <columns>
                        <column id="name"/>
                        <column id="sn"/>
                        <column id="author"/>
                        <column id="date"/>
                        <column id="status"/>
                        <column id="info"/>
                    </columns>
                    <simplePagination/>
                    <buttonsPanel id="buttonsPanel"
                                  alwaysVisible="true">
                        <button id="viewBtn" action="activeTasksTable.view"/>
                    </buttonsPanel>
                </groupTable>
            </tab>
            <tab id="historicTasksTab" expand="historicTasksTable"
                 margin="true,false,false,false"
                 caption="msg://historicTab">
                <groupTable id="historicTasksTable"
                            width="100%"
                            dataContainer="historicTasksApplicationsDc">
                    <actions>
                        <action id="view" type="view" shortcut="F3"/>
                    </actions>
                    <columns>
                        <column id="name"/>
                        <column id="sn"/>
                        <column id="author"/>
                        <column id="date"/>
                        <column id="status"/>
                        <column id="info"/>
                    </columns>
                    <simplePagination/>
                    <buttonsPanel id="historicButtonsPanel"
                                  alwaysVisible="true">
                        <button id="historicViewBtn" action="historicTasksTable.view"/>
                    </buttonsPanel>
                </groupTable>
            </tab>

        </tabSheet>

        <hbox id="lookupActions" spacing="true" visible="false">
            <button action="lookupSelectAction"/>
            <button action="lookupCancelAction"/>
        </hbox>
    </layout>
</window>
