<?xml version="1.0" encoding="UTF-8" standalone="no"?>
<window xmlns="http://jmix.io/schema/ui/window"
        caption="msg://dictSubErrorBrowse.caption"
        focusComponent="dictSubErrorsTable">
    <data readOnly="true">
        <collection id="dictSubErrorsDc"
                    class="kz.eub.report360.entity.DictSubError">
            <fetchPlan extends="_base">
                <property name="dseErrg" fetchPlan="_base"/>
            </fetchPlan>
            <loader id="dictSubErrorsDl">
                <query>
                    <![CDATA[select e from r360_DictSubError e]]>
                </query>
            </loader>
        </collection>
    </data>
    <facets>
        <dataLoadCoordinator auto="true"/>
        <screenSettings id="settingsFacet" auto="true"/>
    </facets>
    <actions>
        <action id="lookupSelectAction"
                caption="msg:///actions.Select"
                icon="LOOKUP_OK"
                primary="true"
                shortcut="${COMMIT_SHORTCUT}"/>
        <action id="lookupCancelAction"
                caption="msg:///actions.Cancel"
                icon="LOOKUP_CANCEL"/>
    </actions>
    <dialogMode height="600"
                width="800"/>
    <layout expand="dictSubErrorsTable" spacing="true">
        <filter id="filter"
                dataLoader="dictSubErrorsDl">
            <properties include=".*"/>
        </filter>
        <groupTable id="dictSubErrorsTable"
                    width="100%"
                    dataContainer="dictSubErrorsDc">
            <actions>
                <action id="create" type="create"/>
                <action id="edit" type="edit"/>
                <action id="remove" type="remove"/>
                <action id="excelExport" type="excelExport"/>
                <action id="jsonExport" type="jsonExport"/>
            </actions>
            <columns>
                <column id="dseErrg"/>
                <column id="dseName"/>
            </columns>
            <simplePagination itemsPerPageUnlimitedOptionVisible="true" itemsPerPageVisible="true"/>
            <buttonsPanel id="buttonsPanel"
                          alwaysVisible="true">
                <button id="createBtn" action="dictSubErrorsTable.create"/>
                <button id="editBtn" action="dictSubErrorsTable.edit"/>
                <button id="removeBtn" action="dictSubErrorsTable.remove"/>
                <button id="excelExportBtn" action="dictSubErrorsTable.excelExport"/>
                <button id="jsonExportBtn" action="dictSubErrorsTable.jsonExport"/>
            </buttonsPanel>
        </groupTable>
        <hbox id="lookupActions" spacing="true" visible="false">
            <button action="lookupSelectAction"/>
            <button action="lookupCancelAction"/>
        </hbox>
    </layout>
</window>
