<?xml version="1.0" encoding="UTF-8" standalone="no"?>
<window xmlns="http://jmix.io/schema/ui/window"
        caption="msg://pozDictionaryEdit.caption"
        focusComponent="form">
    <data>
        <instance id="pozDictionaryDc"
                  class="kz.eub.rm.entity.dwh.PozDictionary">
            <fetchPlan extends="_base">
            </fetchPlan>
            <loader/>
        </instance>
        <collection id="dictSourcesCd" class="kz.eub.rm.entity.dwh.SourceSystemsDictionary">
            <fetchPlan extends="_base"/>
            <loader id="dictSourcesDl">
                <query>
                    <![CDATA[select e from rm_SourceSystemsDictionary e  ]]>
                </query>
            </loader>
        </collection>
    </data>
    <facets>
        <dataLoadCoordinator auto="true"/>
        <screenSettings id="settingsFacet" auto="true"/>
    </facets>
    <actions>
        <action id="windowCommitAndClose" caption="msg:///actions.Ok"
                icon="EDITOR_OK"
                primary="true"
                shortcut="${COMMIT_SHORTCUT}"/>
        <action id="windowClose"
                caption="msg:///actions.Close"
                icon="EDITOR_CANCEL"/>
    </actions>
    <dialogMode height="600"
                width="800"/>
    <layout spacing="true" expand="editActions">
        <form id="form" dataContainer="pozDictionaryDc">
            <column width="350px">
                <textArea id="pozNameField" property="pozName" rows="5"/>
                <checkBox id="isMortgageField" property="isMortgage"/>
            </column>
        </form>
        <hbox id="editActions" spacing="true">
            <button id="commitAndCloseBtn" action="windowCommitAndClose"/>
            <button id="closeBtn" action="windowClose"/>
        </hbox>
    </layout>
</window>
