<?xml version="1.0" encoding="UTF-8" standalone="no"?>
<window xmlns="http://jmix.io/schema/ui/window"
        xmlns:dynattr="http://jmix.io/schema/dynattr/ui"
        caption="msg://archiveReloadDayForJobEdit.caption"
        focusComponent="form">
    <data>
        <instance id="archiveReloadDayForJobDc"
                  class="kz.eub.report360.entity.ArchiveReloadDayForJob">
            <fetchPlan extends="_base"/>
            <loader/>
        </instance>
    </data>
    <facets>
        <dataLoadCoordinator auto="true"/>
        <dynattr:dynamicAttributes/>
        <screenSettings id="settingsFacet" auto="true"/>
    </facets>
    <actions>
        <action id="windowCommitAndClose" caption="msg:///actions.Ok"
                icon="EDITOR_OK"
                primary="true"
                shortcut="${COMMIT_SHORTCUT}"/>
        <action id="windowClose"
                caption="msg:///actions.Close"
                icon="EDITOR_CANCEL"/>
    </actions>
    <dialogMode height="600"
                width="800"/>
    <layout spacing="true" expand="editActions">
        <form id="form" dataContainer="archiveReloadDayForJobDc">
            <column width="350px">
                <dateField id="archDateField" property="archDate"/>
                <dateField id="updateDatetimeField" property="updateDatetime" visible="false"/>
                <textField id="usersField" property="username" visible="false"/>
            </column>
        </form>
        <hbox id="editActions" spacing="true">
            <button id="commitAndCloseBtn" primary="true" caption="OK"/>
            <button id="closeBtn" action="windowClose"/>
        </hbox>
    </layout>
</window>
