<?xml version="1.0" encoding="UTF-8" standalone="no"?>
<window xmlns="http://jmix.io/schema/ui/window"
        xmlns:c="http://jmix.io/schema/ui/jpql-condition"
        xmlns:dynattr="http://jmix.io/schema/dynattr/ui"
        caption="msg://archiveReloadDayForJobBrowse.caption"
        focusComponent="archiveReloadDayForJobsTable">
    <data readOnly="true">
        <collection id="archiveReloadDayForJobsDc"
                    class="kz.eub.report360.entity.ArchiveReloadDayForJob">
            <fetchPlan extends="_base"/>
            <loader id="archiveReloadDayForJobsDl">
                <query>
                    <![CDATA[select e from r360_ArchiveReloadDayForJob e]]>
                </query>
            </loader>
        </collection>
    </data>
    <facets>
        <dataLoadCoordinator auto="true"/>
        <dynattr:dynamicAttributes/>
        <screenSettings id="settingsFacet" auto="true"/>
    </facets>
    <actions>
        <action id="lookupSelectAction"
                caption="msg:///actions.Select"
                icon="LOOKUP_OK"
                primary="true"
                shortcut="${COMMIT_SHORTCUT}"/>
        <action id="lookupCancelAction"
                caption="msg:///actions.Cancel"
                icon="LOOKUP_CANCEL"/>
    </actions>
    <dialogMode height="600"
                width="800"/>
    <layout expand="archiveReloadDayForJobsTable" spacing="true">
        <filter id="filter"
                dataLoader="archiveReloadDayForJobsDl">
            <properties include=".*"/>
        </filter>
        <table id="archiveReloadDayForJobsTable"
               width="100%"
               dataContainer="archiveReloadDayForJobsDc">
            <actions>
                <action id="create" type="create"/>
                <action id="edit" type="edit"/>
                <action id="remove" type="remove"/>
            </actions>
            <columns>
                <column id="archDate"/>
                <column id="updateDatetime"/>
                <column id="username"/>
            </columns>
            <simplePagination/>
            <buttonsPanel id="buttonsPanel"
                          alwaysVisible="true">
                <button id="createBtn" action="archiveReloadDayForJobsTable.create"/>
                <button id="editBtn" action="archiveReloadDayForJobsTable.edit"/>
                <button id="removeBtn" action="archiveReloadDayForJobsTable.remove"/>
            </buttonsPanel>
        </table>
        <hbox id="lookupActions" spacing="true" visible="false">
            <button action="lookupSelectAction"/>
            <button action="lookupCancelAction"/>
        </hbox>
    </layout>
</window>
