<?xml version="1.0" encoding="UTF-8" standalone="no"?>
<window xmlns="http://jmix.io/schema/ui/window"
        caption="msg://accountsBrowse.caption"
        focusComponent="accountsesTable">
    <data readOnly="true">
        <collection id="accountsesDc"
                    class="kz.eub.kpi.entity.Accounts">
            <fetchPlan extends="_base">
                <property name="profileId" fetchPlan="_base"/>
            </fetchPlan>
            <loader id="accountsesDl">
                <query>
                    <![CDATA[select e from kpi_Accounts e]]>
                </query>
            </loader>
        </collection>
    </data>
    <facets>
        <dataLoadCoordinator auto="true"/>
        <screenSettings id="settingsFacet" auto="true"/>
    </facets>
    <actions>
        <action id="lookupSelectAction"
                caption="msg:///actions.Select"
                icon="LOOKUP_OK"
                primary="true"
                shortcut="${COMMIT_SHORTCUT}"/>
        <action id="lookupCancelAction"
                caption="msg:///actions.Cancel"
                icon="LOOKUP_CANCEL"/>
    </actions>
    <dialogMode height="600"
                width="800"/>
    <layout expand="accountsesTable" spacing="true">
        <filter id="filter"
                dataLoader="accountsesDl">
            <properties include=".*"/>
        </filter>
        <groupTable id="accountsesTable"
                    width="100%"
                    dataContainer="accountsesDc">
            <actions>
                <action id="create" type="create"/>
                <action id="edit" type="edit"/>
                <action id="remove" type="remove"/>
            </actions>
            <columns>
                <column id="stateId"/>
                <column id="identityProperty"/>
                <column id="credentialProperty"/>
                <column id="email"/>
                <column id="createdAt"/>
                <column id="updatedAt"/>
                <column id="profileId"/>
            </columns>
            <simplePagination/>
            <buttonsPanel id="buttonsPanel"
                          alwaysVisible="true">
                <button id="createBtn" action="accountsesTable.create"/>
                <button id="editBtn" action="accountsesTable.edit"/>
                <button id="removeBtn" action="accountsesTable.remove"/>
            </buttonsPanel>
        </groupTable>
        <hbox id="lookupActions" spacing="true" visible="false">
            <button action="lookupSelectAction"/>
            <button action="lookupCancelAction"/>
        </hbox>
    </layout>
</window>
