<?xml version="1.0" encoding="UTF-8" standalone="no"?>
<window xmlns="http://jmix.io/schema/ui/window"
        caption="msg://accountsEdit.caption"
        focusComponent="form">
    <data>
        <instance id="accountsDc"
                  class="kz.eub.kpi.entity.Accounts">
            <fetchPlan extends="_base">
                <property name="profileId" fetchPlan="_base"/>
            </fetchPlan>
            <loader/>
            <instance id="profile_idDc" property="profileId"/>
        </instance>
    </data>
    <facets>
        <dataLoadCoordinator auto="true"/>
        <screenSettings id="settingsFacet" auto="true"/>
    </facets>
    <actions>
        <action id="windowCommitAndClose" caption="msg:///actions.Ok"
                icon="EDITOR_OK"
                primary="true"
                shortcut="${COMMIT_SHORTCUT}"/>
        <action id="windowClose"
                caption="msg:///actions.Close"
                icon="EDITOR_CANCEL"/>
    </actions>
    <dialogMode height="600"
                width="800"/>
    <layout spacing="true" expand="editActions">
        <form id="form" dataContainer="accountsDc">
            <column width="350px">
                <textField id="state_idField" property="stateId"/>
                <textField id="identity_propertyField" property="identityProperty"/>
                <textField id="credential_propertyField" property="credentialProperty"/>
                <textField id="emailField" property="email"/>
                <dateField id="created_atField" property="createdAt"/>
                <dateField id="updated_atField" property="updatedAt"/>
                <entityPicker id="profile_idField" property="profileId">
                    <actions>
                        <action id="entityOpenComposition" type="entity_openComposition"/>
                        <action id="entityClear" type="entity_clear"/>
                    </actions>
                </entityPicker>
            </column>
        </form>
        <hbox id="editActions" spacing="true">
            <button id="commitAndCloseBtn" action="windowCommitAndClose"/>
            <button id="closeBtn" action="windowClose"/>
        </hbox>
    </layout>
</window>
