<?xml version="1.0" encoding="UTF-8" standalone="no"?>
<window xmlns="http://jmix.io/schema/ui/window"
        caption="msg://bonusReportDashboard.caption">
    <data >
        <collection id="kpiRatingDc"
                    class="kz.eub.kpi.entity.DuelContest"/>

        <collection id="kpiBonusVisitDc"
                    class="kz.eub.kpi.entity.AccountVisits"/>
    </data>
    <dialogMode forceDialog="true" width="1400" height="1000"/>
    <layout>
        <scrollBox contentMinWidth="600px"
                   contentMinHeight="200px"
                   height="100%"
                   width="100%">
            <groupTable id="ratingUserTable"
                        width="100%" multiselect="true"
                        dataContainer="kpiRatingDc">
                <columns>
                    <column id="id" caption="Id операции"/>
                    <column id="created_date" caption="Дата"/>
                    <column id="winnerStaff.employee.fullName" caption="Фио"/>
                    <column id="winnerStaff" caption="Id пользователя"/>
                    <column id="duelId.points" caption="Количество баллов"/>
                    <column id="duelId.type" caption="Описание операции"/>
                </columns>
                <actions>
                    <action id="excel" caption="Export" type="excelExport" icon="font-icon:SAVE"/>
                </actions>
                <buttonsPanel alwaysVisible="true">
                    <button action="ratingUserTable.excel"/>
                </buttonsPanel>
            </groupTable>
            <groupTable id="userVisitTable"
                        width="100%" multiselect="true"
                        dataContainer="kpiBonusVisitDc">
                <columns>
                    <column id="visited_at" caption="Дата" />
                    <column id="fio" caption="ФИО"/>
                    <column id="accountId" caption="Табельный номер"/>
                    <column id="position" caption="Должность"/>
                    <column id="department" caption="Отдел"/>
                    <column id="branch" caption="Филиал"/>
                </columns>
                <actions>
                    <action id="excel" caption="Export" type="excelExport" icon="font-icon:SAVE"/>
                </actions>
                <buttonsPanel alwaysVisible="true">
                    <button action="userVisitTable.excel"/>
                </buttonsPanel>
            </groupTable>
            <groupTable id="duelTable"
                        width="100%" multiselect="true"
                        dataContainer="kpiRatingDc">
                <columns>
                    <column id="duelId.title" caption="Наименование"/>
                    <column id="contester.employee.fullName" caption="Инициатор"/>
                    <column id="opponent.employee.fullName" caption="Оппонент"/>
                    <column id="winnerStaff.employee.fullName" caption="Победитель"/>
                    <column id="duelId.points" caption="Количество баллов авторитета"/>
                    <column id="created_date" caption="Дата"/>
                </columns>
                <actions>
                    <action id="excelExport2" type="excelExport"/>
                </actions>
            </groupTable>
        </scrollBox>
    </layout>
</window>