<?xml version="1.0" encoding="UTF-8" standalone="no"?>
<window xmlns="http://jmix.io/schema/ui/window"
        caption="msg://liquidityCoefficientDictionaryEdit.caption"
        focusComponent="form">
    <data>
        <instance id="liquidityCoefficientDictionaryDc"
                  class="kz.eub.rm.entity.dwh.LiquidityCoefficientDictionary">
            <fetchPlan extends="_base">
                <property name="changerUser" fetchPlan="_base"/>
            </fetchPlan>
            <loader/>
        </instance>
    </data>
    <facets>
        <dataLoadCoordinator auto="true"/>
        <screenSettings id="settingsFacet" auto="true"/>
    </facets>
    <actions>
        <action id="windowCommitAndClose" caption="msg:///actions.Ok"
                icon="EDITOR_OK"
                primary="true"
                shortcut="${COMMIT_SHORTCUT}"/>
        <action id="windowClose"
                caption="msg:///actions.Close"
                icon="EDITOR_CANCEL"/>
    </actions>
    <dialogMode height="600"
                width="800"/>
    <layout spacing="true" expand="editActions">
        <form id="form" dataContainer="liquidityCoefficientDictionaryDc">
            <column width="350px">
                <textField id="pledgeTypeField" property="pledgeType" editable="false"/>
                <textField id="liquidityRatioField" property="liquidityRatio"/>
                <textField id="nameField" property="name"/>
                <textField id="fullNameField" property="fullName"/>
                <checkBox id="isActualField" property="isActual"/>
                <textField id="discountingTermMonthsField" property="discountingTermMonths"/>
                <dateField id="startDateField" property="startDate"/>
                <dateField id="endDateField" property="endDate"/>
            </column>
        </form>
        <hbox id="editActions" spacing="true">
            <button id="commitAndCloseBtn" action="windowCommitAndClose"/>
            <button id="closeBtn" action="windowClose"/>
        </hbox>
    </layout>
</window>
