<?xml version="1.0" encoding="UTF-8" standalone="no"?>
<window xmlns="http://jmix.io/schema/ui/window"
        caption="msg://profileScreen.caption" focusComponent="form">
    <data>
        <instance id="employeeDc"
                  class="kz.eub.kpi.entity.Employee">
            <fetchPlan extends="_base">
                <property fetchPlan="_base" name="position">
                </property>
                <property fetchPlan="_base" name="supervisor"/>
                <property fetchPlan="_base" name="leader"/>
                <property fetchPlan="_base" name="department">
                    <property name="fullName"/>
                    <property name="parentFunctional"/>
                </property>
                <property fetchPlan="_base" name="orgUnit"/>
                <property fetchPlan="_base" name="competencies"/>
                <property fetchPlan="_base" name="devPlans"/>
                <property fetchPlan="_base" name="interAssessmentMeetings"/>
                <property name="groupType" fetchPlan="_base"/>
                <property name="functionalManager" fetchPlan="_base"/>
            </fetchPlan>
            <loader/>
            <collection id="competenciesDc" property="competencies"/>
            <collection id="devPlansDc" property="devPlans"/>
            <collection id="interAssessmentMeetingsDc" property="interAssessmentMeetings"/>
        </instance>
        <collection id="employeesDc" class="kz.eub.kpi.entity.Employee"/>
        <collection id="kpiResultsDc" class="kz.eub.kpi.entity.kpi.KpiResult"/>
        <collection id="kpiCardsDc" class="kz.eub.kpi.entity.kpi.KpiCard"/>
        <collection id="kpiApplicationsDc" class="kz.eub.kpi.entity.kpi.KpiCard"/>
    </data>
    <facets>
        <dataLoadCoordinator auto="true"/>
        <screenSettings id="settingsFacet" auto="true"/>
    </facets>
    <layout spacing="true" expand="tabSheet">
        <label htmlEnabled="true"
               value="msg://profileScreen.caption"
               stylename="h2 bold"
               icon="ADDRESS_CARD_O"/>
            <groupBox id="formBox"
                      caption="msg://kz.eub.kpi.screen.employee/personalData"
                      orientation="horizontal" spacing="true"
                      collapsable="true"
                      width="100%">
                <form id="form" box.expandRatio="0.75"
                      dataContainer="employeeDc"
                      responsive="true">
                    <column width="300px">
                        <textField id="fullNameField" property="fullName" editable="false"/>
                        <dateField id="birthDateField" property="birthDate" editable="false"/>
                        <comboBox id="genderField" property="gender" editable="false"/>
                        <textField id="gradeField" property="grade" editable="false"/>
                        <textField id="emailField" property="email" editable="false"/>
                        <entityPicker id="positionField" property="position" editable="false"/>
                        <textField id="payrollNumberField" property="payrollNumber" editable="false"/>
                        <dateField id="startDateField" property="startDate" editable="false"/>
                        <textField id="grouptTypeField" property="groupType" editable="false"/>
                    </column>
                    <column width="35px"><label/></column>
                    <column width="300px">
                        <textArea id="departmentField" property="department.fullName" rowspan="3" editable="false"/>
                        <textField id="branchField" property="department.branch" editable="false"/>
                        <entityPicker id="supervisorField" property="supervisor">
                            <actions>
                                <action id="entity_lookup" type="entity_lookup"/>
                            </actions>
                        </entityPicker>
                        <entityPicker id="leaderField" property="leader">
                            <actions>
                                <action id="entity_lookup" type="entity_lookup"/>
                            </actions>
                        </entityPicker>
                        <entityPicker id="functionalManagerField"
                                      property="functionalManager">
                            <actions>
                                <action id="entity_lookup" type="entity_lookup"/>
                                <action id="value_clear" type="value_clear"/>
                            </actions>
                        </entityPicker>
                        <fileStorageUpload id="photoField" property="photo" editable="true" accept="*.jpg,*.png,*.svg"/>
                        <dateField id="hireDateField" property="hireDate" editable="false"/>
                    </column>
                </form>
                <image id="photo"
                       css="border: 1px solid #ccc;border-radius: 12px;"
                       dataContainer="employeeDc"
                       property="photo"
                       align="TOP_RIGHT"
                       height="400px"
                       scaleMode="COVER"
                       width="200px"
                       responsive="true" />
            </groupBox>
        <tabSheet id="tabSheet">
            <tab caption="msg://kz.eub.kpi.screen.employee/employeesBox.caption"
                 id="tab_1" spacing="true"
                 margin="true,false,false,false"
                 expand="accountablesBox"
                 icon="USERS">
                <groupBox id="accountablesBox"
                          orientation="horizontal"
                          spacing="true" expand="accountablesTable">
                    <groupTable id="accountablesTable"
                           height="100%"
                           dataContainer="employeesDc">
                        <actions>
                            <action id="view" type="view"/>
                            <action id="excelExport" type="excelExport"/>
                        </actions>
                        <buttonsPanel>
                            <button id="accountablesTableViewBtn" action="accountablesTable.view"/>
                            <button id="accountablesTableExcelExportBtn" action="accountablesTable.excelExport"/>
                        </buttonsPanel>
                        <columns>
                            <column id="department"/>
                            <column id="fullName"/>
                            <column id="position"/>
                            <column id="groupType"/>
                            <column id="currentKpiResult"/>
                            <column id="orgUnit"/>
                        </columns>
                        <simplePagination itemsPerPageUnlimitedOptionVisible="true" itemsPerPageVisible="true"/>
                    </groupTable>
                </groupBox>
            </tab>
            <tab caption="msg://goalsBox.caption"
                 id="tab_2" spacing="true"
                 margin="true,false,false,false"
                 expand="goalsBox"
                 icon="FILE_TEXT">
                <groupBox id="goalsBox"
                          orientation="horizontal"
                          spacing="true"
                          expand="kpiCardsTable">
                    <table id="kpiCardsTable" height="100%"
                           contextMenuEnabled="false"
                           dataContainer="kpiCardsDc">
                        <actions>
                            <action id="create" type="create">
                                <properties>
                                    <property name="screenId" value="kpi_KpiCard.edit"/>
                                </properties>
                            </action>
                            <action id="edit" type="edit">
                                <properties>
                                    <property name="screenId" value="kpi_KpiCard.edit"/>
                                </properties>
                            </action>
                            <action id="remove" type="remove"/>
                            <action id="view" type="view">
                                <properties>
                                    <property name="screenId" value="kpi_KpiCard.view"/>
                                </properties>
                            </action>
                        </actions>
                        <buttonsPanel alwaysVisible="true">
                            <button id="kpiCardsTableCreateBtn" action="kpiCardsTable.create"/>
                            <button id="kpiCardsTableEditBtn" action="kpiCardsTable.edit"/>
                            <button id="kpiCardsTableRemoveBtn" action="kpiCardsTable.remove"/>
                            <button id="kpiCardsTableViewBtn" action="kpiCardsTable.view"/>
                            <checkBox id="currentQuarterCardsCheckBox" css="margin-top: 5px"
                                      caption="msg://currentQuarterCardsCheckBox"/>
                        </buttonsPanel>
                        <columns>
                            <column id="sn"/>
                            <column id="author"/>
                            <column id="date"/>
                            <column id="status"/>
                            <column id="info"/>
                            <column id="name"/>
                            <column id="period"/>
                            <column id="stage"/>
                            <column id="department"/>
                        </columns>
                    </table>
                </groupBox>
            </tab>
            <tab caption="msg://kz.eub.kpi.entity/Employee.kpiResults"
                 id="tab_3" spacing="true"
                 icon="font-icon:DASHBOARD"
                 margin="true,false,false,false"
                 expand="kpiResultsBox" visible="false">
                <groupBox id="kpiResultsBox"
                          expand="kpiResultsTable">
                    <table id="kpiResultsTable" dataContainer="kpiResultsDc" width="100%">
                        <actions>
                            <action id="create" type="create"/>
                            <action id="edit" type="edit"/>
                            <action id="remove" type="remove"/>
                        </actions>
                        <columns>
                            <column id="period"/>
                            <column id="percentage"/>
                            <column id="createdBy"/>
                            <column id="createdDate"/>
                            <column id="lastModifiedBy"/>
                            <column id="lastModifiedDate"/>
                            <column id="version"/>
                        </columns>
                        <buttonsPanel>
                            <button action="kpiResultsTable.create"/>
                            <button action="kpiResultsTable.edit"/>
                            <button action="kpiResultsTable.remove"/>
                        </buttonsPanel>
                    </table>
                </groupBox>
            </tab>
            <tab id="competenceAssessmentTab"
                 caption="msg://kz.eub.kpi.screen.employee/assessment"
                 spacing="true" visible="false"
                 icon="CALENDAR_CHECK_O"
                 margin="true,false,false,false"
                 expand="kpiCompetencesTable">
                <table id="kpiCompetencesTable" width="100%" dataContainer="competenciesDc"
                       showTotalAggregation="true" aggregatable="true" aggregationStyle="BOTTOM" >
                    <actions>
                        <action id="create" type="create"/>
                        <action id="edit" type="edit"/>
                        <action id="remove" type="remove"/>
                    </actions>
                    <buttonsPanel alwaysVisible="true">
                        <button id="kpiCompetencesTableCreateBtn" action="kpiCompetencesTable.create"/>
                        <button id="kpiCompetencesTableEditBtn" action="kpiCompetencesTable.edit"/>
                        <button id="kpiCompetencesTableRemoveBtn" action="kpiCompetencesTable.remove"/>
                    </buttonsPanel>
                    <columns>
                        <column id="name"/>
                        <column id="weight">
                            <aggregation type="SUM"/>
                        </column>
                        <column id="requiredLevel"/>
                        <column id="currentLevel"/>
                        <column id="performance"/>
                        <column id="efficiency">
                            <aggregation type="SUM"/>
                        </column>
                    </columns>
                </table>
            </tab>
            <tab id="devPlanTab"
                 caption="msg://kz.eub.kpi.screen.employee/devPlans"
                 spacing="true" visible="false"
                 margin="true,false,false,false"
                 expand="kpiEmplDevPlansTable"
                 icon="CALENDAR">
                <table id="kpiEmplDevPlansTable" width="100%" dataContainer="devPlansDc">
                    <actions>
                        <action id="create" type="create"/>
                        <action id="edit" type="edit"/>
                        <action id="remove" type="remove"/>
                    </actions>
                    <buttonsPanel alwaysVisible="true">
                        <button id="kpiEmplDevPlansTableCreateBtn" action="kpiEmplDevPlansTable.create"/>
                        <button id="kpiEmplDevPlansTableEditBtn" action="kpiEmplDevPlansTable.edit"/>
                        <button id="kpiEmplDevPlansTableRemoveBtn" action="kpiEmplDevPlansTable.remove"/>
                    </buttonsPanel>
                    <columns>
                        <column id="employee"/>
                        <column id="competenceName"/>
                        <column id="actionPlan"/>
                        <column id="implementationForm"/>
                        <column id="weight"/>
                        <column id="plan"/>
                        <column id="performance"/>
                        <column id="efficiency"/>
                        <column id="infoSource"/>
                    </columns>
                </table>
            </tab>
            <tab id="interAssessPlansTab"
                 caption="msg://kz.eub.kpi.screen.employee/interAssessPlans"
                 spacing="true" visible="false"
                 margin="true,false,false,false"
                 expand="intermediateAssessmentMeetingsTable"
                 icon="HOURGLASS_HALF">
                <table id="intermediateAssessmentMeetingsTable" width="100%"
                       dataContainer="interAssessmentMeetingsDc">
                    <actions>
                        <action id="create" type="create"/>
                        <action id="edit" type="edit"/>
                        <action id="remove" type="remove"/>
                    </actions>
                    <buttonsPanel alwaysVisible="true">
                        <button id="intermediateAssessmentMeetingsTableCreateBtn"
                                action="intermediateAssessmentMeetingsTable.create"/>
                        <button id="intermediateAssessmentMeetingsTableEditBtn"
                                action="intermediateAssessmentMeetingsTable.edit"/>
                        <button id="intermediateAssessmentMeetingsTableRemoveBtn"
                                action="intermediateAssessmentMeetingsTable.remove"/>
                    </buttonsPanel>
                    <columns>
                        <column id="employee"/>
                        <column id="date"/>
                        <column id="dateStart"/>
                        <column id="dateEnd"/>
                        <column id="commentSuperviser"/>
                    </columns>
                </table>
            </tab>
            <tab id="myTasksTab"
                 caption="msg://myTasks" icon="TASKS"
                 spacing="true"
                 margin="true,false,false,false"
                 expand="kpiApplicationsTable">
                <table id="kpiApplicationsTable" width="100%" dataContainer="kpiApplicationsDc">
                    <actions>
                        <action id="view" type="view"/>
                    </actions>
                    <buttonsPanel alwaysVisible="true">
                        <button id="kpiApplicationsTableViewBtn" action="kpiApplicationsTable.view"/>
                        <button id="massiveApprovalBtn" caption="msg://massiveApproval"/>
                        <button id="exportGoalsBtn" caption="msg://exportGoals" icon="font-icon:FILE_EXCEL_O"/>
                    </buttonsPanel>
                    <columns>
                        <column id="sn"/>
                        <column id="author"/>
                        <column id="author.department"/>
                        <column id="period"/>
                        <column id="date"/>
                        <column id="status"/>
                        <column id="info"/>
                        <column id="name"/>
                    </columns>
                </table>
            </tab>
        </tabSheet>

        <hbox id="editActions" spacing="true">
            <button id="submitBtn" icon="font-icon:CHECK" caption="msg://submit" stylename="primary"/>
            <button id="closeBtn" icon="EDITOR_CANCEL" caption="msg://cancel"/>
        </hbox>
    </layout>
</window>