<?xml version="1.0" encoding="UTF-8" standalone="no"?>
<window xmlns="http://jmix.io/schema/ui/window"
        caption="msg://reportingApprovEdit.caption"
        focusComponent="form">
    <data>
        <instance id="reportingApprovDc"
                  class="kz.eub.report360.entity.ReportingApprov">
            <fetchPlan extends="_base">
                <property name="reporting" fetchPlan="_base"/>
                <property name="matchUser" fetchPlan="_base"/>
            </fetchPlan>
            <loader/>
        </instance>
    </data>
    <facets>
        <dataLoadCoordinator auto="true"/>
        <screenSettings id="settingsFacet" auto="true"/>
    </facets>
    <actions>
        <action id="windowSaveAndClose" caption="msg:///actions.Ok"
                icon="EDITOR_OK"
                primary="true"
                shortcut="${COMMIT_SHORTCUT}"/>
        <action id="windowExit"
                caption="msg:///actions.Close"
                icon="EDITOR_CANCEL"/>
    </actions>
    <dialogMode height="AUTO"
                forceDialog="true"
                width="AUTO"/>
    <layout spacing="true" expand="scrollBox">
        <scrollBox id="scrollBox" spacing="true">
            <form id="form" dataContainer="reportingApprovDc">
                <column width="350px">
                    <dateField id="dateOnRepField" property="dateOnRep"/>
                    <dateField id="dateApprovField" property="dateApprov" enable="false"/>
                    <entityPicker id="reportingField" property="reporting" visible="false"/>
                    <entityPicker id="matchUserField" property="matchUser"/>
                    <textArea id="descriptionField" property="description" rows="5"/>
                    <comboBox id="statusField" property="status"/>
                </column>
            </form>
        </scrollBox>
        <hbox id="editActions" spacing="true">
            <button id="saveAndCloseBtn" action="windowSaveAndClose"/>
            <button id="exitBtn" action="windowExit"/>
        </hbox>
    </layout>
</window>
