<?xml version="1.0" encoding="UTF-8" standalone="no"?>
<window xmlns="http://jmix.io/schema/ui/window"
        caption="msg://reportingApprovBrowse.caption"
        focusComponent="reportingApprovesTable">
    <data readOnly="true">
        <collection id="reportingApprovesDc"
                    class="kz.eub.report360.entity.ReportingApprov">
            <fetchPlan extends="_base">
                <property name="reporting" fetchPlan="_base"/>
                <property name="matchUser" fetchPlan="_base"/>
            </fetchPlan>
            <loader id="reportingApprovesDl">
                <query>
                    <![CDATA[select e from r360_ReportingApprov e]]>
                </query>
            </loader>
        </collection>
    </data>
    <facets>
        <dataLoadCoordinator auto="true"/>
        <screenSettings id="settingsFacet" auto="true"/>
    </facets>
    <actions>
        <action id="lookupSelectAction"
                caption="msg:///actions.Select"
                icon="LOOKUP_OK"
                primary="true"
                shortcut="${COMMIT_SHORTCUT}"/>
        <action id="lookupCancelAction"
                caption="msg:///actions.Cancel"
                icon="LOOKUP_CANCEL"/>
    </actions>
    <dialogMode height="600"
                width="800"/>
    <layout expand="reportingApprovesTable" spacing="true">
        <filter id="filter"
                dataLoader="reportingApprovesDl">
            <properties include=".*"/>
        </filter>
        <table id="reportingApprovesTable"
               width="100%"
               dataContainer="reportingApprovesDc" caption="msg://reportingApprovesTable.caption">
            <actions>
                <action id="create" type="create"/>
                <action id="edit" type="edit"/>
                <action id="remove" type="remove"/>
            </actions>
            <columns>
                <column id="dateOnRep"/>
                <column id="dateApprov"/>
                <column id="reporting"/>
                <column id="matchUser"/>
                <column id="description"/>
                <column id="status"/>
            </columns>
            <simplePagination/>
            <buttonsPanel id="buttonsPanel"
                          alwaysVisible="true">
                <button id="createBtn" action="reportingApprovesTable.create"/>
                <button id="editBtn" action="reportingApprovesTable.edit"/>
                <button id="removeBtn" action="reportingApprovesTable.remove"/>
            </buttonsPanel>
        </table>
        <hbox id="lookupActions" spacing="true" visible="false">
            <button action="lookupSelectAction"/>
            <button action="lookupCancelAction"/>
        </hbox>
    </layout>
</window>
