<?xml version="1.0" encoding="UTF-8" standalone="no"?>
<window xmlns="http://jmix.io/schema/ui/window"
        caption="msg://dictSegmentSnpEdit.caption"
        focusComponent="form">
    <data>
        <instance id="dictSegmentSnpDc"
                  class="kz.eub.report360.entity.DictSegmentSnp">
            <fetchPlan extends="_base">
                <property name="pozId" fetchPlan="_base"/>
                <property name="dictSrcId" fetchPlan="_base"/>
            </fetchPlan>
            <loader/>
        </instance>
    </data>
    <facets>
        <dataLoadCoordinator auto="true"/>
        <screenSettings id="settingsFacet" auto="true"/>
    </facets>
    <actions>
        <action id="windowCommitAndClose" caption="msg:///actions.Ok"
                icon="EDITOR_OK"
                primary="true"
                shortcut="${COMMIT_SHORTCUT}"/>
        <action id="windowClose"
                caption="msg:///actions.Close"
                icon="EDITOR_CANCEL"/>
    </actions>
    <dialogMode height="AUTO"
                forceDialog="true"
                width="AUTO"/>
    <layout spacing="true" expand="editActions">
        <form id="form" dataContainer="dictSegmentSnpDc">
            <column width="350px">
                <dateField id="changeDateField" property="changeDate"/>
                <entityPicker id="pozIdField" property="pozId"/>
                <textField id="segmentField" property="segment"/>
                <textField id="amountMinField" property="amountMin"/>
                <textField id="amountMaxField" property="amountMax"/>
                <textField id="durationMinField" property="durationMin"/>
                <textField id="durationMaxField" property="durationMax"/>
                <entityPicker id="dictSrcIdField" property="dictSrcId"/>
            </column>
        </form>
        <hbox id="editActions" spacing="true">
            <button id="commitAndCloseBtn" action="windowCommitAndClose"/>
            <button id="closeBtn" action="windowClose"/>
        </hbox>
    </layout>
</window>
