<?xml version="1.0" encoding="UTF-8" standalone="no"?>
<window xmlns="http://jmix.io/schema/ui/window"
        caption="msg://dictSegmentSnpBrowse.caption"
        focusComponent="dictSegmentSnpsTable">
    <data readOnly="true">
        <collection id="dictSegmentSnpsDc"
                    class="kz.eub.report360.entity.DictSegmentSnp">
            <fetchPlan extends="_base">
                <property name="pozId" fetchPlan="_base"/>
                <property name="dictSrcId" fetchPlan="_base"/>
            </fetchPlan>
            <loader id="dictSegmentSnpsDl">
                <query>
                    <![CDATA[select e from r360_DictSegmentSnp e]]>
                </query>
            </loader>
        </collection>
    </data>
    <facets>
        <dataLoadCoordinator auto="true"/>
        <screenSettings id="settingsFacet" auto="true"/>
    </facets>
    <actions>
        <action id="lookupSelectAction"
                caption="msg:///actions.Select"
                icon="LOOKUP_OK"
                primary="true"
                shortcut="${COMMIT_SHORTCUT}"/>
        <action id="lookupCancelAction"
                caption="msg:///actions.Cancel"
                icon="LOOKUP_CANCEL"/>
    </actions>
    <dialogMode height="600"
                width="800"/>
    <layout expand="dictSegmentSnpsTable" spacing="true">
        <filter id="filter"
                dataLoader="dictSegmentSnpsDl">
            <properties include=".*"/>
        </filter>
        <groupTable id="dictSegmentSnpsTable"
                    width="100%"
                    dataContainer="dictSegmentSnpsDc">
            <actions>
                <action id="create" type="create"/>
                <action id="edit" type="edit"/>
                <action id="remove" type="remove"/>
                <action id="excelExport" type="excelExport"/>
            </actions>
            <columns>
                <column id="changeDate"/>
                <column id="pozId"/>
                <column id="segment"/>
                <column id="amountMin"/>
                <column id="amountMax"/>
                <column id="durationMin"/>
                <column id="durationMax"/>
                <column id="dictSrcId"/>
            </columns>
            <simplePagination itemsPerPageUnlimitedOptionVisible="true" itemsPerPageVisible="true"/>
            <buttonsPanel id="buttonsPanel"
                          alwaysVisible="true">
                <button id="createBtn" action="dictSegmentSnpsTable.create"/>
                <button id="editBtn" action="dictSegmentSnpsTable.edit"/>
                <button id="removeBtn" action="dictSegmentSnpsTable.remove"/>
                <button id="excelExportBtn" action="dictSegmentSnpsTable.excelExport"/>
            </buttonsPanel>
        </groupTable>
        <hbox id="lookupActions" spacing="true" visible="false">
            <button action="lookupSelectAction"/>
            <button action="lookupCancelAction"/>
        </hbox>
    </layout>
</window>
