<?xml version="1.0" encoding="UTF-8" standalone="no"?>
<window xmlns="http://jmix.io/schema/ui/window"
        caption="msg://dictProductPozSnpEdit.caption"
        focusComponent="form">
    <data>
        <instance id="dictProductPozSnpDc"
                  class="kz.eub.report360.entity.DictProductPozSnp">
            <fetchPlan extends="_base">
                <property name="prdId" fetchPlan="_base"/>
                <property name="user" fetchPlan="_base"/>
            </fetchPlan>
            <loader/>
        </instance>
    </data>
    <facets>
        <dataLoadCoordinator auto="true"/>
        <screenSettings id="settingsFacet" auto="true"/>
    </facets>
    <actions>
        <action id="windowCommitAndClose" caption="msg:///actions.Ok"
                icon="EDITOR_OK"
                primary="true"
                shortcut="${COMMIT_SHORTCUT}"/>
        <action id="windowClose"
                caption="msg:///actions.Close"
                icon="EDITOR_CANCEL"/>
    </actions>
    <dialogMode height="AUTO"
                forceDialog="true"
                width="AUTO"/>
    <layout spacing="true" expand="editActions">
        <form id="form" dataContainer="dictProductPozSnpDc">
            <column width="350px">
                <dateField id="changeDateField" property="changeDate"/>
                <dateField id="startDateField" property="startDate"/>
                <dateField id="endDateField" property="endDate"/>
                <textField id="rowStatusField" property="rowStatus"/>
                <entityPicker id="prdIdField" property="prdId"/>
                <entityPicker id="userField" property="user"/>
            </column>
        </form>
        <hbox id="editActions" spacing="true">
            <button id="commitAndCloseBtn" action="windowCommitAndClose"/>
            <button id="closeBtn" action="windowClose"/>
        </hbox>
    </layout>
</window>
