<?xml version="1.0" encoding="UTF-8" standalone="no"?>
<window xmlns="http://jmix.io/schema/ui/window"
        xmlns:c="http://jmix.io/schema/ui/jpql-condition"
        caption="msg://intermediateAssessmentMeetingBrowse.caption"
        focusComponent="intermediateAssessmentMeetingsTable">
    <data readOnly="true">
        <collection id="intermediateAssessmentMeetingsDc"
                    class="kz.eub.kpi.entity.kpi.IntermediateAssessmentMeeting">
            <fetchPlan extends="_base">
                <property name="employee" fetchPlan="_base"/>
            </fetchPlan>
            <loader id="intermediateAssessmentMeetingsDl">
                <query>
                    <![CDATA[select e from kpi_IntermediateAssessmentMeeting e]]>
                </query>
            </loader>
        </collection>
    </data>
    <facets>
        <dataLoadCoordinator auto="true"/>
        <screenSettings id="settingsFacet" auto="true"/>
    </facets>
    <actions>
        <action id="lookupSelectAction"
                caption="msg:///actions.Select"
                icon="LOOKUP_OK"
                primary="true"
                shortcut="${COMMIT_SHORTCUT}"/>
        <action id="lookupCancelAction"
                caption="msg:///actions.Cancel"
                icon="LOOKUP_CANCEL"/>
    </actions>
    <dialogMode height="600"
                width="800"/>
    <layout expand="intermediateAssessmentMeetingsTable" spacing="true">
        <filter id="filter"
                dataLoader="intermediateAssessmentMeetingsDl">
            <properties include=".*"/>
        </filter>
        <groupTable id="intermediateAssessmentMeetingsTable"
                    width="100%"
                    dataContainer="intermediateAssessmentMeetingsDc">
            <actions>
                <action id="create" type="create"/>
                <action id="edit" type="edit"/>
                <action id="remove" type="remove"/>
            </actions>
            <columns>
                <column id="employee"/>
                <column id="date"/>
                <column id="dateStart"/>
                <column id="dateEnd"/>
                <column id="commentSuperviser"/>
            </columns>
            <simplePagination/>
            <buttonsPanel id="buttonsPanel"
                          alwaysVisible="true">
                <button id="createBtn" action="intermediateAssessmentMeetingsTable.create"/>
                <button id="editBtn" action="intermediateAssessmentMeetingsTable.edit"/>
                <button id="removeBtn" action="intermediateAssessmentMeetingsTable.remove"/>
            </buttonsPanel>
        </groupTable>
        <hbox id="lookupActions" spacing="true" visible="false">
            <button action="lookupSelectAction"/>
            <button action="lookupCancelAction"/>
        </hbox>
    </layout>
</window>
