<?xml version="1.0" encoding="UTF-8" standalone="no"?>
<window xmlns="http://jmix.io/schema/ui/window"
        caption="msg://intermediateAssessmentMeetingEdit.caption"
        focusComponent="form">
    <data>
        <instance id="intermediateAssessmentMeetingDc"
                  class="kz.eub.kpi.entity.kpi.IntermediateAssessmentMeeting">
            <fetchPlan extends="_base">
                <property name="employee" fetchPlan="_base"/>
            </fetchPlan>
            <loader/>
        </instance>
    </data>
    <facets>
        <dataLoadCoordinator auto="true"/>
        <screenSettings id="settingsFacet" auto="true"/>
    </facets>
    <actions>
        <action id="windowCommitAndClose"
                caption="msg:///actions.SaveClose"
                icon="EDITOR_OK"
                primary="true"
                shortcut="${COMMIT_SHORTCUT}"/>
        <action id="windowCommit"
                caption="msg:///actions.Save"
                icon="SAVE"/>
        <action id="windowClose"
                caption="msg:///actions.Close"
                icon="EDITOR_CANCEL"/>
    </actions>
    <dialogMode height="AUTO"
                width="AUTO"
                modal="true"
                forceDialog="true"/>
    <layout spacing="true" expand="scrollBox">
        <scrollBox id="scrollBox" spacing="true">
            <form id="form" dataContainer="intermediateAssessmentMeetingDc">
                <column width="350px">
                    <entityPicker id="employeeField" property="employee">
                        <actions>
                            <action id="entityLookup" type="entity_lookup"/>
                            <action id="entityClear" type="entity_clear"/>
                        </actions>
                    </entityPicker>
                    <dateField id="dateField" property="date"/>
                    <dateField id="dateStartField" property="dateStart"/>
                    <dateField id="dateEndField" property="dateEnd"/>
                    <textArea id="commentSuperviserField" property="commentSuperviser"/>
                </column>
            </form>
        </scrollBox>
        <hbox id="editActions" spacing="true">
            <button id="commitAndCloseBtn" action="windowCommitAndClose"/>
            <button id="commitBtn" action="windowCommit"/>
            <button id="closeBtn" action="windowClose"/>
        </hbox>
    </layout>
</window>
