<?xml version="1.0" encoding="UTF-8" standalone="no"?>
<window xmlns="http://jmix.io/schema/ui/window"
        caption="msg://reportingDescr.caption"
        focusComponent="form">
    <data>
        <instance id="reportingDc"
                  class="kz.eub.report360.entity.Reporting">
            <fetchPlan extends="_local"/>
            <loader/>
        </instance>
    </data>
    <facets>
        <dataLoadCoordinator auto="true"/>
        <screenSettings id="settingsFacet" auto="true"/>
    </facets>
    <actions>
        <action id="windowClose"
                caption="msg:///actions.Close"
                icon="EDITOR_CANCEL"/>
    </actions>
    <dialogMode height="AUTO"
                forceDialog="true"
                resizable="true"
                width="AUTO"/>
    <layout spacing="true" expand="scrollBox">
        <scrollBox id="scrollBox" spacing="true">
            <form id="form" dataContainer="reportingDc">
                <column width="350px">
                    <textArea id="descriptionField" property="description" enable="false" align="TOP_CENTER" rows="20" width="500"/>
                </column>
            </form>
        </scrollBox>
        <hbox id="editActions" spacing="true">
            <button id="closeBtn" action="windowClose"/>
        </hbox>
    </layout>
</window>
