<?xml version="1.0" encoding="UTF-8" standalone="no"?>
<window xmlns="http://jmix.io/schema/ui/window"
        caption="msg://reportingEdit.caption"
        focusComponent="form">

    <data>
        <instance id="reportingDc"
                  class="kz.eub.report360.entity.Reporting">
            <fetchPlan extends="reporting-fetch-plan"/>
            <loader id="reportingDl"/>
        </instance>

        <collection id="usersDc" class="kz.eub.report360.entity.User">
            <fetchPlan extends="_base"/>
            <loader id="usersDl">
                <query>
                    <![CDATA[select e from r360_User e order by e.lastName]]>
                </query>
            </loader>
        </collection>
    </data>

    <facets>
        <dataLoadCoordinator auto="true"/>
        <screenSettings id="settingsFacet" auto="true"/>
    </facets>

    <dialogMode height="600"
                width="800"/>

    <layout spacing="true" expand="scrollBox">
        <scrollBox id="scrollBox" spacing="true">
            <hbox id="dropZone" spacing="true">
                <form id="form" dataContainer="reportingDc" width="100%">
                    <column width="350px">
                        <textField id="groupField" property="group" width="400px"/>
                        <textField id="codeField" property="code" width="400px"/>
                        <comboBox id="reportingTypeField" property="reportingType" width="400px"/>
                        <comboBox id="nameField" property="name" width="400px"/>
                        <entityComboBox id="ownerUserLogField" property="ownerUserLog" optionsContainer="usersDc" width="400px">
                            <actions>
                                <action id="entityLookup" type="entity_lookup"/>
                                <action id="entityClear" type="entity_clear"/>
                            </actions>
                        </entityComboBox>
                        <entityComboBox id="developerUserLogField" property="developerUserLog" optionsContainer="usersDc" width="400px">
                            <actions>
                                <action id="entityLookup" type="entity_lookup"/>
                                <action id="entityClear" type="entity_clear"/>
                            </actions>
                        </entityComboBox>
                        <fileStorageUpload id="fileField" property="file" fileStoragePutMode="IMMEDIATE"
                                           showFileName="true" uploadButtonIcon="UPLOAD"
                                           showClearButton="true" dropZone="dropZone" width="400px"/>
                        <textArea id="descriptionTextField" property="description" rows="20" width="400px"/>
                    </column>
                </form>
                <groupBox>
                    <browserFrame id="fileBrowserFrame" height="600px" width="800px"/>
                </groupBox>
            </hbox>
        </scrollBox>
        <hbox id="editActions" spacing="true">
            <button id="commitAndCloseBtn" action="windowCommitAndClose"/>
            <button id="closeBtn" action="windowClose"/>
        </hbox>
    </layout>
</window>
