<?xml version="1.0" encoding="UTF-8" standalone="no"?>
<window xmlns="http://jmix.io/schema/ui/window"
        caption="msg://reportingBrowse.caption"
        focusComponent="reportingTable">
    <data readOnly="true">
        <collection id="reportingDc"
                    class="kz.eub.report360.entity.Reporting">
            <fetchPlan extends="reporting-fetch-plan"/>
            <loader id="reportingDl">
                <query>
                    <![CDATA[select e from r360_Reporting e]]>
                </query>
            </loader>
        </collection>
    </data>
    <facets>
        <dataLoadCoordinator auto="true"/>
        <screenSettings id="settingsFacet" auto="true"/>
    </facets>
    <actions>
        <action id="lookupSelectAction"
                caption="msg:///actions.Select"
                icon="LOOKUP_OK"
                primary="true"
                shortcut="${COMMIT_SHORTCUT}"/>
        <action id="lookupCancelAction"
                caption="msg:///actions.Cancel"
                icon="LOOKUP_CANCEL"/>
    </actions>
    <dialogMode height="600"
                width="800"/>
    <layout expand="reportingTable" spacing="true">
        <filter id="filter"
                dataLoader="reportingDl">
            <properties include=".*"/>
        </filter>
        <groupTable id="reportingTable"
                    width="100%"
                    dataContainer="reportingDc">
            <actions>
                <action id="create" type="create"/>
                <action id="edit" type="edit"/>
                <action id="remove" type="remove"/>
            </actions>
            <columns>
                <group>
                    <column id="group"/>
                </group>
                <column id="code"/>
                <column id="name"/>
                <column id="reportingType"/>
                <column id="ownerUserLog"/>
                <column id="developerUserLog"/>
                <column id="description"/>
            </columns>
            <simplePagination itemsPerPageUnlimitedOptionVisible="true" itemsPerPageVisible="true"/>
            <buttonsPanel id="buttonsPanel"
                          alwaysVisible="true">
                <button id="createBtn" action="reportingTable.create"/>
                <button id="editBtn" action="reportingTable.edit"/>
                <button id="removeBtn" action="reportingTable.remove"/>
            </buttonsPanel>
        </groupTable>
        <hbox id="lookupActions" spacing="true" visible="false">
            <button action="lookupSelectAction"/>
            <button action="lookupCancelAction"/>
        </hbox>
    </layout>
</window>
