<?xml version="1.0" encoding="UTF-8" standalone="no"?>
<window xmlns="http://jmix.io/schema/ui/window"
        caption="msg://reportingRunBrowse.caption"
        focusComponent="reportingRunTable">

    <data readOnly="true">
        <collection id="reportingRunDc"
                    class="kz.eub.report360.entity.Reporting">
            <fetchPlan extends="reporting-fetch-plan"/>
            <loader id="reportingRunDl">
                <query>
                    <![CDATA[select e
                             from r360_Reporting e
                             where (:reporting_display=false or
                                (:reporting_display=true and e.id in :permitted_reporting)
                                    ) and (:nameRep is null or UPPER(e.name) like upper(:nameRep))]]>
                </query>
            </loader>
        </collection>
    </data>

    <dialogMode height="600"
                resizable="true"
                width="800"/>
    <facets>
        <dataLoadCoordinator auto="true"/>
        <screenSettings id="settingsFacet" auto="true"/>
        <presentations auto="true"/>
    </facets>

    <layout expand="reportingRunTable" spacing="true">
        <!--        <filter id="filter"-->
        <!--                dataLoader="reportingRunDl">-->
        <!--            <properties include=".*"/>-->
        <!--        </filter>-->
        <!--<groupBox orientation="horizontal" spacing="true" collapsable="true" caption="msg://groupBox.caption">
            <gridLayout spacing="true">
                <columns count="2"/>
                <rows>
                    <row>
                        <textField id="nameField" width="AUTO" inputPrompt="msg://textField.inputPrompt"
                                   caption="msg://nameField.caption"/>
                    </row>
                    <row>
                        <button id="searchBtn" width="AUTO" caption="msg://searchBtn.caption" icon="SEARCH"
                                stylename="friendly"/>
                    </row>
                </rows>
            </gridLayout>
        </groupBox>-->

        <groupBox>
            <gridLayout spacing="true">
                <columns count="3"/>
                <rows>
                    <row>
                        <label value="msg://nameField.caption" align="MIDDLE_LEFT"/>
                        <textField id="nameField" width="450px" inputPrompt="msg://textField.inputPrompt"/>
                        <button id="searchBtn" width="AUTO" caption="msg://searchBtn.caption" icon="font-icon:SEARCH" stylename="friendly"/>
                    </row>
                </rows>
            </gridLayout>
        </groupBox>

        <groupTable id="reportingRunTable"
                    width="100%"
                    dataContainer="reportingRunDc">
            <actions>
                <action id="runReporting" type="itemTracking"/>
                <action id="reportingExample"/>
                <action id="reportingDescr"/>
                <action id="accessRights"/>
                <action id="agreement"/>
                <action id="viewAgreement"/>
                <action id="accessQuery"/>
                <action id="reportingExecution"/>
            </actions>
            <columns>
                <group>
                    <column id="group"/>
                </group>
                <column id="code"/>
                <column id="name"/>
                <column id="ownerUserLog"/>
                <column id="developerUserLog"/>
            </columns>
            <simplePagination itemsPerPageUnlimitedOptionVisible="true" itemsPerPageVisible="true"/>
            <buttonsPanel>
                <button id="runReportingBtn" action="reportingRunTable.runReporting"
                        caption="msg://runReporting.caption"
                        icon="PRINT" primary="true"/>
                <button id="reportingExampleBtn" action="reportingRunTable.reportingExample"
                        caption="msg://reportingExampleBtn.caption" icon="VIEW_ACTION"/>
                <button id="reportingDescrBtn" action="reportingRunTable.reportingDescr"
                        caption="msg://reportingDescrBtn.caption" icon="VIEW_ACTION"/>
                <button id="accessRightsBtn" action="reportingRunTable.accessRights"
                        caption="msg://accessRightsBtn.caption" icon="UNIVERSAL_ACCESS"/>
                <button id="agreementBtn" action="reportingRunTable.agreement" caption="msg://agreementBtn.caption"
                        icon="FILES_O"/>
                <button id="viewAgreementBtn" action="reportingRunTable.viewAgreement"
                        caption="msg://viewAgreementBtn.caption" icon="FILE_O"/>
                <button id="accessQueryBtn" action="reportingRunTable.accessQuery"
                        caption="msg://accessQueryBtn.caption" icon="UNIVERSAL_ACCESS"/>
                <button id="reportingExecutionBtn" action="reportingRunTable.reportingExecution"
                        caption="msg://reportingExecutionBtn.caption" icon="HISTORY"/>
                <checkBox id="reportingDisplayChB" caption="msg://reportingDisplayChB.caption"/>
            </buttonsPanel>
        </groupTable>
        <hbox id="lookupActions" spacing="true" visible="false">
            <button action="lookupSelectAction"/>
            <button action="lookupCancelAction"/>
        </hbox>
    </layout>
</window>
