<?xml version="1.0" encoding="UTF-8" standalone="no"?>
<window xmlns="http://jmix.io/schema/ui/window"
        caption="msg://bonusReportBrowse.caption">
    <layout width="100%" height="100%">
        <groupBox orientation="vertical" width="80%" height="100%" spacing="false">
            <vbox width="80%" height="100%" spacing="false">
<!--                <hbox height="100" >-->
<!--                    <label value=""/>-->
<!--                </hbox>-->
                <hbox height="50" width="100%">
                    <label value="Статистика доступна в виде CSV файла:" css="font-size: 250%;"
                           stylename="bold"
                    align="MIDDLE_CENTER"/>
                </hbox>
<!--                <hbox height="50" width="100%"/>-->
                <hbox spacing="true" height="100" width="100%" >
                    <button icon="font-icon:FILE_EXCEL_O" css="font-size: 300%; color: #47b194" align="MIDDLE_RIGHT" width="100" height="80"/>
                    <label value="Отчет по авторитету"  css="font-size: 150%" align="MIDDLE_LEFT" height="20"/>
                    <dateField id="dateStartAuthority" dateFormat="dd-MM-yyyy" autofill="true"
                               height="50"  align="MIDDLE_RIGHT" caption=""
                               />
                    <dateField
                            id="dateEndAuthority" dateFormat="dd-MM-yyyy" autofill="true"
                            caption="" align="MIDDLE_RIGHT" height="50"/>
                    <button id="btnAuthorityId" caption="Показать" css="font-size: 150%" height="50" align="MIDDLE_RIGHT"/>
                </hbox>
                <hbox spacing="true" height="100" width="100%" >
                    <button icon="font-icon:FILE_EXCEL_O" css="font-size: 300%; color: #47b194" align="MIDDLE_RIGHT" width="100" height="80"/>
                    <label value="Отчет по дуэлям" css="font-size: 150%" align="MIDDLE_LEFT" height="20"/>
                    <dateField id="dateStartDuel" dateFormat="dd-MM-yyyy" autofill="true"
                               caption="" align="MIDDLE_RIGHT" height="50"/>
                    <dateField
                            id="dateEndDuel" dateFormat="dd-MM-yyyy" autofill="true"
                            caption="" align="MIDDLE_RIGHT" height="50"/>
                    <button id="duelBtn" caption="Показать" css="font-size: 150%" height="50" align="MIDDLE_RIGHT"/>
                </hbox>
                <hbox spacing="true" height="100" width="100%" >
                    <button icon="font-icon:FILE_EXCEL_O" css="font-size: 300%; color: #47b194" align="MIDDLE_RIGHT" width="100" height="80"/>
                    <label value="Отчет по посещаемости" css="font-size: 150%" align="MIDDLE_LEFT" height="20"/>
                    <dateField id="dateStartVisit" dateFormat="dd-MM-yyyy" autofill="true"
                               caption="" align="MIDDLE_RIGHT" height="50"/>
                    <dateField
                            id="dateEndVisit" dateFormat="dd-MM-yyyy" autofill="true"
                            caption="" align="MIDDLE_RIGHT" height="50"/>
                    <button id="btnVisitId" caption="Показать" css="font-size: 150%" height="50" align="MIDDLE_RIGHT"/>
                </hbox>
                <hbox spacing="true" height="100" width="100%" >
                    <button icon="font-icon:FILE_EXCEL_O" css="font-size: 300%; color: #47b194" align="MIDDLE_RIGHT" width="100" height="80"/>
                    <label value="Отчет по конкурсам" css="font-size: 150%" align="MIDDLE_LEFT" height="20"/>
                    <dateField dateFormat="dd-MM-yyyy" autofill="true"
                               caption="" align="MIDDLE_RIGHT" height="50"/>
                    <dateField
                            dateFormat="dd-MM-yyyy" autofill="true"
                            caption="" align="MIDDLE_RIGHT" height="50"/>
                    <button caption="Показать" css="font-size: 150%" height="50" align="MIDDLE_RIGHT"/>
                </hbox>
            </vbox>
        </groupBox>
    </layout>
</window>
