<?xml version="1.0" encoding="UTF-8" standalone="no"?>
<window xmlns="http://jmix.io/schema/ui/window"
        caption="msg://employeeBrowse.caption"
        focusComponent="employeesTable">
    <data readOnly="true">
        <collection id="employeesDc"
                    class="kz.eub.report360.entity.Employee">
            <fetchPlan extends="_base">
                <property name="department" fetchPlan="_base"/>
                <property name="orgUnit" fetchPlan="_base"/>
                <property name="position" fetchPlan="_base"/>
            </fetchPlan>
            <loader id="employeesDl">
                <query>
                    <![CDATA[select e from r360_Employee e]]>
                </query>
            </loader>
        </collection>
    </data>
    <facets>
        <dataLoadCoordinator auto="true"/>
        <screenSettings id="settingsFacet" auto="true"/>
    </facets>
    <actions>
        <action id="lookupSelectAction"
                caption="msg:///actions.Select"
                icon="LOOKUP_OK"
                primary="true"
                shortcut="${COMMIT_SHORTCUT}"/>
        <action id="lookupCancelAction"
                caption="msg:///actions.Cancel"
                icon="LOOKUP_CANCEL"/>
    </actions>
    <dialogMode height="800px"
                width="1400px"/>
    <layout expand="employeesTable" spacing="true">
        <filter id="filter" width="100%"
                dataLoader="employeesDl">
            <properties include=".*"/>
        </filter>
        <table id="employeesTable"
               width="100%"
               dataContainer="employeesDc">
            <actions>
                <action id="view" type="view"/>
                <action id="excelExport" type="excelExport"/>
            </actions>
            <columns>
                <column id="department"/>
                <column id="orgUnit"/>
                <column id="fullName"/>
                <column id="position"/>
                <column id="startDate"/>
                <column id="hireDate"/>
                <column id="email"/>
                <column id="birthDate"/>
                <column id="active"/>
                <column id="payrollNumber"/>
            </columns>
            <simplePagination itemsPerPageUnlimitedOptionVisible="true" itemsPerPageVisible="true"/>
            <buttonsPanel id="buttonsPanel"
                          alwaysVisible="true">
                <button id="viewBtn" action="employeesTable.view"/>
                <button id="excelExportBtn" action="employeesTable.excelExport"/>
            </buttonsPanel>
        </table>
        <hbox id="lookupActions" spacing="true" visible="false">
            <button action="lookupSelectAction"/>
            <button action="lookupCancelAction"/>
        </hbox>
    </layout>
</window>
