<?xml version="1.0" encoding="UTF-8" standalone="no"?>
<window xmlns="http://jmix.io/schema/ui/window"
        caption="msg://employeeEdit.caption"
        focusComponent="form">
    <data>
        <instance id="employeeDc"
                  class="kz.eub.report360.entity.Employee">
            <fetchPlan extends="_base">
                <property name="department" fetchPlan="_base"/>
                <property name="orgUnit" fetchPlan="_base"/>
                <property name="position" fetchPlan="_base"/>
            </fetchPlan>
            <loader/>
        </instance>
    </data>
    <facets>
        <dataLoadCoordinator auto="true"/>
        <screenSettings id="settingsFacet" auto="true"/>
    </facets>
    <actions>
        <action id="windowCommitAndClose" caption="msg:///actions.Ok"
                icon="EDITOR_OK"
                primary="true"
                shortcut="${COMMIT_SHORTCUT}"/>
        <action id="windowClose"
                caption="msg:///actions.Close"
                icon="EDITOR_CANCEL"/>
    </actions>
    <dialogMode height="AUTO"
                width="AUTO"/>
    <layout spacing="true" expand="scrollBox">
        <scrollBox id="scrollBox" spacing="true">
            <form id="form" dataContainer="employeeDc">
                <column width="700px">
                    <textField id="usernameField" property="username" editable="false"/>
                    <textField id="firstNameField" property="firstName" editable="false"/>
                    <textField id="lastNameField" property="lastName" editable="false"/>
                    <textField id="middleNameField" property="middleName" editable="false"/>
                    <textField id="fullNameField" property="fullName" editable="false"/>
                    <textField id="nameShortField" property="nameShort" editable="false"/>
                    <textField id="emailField" property="email" editable="false"/>
                    <checkBox id="activeField" property="active" editable="false"/>
                    <textField id="timeZoneIdField" property="timeZoneId"/>
                    <textField id="phoneField" property="phone" editable="false"/>
                    <textField id="mobileField" property="mobile" editable="false"/>
                    <textField id="pnField" property="pn" editable="false"/>
                    <textField id="iinField" property="iin" editable="false"/>
                    <entityPicker id="departmentField" property="department" editable="false"/>
                    <entityPicker id="orgUnitField" property="orgUnit" editable="false"/>
                    <dateField id="hireDateField" property="hireDate" editable="false"/>
                    <dateField id="startDateField" property="startDate" editable="false"/>
                    <dateField id="endDateField" property="endDate" editable="false"/>
                    <dateField id="birthDateField" property="birthDate" editable="false"/>
                    <entityPicker id="positionField" property="position" editable="false"/>
                    <comboBox id="genderField" property="gender" editable="false"/>
                    <textField id="gradeField" property="grade" editable="false"/>
                    <fileStorageUpload id="photoField" property="photo" editable="false"/>
                    <textField id="commentField" property="comment" editable="false"/>
                    <textField id="payrollNumberField" property="payrollNumber" editable="false"/>
                </column>
            </form>
        </scrollBox>
        <hbox id="editActions" spacing="true">
            <button id="commitAndCloseBtn" action="windowCommitAndClose"/>
            <button id="closeBtn" action="windowClose"/>
        </hbox>
    </layout>
</window>
