<?xml version="1.0" encoding="UTF-8" standalone="no"?>
<window xmlns="http://jmix.io/schema/ui/window"
        caption="msg://kpiCardReview.caption"
        focusComponent="form">
    <data>
        <instance id="kpiCardDc"
                  class="kz.eub.kpi.entity.kpi.KpiCard">
            <fetchPlan extends="_base">
                <property name="kpiGoals" fetchPlan="_base">
                    <property name="period" fetchPlan="_base"/>
                    <property name="unit" fetchPlan="_base"/>
                    <property name="employee" fetchPlan="_base"/>
                    <property name="department" fetchPlan="_base"/>
                    <property name="progress"/>
                    <property name="efficiency"/>
                </property>
                <property name="author" fetchPlan="_base"/>
                <property name="period" fetchPlan="_base"/>
                <property name="department" fetchPlan="_base"/>
                <property name="position" fetchPlan="_base"/>
                <property name="supervisor" fetchPlan="_base"/>
                <property name="leader" fetchPlan="_base"/>
            </fetchPlan>
            <loader/>
        </instance>
        <collection id="kpiGoalsDc" class="kz.eub.kpi.entity.kpi.KpiGoal"/>
    </data>
    <facets>
        <dataLoadCoordinator auto="true"/>
        <screenSettings id="settingsFacet" auto="true"/>
    </facets>
    <actions>
        <action id="windowCommitAndClose"
                caption="msg:///actions.SaveClose"
                icon="EDITOR_OK"
                primary="true"
                shortcut="${COMMIT_SHORTCUT}"/>
        <action id="windowCommit"
                caption="msg:///actions.Save"
                icon="SAVE"/>
        <action id="windowClose"
                caption="msg:///actions.Close"
                icon="EDITOR_CANCEL"/>
    </actions>
    <dialogMode height="600"
                width="800"/>
    <layout spacing="true" expand="tabSheet">
        <label id="titleFld" value="msg://kpiCardEdit.caption" icon="FILE_TEXT_O" stylename="h2"/>
        <groupBox>
            <form id="form" dataContainer="kpiCardDc">
                <column width="450px">
                    <textField id="snField" property="sn" editable="false"/>
                    <entityPicker id="authorField" property="author" required="true" editable="false">
                        <actions>
                            <action id="entityLookup" type="entity_lookup"/>
                            <action id="entityClear" type="entity_clear"/>
                        </actions>
                    </entityPicker>
                    <dateField id="dateField" property="date" editable="false"/>
                    <comboBox id="statusField" property="status" editable="false"/>
                    <textArea id="infoField" property="info"/>
                </column>
                <column width="50px"><label/></column>
                <column width="450px">
                    <entityComboBox id="periodField" property="period" editable="false"/>
                    <textArea id="departmentField" property="department.fullName"
                              rowspan="3" editable="false"/>
                    <textField id="positionField" property="position"/>
                    <textField id="supervisorField" property="supervisor"/>
                    <textField id="leaderField" property="leader"/>
                </column>
            </form>
        </groupBox>
        <tabSheet id="tabSheet">
            <tab caption="msg://kz.eub.kpi.entity.kpi/KpiCard.kpiGoals" id="tab_1"
                 margin="true,false,false,false"
                 spacing="true" expand="kpiGoalsBox">
                <groupBox id="kpiGoalsBox" caption="msg://kz.eub.kpi.entity.kpi/KpiCard.kpiGoals" expand="kpiGoalsTable">
                    <table id="kpiGoalsTable"
                           dataContainer="kpiGoalsDc"
                           editable="true"
                           width="100%">
                        <actions>
                            <action id="view" type="view"/>
                        </actions>
                        <columns>
                            <column id="sn"/>
                            <column id="name"/>
                            <column id="category"/>
                            <column id="weight"/>
                            <column id="planStr"/>
                            <column id="factStr"/>
                            <column id="status" editable="true"/>
                            <column id="comment" editable="true"/>
                            <column id="period"/>
                            <column id="unit"/>
                            <column id="dataSource"/>
                        </columns>
                        <buttonsPanel>
                            <button action="kpiGoalsTable.view"/>
                        </buttonsPanel>
                    </table>
                </groupBox>
            </tab>
        </tabSheet>
        <hbox id="editActions" spacing="true">
            <button id="sendBtn" stylename="primary" caption="msg://send" icon="font-icon:SEND_O"/>
            <button id="closeBtn" action="windowClose"/>
        </hbox>
    </layout>
</window>
