<?xml version="1.0" encoding="UTF-8" standalone="no"?>
<window xmlns="http://jmix.io/schema/ui/window"
        caption="msg://kpiCardEdit.caption"
        focusComponent="form">
    <data>
        <instance id="kpiCardDc"
                  class="kz.eub.kpi.entity.kpi.KpiCard">
            <fetchPlan extends="_base">
                <property name="kpiGoals" fetchPlan="_base">
                    <property name="period" fetchPlan="_base"/>
                    <property name="unit" fetchPlan="_base"/>
                    <property name="employee" fetchPlan="_base"/>
                    <property name="department" fetchPlan="_base"/>
                    <property name="progress"/>
                    <property name="efficiency"/>
                </property>
                <property name="author" fetchPlan="_base"/>
                <property name="period" fetchPlan="_base"/>
                <property name="department" fetchPlan="_base"/>
                <property name="position" fetchPlan="_base"/>
                <property name="supervisor" fetchPlan="_base"/>
                <property name="leader" fetchPlan="_base"/>
            </fetchPlan>
            <loader/>
            <collection id="kpiGoalsDc" property="kpiGoals"/>
        </instance>
        <collection id="kpiPeriodsDc" class="kz.eub.kpi.entity.kpi.KpiPeriod">
            <fetchPlan extends="_base"/>
            <loader id="kpiPeriodsDl">
                <query>
                    <![CDATA[select e from kpi_KpiPeriod e]]>
                </query>
            </loader>
        </collection>
    </data>
    <facets>
        <dataLoadCoordinator auto="true"/>
        <screenSettings id="settingsFacet" auto="true"/>
    </facets>
    <actions>
        <action id="windowCommitAndClose"
                caption="msg:///actions.SaveClose"
                icon="EDITOR_OK"
                primary="true"
                shortcut="${COMMIT_SHORTCUT}"/>
        <action id="windowCommit"
                caption="msg:///actions.Save"
                icon="SAVE"/>
        <action id="windowClose"
                caption="msg:///actions.Close"
                icon="EDITOR_CANCEL"/>
    </actions>
    <dialogMode height="600"
                width="800"/>
    <layout spacing="true" expand="kpiGoalsBox">
        <label value="msg://kpiCardEdit.caption" icon="FILE_TEXT_O" stylename="h2"/>
        <groupBox>
            <form id="form" dataContainer="kpiCardDc">
                <column width="450px">
                    <textField id="snField" property="sn" editable="false"/>
                    <entityPicker id="authorField" property="author" required="true" editable="false">
                        <actions>
                            <action id="entityLookup" type="entity_lookup"/>
                            <action id="entityClear" type="entity_clear"/>
                        </actions>
                    </entityPicker>
                    <dateField id="dateField" property="date" editable="false"/>
                    <comboBox id="statusField" property="status" editable="false"/>
                    <textArea id="infoField" property="info"/>
                </column>
                <column width="50px"><label/></column>
                <column width="450px">
                    <entityComboBox id="periodField" property="period" editable="false"
                                    optionsContainer="kpiPeriodsDc" required="true">
                        <actions>
                            <action id="entityLookup" type="entity_lookup"/>
                            <action id="entityClear" type="entity_clear"/>
                        </actions>
                    </entityComboBox>
                    <textArea id="departmentField" property="department.fullName" rowspan="3" editable="false"/>
                    <textField id="positionField" property="position"/>
                    <textField id="supervisorField" property="supervisor"/>
                    <textField id="leaderField" property="leader"/>
                    <textField id="stageField" property="stage"/>
                </column>
            </form>
        </groupBox>

        <groupBox id="kpiGoalsBox" caption="msg://kz.eub.kpi.entity.kpi/KpiCard.kpiGoals">
            <dataGrid id="kpiGoalsTable" dataContainer="kpiGoalsDc" width="100%" selectionMode="MULTI_CHECK">
                <actions>
                    <action id="create" type="create"/>
                    <action id="edit" type="edit"/>
                    <action id="remove" type="remove"/>
                </actions>
                <columns>
                    <column id="sn"/>
                    <column id="name"/>
                    <column id="category"/>
                    <column id="weight"/>
                    <column id="planStr"/>
                    <column id="factStr"/>
                    <column id="status"/>
                    <column id="period"/>
                    <column id="unit"/>
                    <column id="progress"/>
                    <column id="efficiency"/>
                    <column id="dataSource"/>
                </columns>
                <buttonsPanel>
                    <button action="kpiGoalsTable.create"/>
                    <button action="kpiGoalsTable.edit"/>
                    <button action="kpiGoalsTable.remove"/>
                </buttonsPanel>
            </dataGrid>
        </groupBox>

        <hbox id="editActions" spacing="true">
            <button id="commitAndCloseBtn" action="windowCommitAndClose"/>
            <button id="sendBtn" stylename="friendly" caption="msg://send" icon="font-icon:SEND_O"/>
            <button id="closeBtn" action="windowClose"/>
        </hbox>
    </layout>
</window>
