<?xml version="1.0" encoding="UTF-8" standalone="no"?>
<window xmlns="http://jmix.io/schema/ui/window"
        caption="msg://kpiCardEdit.caption"
        extends="kz/eub/kpi/screen/applicationbase/application-base-screen.xml"
        xmlns:ext="http://jmix.io/schema/ui/window-ext"
        focusComponent="form">
    <data>
        <instance id="applicationDc"
                  class="kz.eub.kpi.entity.kpi.KpiCard">
            <fetchPlan>
                <property name="kpiGoals">
                    <property name="period" fetchPlan="_base"/>
                    <property name="unit" fetchPlan="_base"/>
                    <property name="employee" fetchPlan="_base"/>
                    <property name="department" fetchPlan="_base"/>
                </property>
                <property name="author"/>
                <property name="period"/>
                <property name="department"/>
                <property name="position"/>
                <property name="supervisor"/>
                <property name="leader"/>
                <property name="totalKpi"/>
                <property name="stage"/>
            </fetchPlan>
            <loader/>
            <collection id="kpiGoalsDc" property="kpiGoals"/>
        </instance>
        <collection id="kpiPeriodsDc" class="kz.eub.kpi.entity.kpi.KpiPeriod">
            <fetchPlan extends="_base"/>
            <loader id="kpiPeriodsDl">
                <query>
                    <![CDATA[select e from kpi_KpiPeriod e]]>
                </query>
            </loader>
        </collection>
    </data>
    <layout>
        <split id="splitBox">
            <vbox id="vboxLeft">
                <hbox>
                    <hbox id="editActions">
                        <hbox>
                            <button ext:index="3" stylename="quiet"
                                    id="cloneBtn"
                                    align="MIDDLE_RIGHT"
                                    caption="msg://clone"
                                    visible="false"
                                    icon="font-icon:COPY"/>
                            <button ext:index="2" stylename="danger"
                                    id="startSummaryBtn"
                                    icon="font-icon:SEND_O"
                                    visible="false"
                                    caption="msg://runSummary"/>
                            <button ext:index="1"
                                    id="excelExportBtn"
                                    align="MIDDLE_RIGHT"
                                    caption="msg://excelExport"
                                    icon="EXCEL_ACTION"/>
                            <button ext:index="0" id="rejectBtn"
                                    align="MIDDLE_RIGHT"
                                    stylename="danger"
                                    caption="msg://reject"
                                    visible="false"
                                    icon="BAN"/>
                            <button ext:index="0"
                                    id="calcBtn"
                                    align="MIDDLE_RIGHT"
                                    caption="msg://calc"
                                    icon="font-icon:CALCULATOR"/>
                            <button ext:index="0"
                                    id="updateCoordinatorsBtn"
                                    align="MIDDLE_RIGHT"
                                    caption="msg://updateCoordinators"
                                    icon="font-icon:REFRESH"/>
                        </hbox>
                    </hbox>
                </hbox>
                <scrollBox id="mainScrollBox">
                    <groupBox ext:index="0" id="formBox"
                              caption="msg://applicationDetails"
                              collapsable="true">
                        <form id="form" dataContainer="applicationDc">
                            <column width="450px">
                                <textField id="snField" property="sn" editable="false"/>
                                <entityPicker id="authorField" property="author" required="true">
                                    <actions>
                                        <action id="entityLookup" type="entity_lookup"/>
                                        <action id="entityClear" type="entity_clear"/>
                                    </actions>
                                </entityPicker>
                                <dateField id="dateField" property="date"/>
                                <comboBox id="statusField" property="status" editable="false"/>
                                <textArea id="infoField" property="info" rowspan="3"/>
                                <currencyField id="totalKpiField" property="totalKpi" currency="%"/>
                            </column>
                            <column width="25px"><label/></column>
                            <column width="450px">
                                <entityComboBox id="periodField" property="period" optionsContainer="kpiPeriodsDc" required="true">
                                    <actions>
                                        <action id="entityLookup" type="entity_lookup"/>
                                        <action id="entityClear" type="entity_clear"/>
                                    </actions>
                                </entityComboBox>
                                <textArea id="departmentField" property="department.fullName" rowspan="3"/>
                                <hbox width="100%" caption="msg://position">
                                    <textField dataContainer="applicationDc" width="100%"
                                               id="positionField" property="position" box.expandRatio=".9"/>
                                    <button id="restorePosAndDepBtn" box.expandRatio=".1"
                                            align="MIDDLE_RIGHT" icon="font-icon:UNDO"/>
                                </hbox>
                                <hbox width="100%" caption="msg://supervisor">
                                    <textField id="supervisorField" property="supervisor" width="100%"
                                               dataContainer="applicationDc" box.expandRatio=".9"/>
                                    <button id="restoreSupervisorBtn" box.expandRatio=".1"
                                            align="MIDDLE_RIGHT" icon="font-icon:UNDO"/>
                                </hbox>
                                <hbox width="100%" caption="msg://leader">
                                    <textField id="leaderField" property="leader" width="100%"
                                               dataContainer="applicationDc" box.expandRatio=".9"/>
                                    <button id="restoreLeaderBtn" box.expandRatio=".1"
                                            align="MIDDLE_RIGHT" icon="font-icon:UNDO"/>
                                </hbox>
                                <textField id="stageField" property="stage"/>
                            </column>
                        </form>
                    </groupBox>
                    <tabSheet>
                        <tab ext:index="0"
                             margin="true,false,false,false"
                             id="kpiGoalsBox"
                             caption="msg://kz.eub.kpi.entity.kpi/KpiCard.kpiGoals"
                             spacing="true">
                            <table id="kpiGoalsTable" dataContainer="kpiGoalsDc" width="100%" multiLineCells="true">
                                <actions>
                                    <action id="edit" type="edit" enable="false">
                                        <properties>
                                            <property name="screenId" value="kpi_KpiGoal.fact"/>
                                        </properties>
                                    </action>
                                    <action id="view" type="view"/>
                                </actions>
                                <columns>
                                    <column id="sn"/>
                                    <column id="name" width="300"/>
                                    <column id="kpiDescription" width="300"/>
                                    <column id="category"/>
                                    <column id="weight"/>
                                    <column id="planStr"/>
                                    <column id="factStr"/>
                                    <column id="status"/>
                                    <column id="period"/>
                                    <column id="unit"/>
                                    <column id="progress"/>
                                    <column id="efficiency"/>
                                    <column id="dataSource"/>
                                </columns>
                                <buttonsPanel>
                                    <button id="editFactBtn" stylename="danger"
                                            action="kpiGoalsTable.edit"
                                            enable="false"
                                            caption="msg://editFact"/>
                                    <button id="kpiGoalsTableViewBtn" action="kpiGoalsTable.view"/>
                                </buttonsPanel>
                            </table>
                        </tab>
                    </tabSheet>
                </scrollBox>
            </vbox>
        </split>
    </layout>
</window>
