<?xml version="1.0" encoding="UTF-8" standalone="no"?>
<window xmlns="http://jmix.io/schema/ui/window"
        xmlns:c="http://jmix.io/schema/ui/jpql-condition"
        caption="msg://kpiCardBrowse.caption"
        focusComponent="kpiCardsTable">
    <data readOnly="true">
        <collection id="kpiCardsDc"
                    class="kz.eub.kpi.entity.kpi.KpiCard">
            <fetchPlan extends="_base">
                <property name="author" fetchPlan="_base"/>
                <property name="department" fetchPlan="_base"/>
                <property name="period" fetchPlan="_base"/>
            </fetchPlan>
            <loader id="kpiCardsDl">
                <query>
                    <![CDATA[select e from kpi_KpiCard e]]>
                </query>
            </loader>
        </collection>
        <collection id="orgStructureCardsDc" class="kz.eub.kpi.entity.kpi.KpiCard"/>
    </data>
    <facets>
        <dataLoadCoordinator auto="true"/>
        <screenSettings id="settingsFacet" auto="true"/>
    </facets>
    <actions>
        <action id="lookupSelectAction"
                caption="msg:///actions.Select"
                icon="LOOKUP_OK"
                primary="true"
                shortcut="${COMMIT_SHORTCUT}"/>
        <action id="lookupCancelAction"
                caption="msg:///actions.Cancel"
                icon="LOOKUP_CANCEL"/>
    </actions>
    <dialogMode height="600"
                width="800"/>
    <layout expand="tabSheet" spacing="true">
        <tabSheet id="tabSheet">
            <tab id="tab1" caption="msg://search" spacing="true" margin="true,false,false,false" expand="kpiCardsTable">
                <filter id="filter"
                        dataLoader="kpiCardsDl">
                    <properties include=".*"/>
                    <configurations>
                        <configuration id="authorConf" name="msg://authorConf">
                            <propertyFilter id="authorProp" property="author" operation="EQUAL" />
                        </configuration>
                    </configurations>
                </filter>
                <groupTable id="kpiCardsTable" sortable="true"
                            width="100%" multiLineCells="true"
                            contextMenuEnabled="false"
                            dataContainer="kpiCardsDc">
                    <actions>
                        <action id="view" type="view" shortcut="F3">
                            <properties>
                                <property name="screenId" value="kpi_KpiCard.view"/>
                            </properties>
                        </action>
                        <action id="excelExport" type="excelExport"/>
                        <action id="revoke" caption="msg://revoke" icon="ROTATE_LEFT" trackSelection="true"/>
                        <action id="rollBack" caption="msg://rollBack" icon="font-icon:BACKWARD" trackSelection="true"/>
                    </actions>
                    <columns>
                        <column id="sn"/>
                        <column id="author.payrollNumber"/>
                        <column id="author"/>
                        <column id="name"/>
                        <column id="period"/>
                        <column id="department.fullName" width="300"/>
                        <column id="stage"/>
                        <column id="date"/>
                        <column id="status"/>
                        <column id="totalKpi"/>
                        <column id="info"/>
                    </columns>
                    <simplePagination id="simplePagination" itemsPerPageVisible="true"/>
                    <buttonsPanel id="buttonsPanel"
                                  alwaysVisible="true">
                        <button id="viewBtn" action="kpiCardsTable.view"/>
                        <button id="exportBtn" action="kpiCardsTable.excelExport"/>
                        <button id="calcGoalsBtn" caption="msg://calcGoals" icon="font-icon:CALCULATOR"/>
                        <button id="exportGoalsBtn" caption="msg://exportGoals" icon="font-icon:FILE_EXCEL_O"/>
                        <button id="revokeBtn" action="kpiCardsTable.revoke"/>
                        <button id="rollBackBtn" action="kpiCardsTable.rollBack"/>
                    </buttonsPanel>
                </groupTable>
            </tab>
            <tab id="tab2" caption="msg://departmentStructureCards" spacing="true" margin="true,false,false,false" expand="orgStructureCardsTable">
                <groupBox id="depParamsBox">
                    <form>
                        <column>
                            <entityPicker id="periodFld" caption="msg://period"
                                          metaClass="kpi_KpiPeriod"/>
                        </column>
                        <column>
                            <valuesPicker id="departmentsFld" caption="msg://departments">
                                <actions>
                                    <action id="select" type="values_select">
                                        <properties>
                                            <property name="entityName" value="kpi_DictDepartment"/>
                                        </properties>
                                    </action>
                                    <action id="clear" type="value_clear"/>
                                </actions>
                            </valuesPicker>
                        </column>
                        <column>
                            <comboBox id="statusFld" caption="msg://status"
                                      optionsEnum="kz.eub.kpi.entity.EApplicationStatus"/>
                        </column>
                        <column>
                            <button id="searchBtn" icon="font-icon:SEARCH" caption="msg://search"/>
                        </column>
                    </form>
                </groupBox>
                <groupTable id="orgStructureCardsTable" sortable="true"
                            width="100%" multiLineCells="true"
                            contextMenuEnabled="false"
                            dataContainer="orgStructureCardsDc">
                    <actions>
                        <action id="view" type="view" shortcut="F3">
                            <properties>
                                <property name="screenId" value="kpi_KpiCard.view"/>
                            </properties>
                        </action>
                        <action id="excelExport" type="excelExport"/>
                    </actions>
                    <columns>
                        <column id="sn"/>
                        <column id="author.payrollNumber"/>
                        <column id="author"/>
                        <column id="name"/>
                        <column id="period"/>
                        <column id="department.fullName" width="300"/>
                        <column id="stage"/>
                        <column id="date"/>
                        <column id="status"/>
                        <column id="totalKpi"/>
                        <column id="info"/>
                    </columns>
                    <simplePagination id="osSimplePagination" itemsPerPageVisible="true"/>
                    <buttonsPanel id="osButtonsPanel"
                                  alwaysVisible="true">
                        <button id="osCardsTableViewBtn" action="orgStructureCardsTable.view"/>
                        <button id="osCardsTableExcelExportBtn" action="orgStructureCardsTable.excelExport"/>
                        <button id="osExportGoalsBtn" caption="msg://exportGoals" icon="font-icon:FILE_EXCEL_O"/>
                    </buttonsPanel>
                </groupTable>
            </tab>
        </tabSheet>

        <hbox id="lookupActions" spacing="true" visible="false">
            <button action="lookupSelectAction"/>
            <button action="lookupCancelAction"/>
        </hbox>
    </layout>
</window>
