<?xml version="1.0" encoding="UTF-8" standalone="no"?>
<window xmlns="http://jmix.io/schema/ui/window"
        xmlns:c="http://jmix.io/schema/ui/jpql-condition"
        caption="msg://kpiCardBrowse.caption"
        focusComponent="kpiCardsTable">
    <data readOnly="true">
        <collection id="kpiCardsDc" class="kz.eub.kpi.entity.kpi.KpiCard"/>
    </data>
    <facets>
        <dataLoadCoordinator auto="true"/>
        <screenSettings id="settingsFacet" auto="true"/>
    </facets>
    <actions>
        <action id="lookupSelectAction"
                caption="msg:///actions.Select"
                icon="LOOKUP_OK"
                primary="true"
                shortcut="${COMMIT_SHORTCUT}"/>
        <action id="lookupCancelAction"
                caption="msg:///actions.Cancel"
                icon="LOOKUP_CANCEL"/>
    </actions>
    <dialogMode height="600"
                width="800"/>
    <layout expand="kpiCardsTable" spacing="true">
        <groupTable id="kpiCardsTable"
                    width="100%"
                    contextMenuEnabled="false"
                    dataContainer="kpiCardsDc">
            <actions>
                <action id="view" type="view" shortcut="F3">
                    <properties>
                        <property name="screenId" value="kpi_KpiCard.view"/>
                    </properties>
                </action>
            </actions>
            <columns>
                <column id="sn"/>
                <column id="name"/>
                <column id="author"/>
                <column id="department"/>
                <column id="date"/>
                <column id="status"/>
                <column id="info"/>
            </columns>
            <simplePagination itemsPerPageVisible="true"/>
            <buttonsPanel id="buttonsPanel"
                          alwaysVisible="true">
                <button id="kpiCardsTableViewBtn" action="kpiCardsTable.view"/>
                <textField id="sheedIndexFld" datatype="int" description="msg://sheetIndex" width="50"/>
                <fileUpload id="fileUploadFld"
                            accept="*.xls,*.xlsx"
                            uploadButtonIcon="EXCEL_ACTION"
                            showFileName="true"/>
                <button id="importBtn" caption="msg://import" icon="font-icon:SAVE" enable="false"/>
            </buttonsPanel>
        </groupTable>
        <hbox id="lookupActions" spacing="true" visible="false">
            <button action="lookupSelectAction"/>
            <button action="lookupCancelAction"/>
        </hbox>
    </layout>
</window>
