<?xml version="1.0" encoding="UTF-8" standalone="no"?>
<window xmlns="http://jmix.io/schema/ui/window"
        xmlns:dynattr="http://jmix.io/schema/dynattr/ui"
        caption="msg://correction700ndEdit.caption"
        focusComponent="form">
    <data>
        <instance id="correction700ndDc"
                  class="kz.eub.report360.entity.Correction700nd">
            <fetchPlan extends="_base"/>
            <loader/>
        </instance>
    </data>
    <facets>
        <dataLoadCoordinator auto="true"/>
        <dynattr:dynamicAttributes/>
        <screenSettings id="settingsFacet" auto="true"/>
    </facets>
    <actions>
        <action id="windowCommitAndClose" caption="msg:///actions.Ok"
                icon="EDITOR_OK"
                primary="true"
                shortcut="${COMMIT_SHORTCUT}"/>
        <action id="windowClose"
                caption="msg:///actions.Close"
                icon="EDITOR_CANCEL"/>
    </actions>
    <dialogMode height="600"
                width="800"
                forceDialog="true"/>
    <layout spacing="true" expand="editActions">
        <form id="form" dataContainer="correction700ndDc">
            <column width="350px">
                <dateField id="dateValueField" property="dateValue" required="true"/>
                <textField id="pa4codeField" property="pa4code" required="true" datatype="int" maxLength="4"/>
                <comboBox id="rezField"
                          property="rez"
                          required="true"/>
                <comboBox id="econField"
                          property="econ"
                          required="true"/>
                <comboBox id="curField"
                          property="cur"
                          required="true"/>
                <textField id="outSaldoKztField" property="outSaldoKzt" required="true"/>
                <textField id="commentsField" property="comments"/>
            </column>
        </form>
        <hbox id="editActions" spacing="true">
            <button id="commitAndCloseBtn" action="windowCommitAndClose"/>
            <button id="closeBtn" action="windowClose"/>
        </hbox>
    </layout>
</window>
