<?xml version="1.0" encoding="UTF-8" standalone="no"?>
<window xmlns="http://jmix.io/schema/ui/window"
        xmlns:c="http://jmix.io/schema/ui/jpql-condition"
        xmlns:dynattr="http://jmix.io/schema/dynattr/ui"
        caption="msg://correction700ndBrowse.caption"
        focusComponent="correction700ndsTable">
    <data readOnly="true">
        <collection id="correction700ndsDc"
                    class="kz.eub.report360.entity.Correction700nd">
            <fetchPlan extends="_base"/>
            <loader id="correction700ndsDl">
                <query>
                    <![CDATA[select e from r360_Correction700nd e]]>
                </query>
            </loader>
        </collection>
    </data>
    <facets>
        <dataLoadCoordinator auto="true"/>
        <dynattr:dynamicAttributes/>
        <screenSettings id="settingsFacet" auto="true"/>
    </facets>
    <actions>
        <action id="lookupSelectAction"
                caption="msg:///actions.Select"
                icon="LOOKUP_OK"
                primary="true"
                shortcut="${COMMIT_SHORTCUT}"/>
        <action id="lookupCancelAction"
                caption="msg:///actions.Cancel"
                icon="LOOKUP_CANCEL"/>
    </actions>
    <dialogMode height="600"
                width="800"/>
    <layout expand="correction700ndsTable" spacing="true">
        <filter id="filter"
                dataLoader="correction700ndsDl">
            <properties include=".*"/>
        </filter>
        <table id="correction700ndsTable"
               width="100%"
               dataContainer="correction700ndsDc">
            <actions>
                <action id="create" type="create"/>
                <action id="excelExport" type="excelExport"/>
            </actions>
            <columns>
                <column id="dateValue"/>
                <column id="pa4code"/>
                <column id="rez"/>
                <column id="econ"/>
                <column id="cur"/>
                <column id="outSaldoKzt"/>
                <column id="comments"/>
                <column id="createdBy"/>
                <column id="createdDate"/>
            </columns>
            <simplePagination/>
            <buttonsPanel id="buttonsPanel"
                          alwaysVisible="true">
                <button id="createBtn" action="correction700ndsTable.create"/>
                <button id="correction700ndsTableExcelExportBtn" action="correction700ndsTable.excelExport" caption="Выгрузить Excel файл"/>
                <fileStorageUpload id="attachmentFileField"
                                   property="attachmentFile"
                                   permittedExtensions=".xlsx"
                                   accept="*.xlsx"
                                   fileSizeLimit="2147483647"
                                   caption="Excel файл"/>
            </buttonsPanel>
        </table>
        <hbox id="lookupActions" spacing="true" visible="false">
            <button action="lookupSelectAction"/>
            <button action="lookupCancelAction"/>
        </hbox>
    </layout>
</window>
