<?xml version="1.0" encoding="UTF-8" standalone="no"?>
<window xmlns="http://jmix.io/schema/ui/window"
        caption="msg://duelContest.caption">
    <dialogMode forceDialog="true" width="1000" height="1000"/>
    <facets>
        <timer id="timer"
               autostart="true"
               delay="1000"
               repeating="true"/>
    </facets>
    <layout spacing="false">
        <!--        <groupBox spacing="false" height="100%" width="100%" align="MIDDLE_CENTER">-->
        <groupBox width="100%" align="TOP_CENTER">
            <vbox height="100%" css="background-color: #f9f9f9">
                <hbox width="100%" height="30%" spacing="true" css="border: none">
                    <groupBox width="100%" height="100%" spacing="true" css="border: none">
                        <vbox width="100%" height="100%" align="MIDDLE_CENTER" spacing="true">
                            <label icon="font-icon:USER_CIRCLE_O" css="font-size: 300%" align="MIDDLE_CENTER"
                                   height="70"/>
                            <label id="userName" value="Name" align="MIDDLE_CENTER" css="font-size:150%" height="70"/>
                        </vbox>
                    </groupBox>
                    <hbox height="20" align="MIDDLE_LEFT" width="30">
                        <label id="pointContester" css="font-size: 150%"/>
                    </hbox>
                    <vbox spacing="true">
                        <hbox height="20"/>
                        <hbox spacing="true" align="MIDDLE_CENTER">
                            <label value="Длительность: " align="MIDDLE_CENTER" css="font-size:150%"/>
                            <label value="120 секунд" align="MIDDLE_CENTER" css="font-size:150%"/>
                        </hbox>
                        <hbox height="20"/>
                        <hbox spacing="true" align="MIDDLE_CENTER">
                            <label value="Прошло: " align="MIDDLE_CENTER" css="font-size:150%"/>
                            <label id="timerId" value="" align="MIDDLE_CENTER" css="font-size:150%"/>
                        </hbox>

                    </vbox>
                    <hbox height="20" align="MIDDLE_RIGHT">
                        <label icon="QUESTION_CIRCLE" css="font-size: 150%"/>
                    </hbox>
                    <groupBox width="100%" height="100%" spacing="true" css="border: none">
                        <vbox width="100%" height="100%" align="MIDDLE_CENTER" spacing="true">
                            <label icon="font-icon:USER_CIRCLE_O" css="font-size: 300%" align="MIDDLE_CENTER"
                                   height="70"/>
                            <label value="Соперник" align="MIDDLE_CENTER" css="font-size:150%" height="70"/>
                        </vbox>
                    </groupBox>
                </hbox>
                <hbox height="30"/>
                <groupBox id="questionTitleShowId" width="100%" height="40%" spacing="false">
                    <groupBox width="100%" height="20%" spacing="true" css="border: none">
                        <hbox width="100%" height="100%" align="MIDDLE_CENTER" spacing="true">

                            <label value="Вопрос #" align="MIDDLE_RIGHT" css="font-size:150%" height="30"/>
                            <label id="questionOrder" align="MIDDLE_LEFT" css="font-size:150%" height="30"/>
                        </hbox>
                    </groupBox>
                    <vbox height="20%">
                        <label id="questionId" align="MIDDLE_CENTER" css="font-size:150%" height="30"/>

                    </vbox>
                    <groupBox width="100%" height="60%" css="border: none">
                        <vbox width="100%" height="100%" align="MIDDLE_CENTER" spacing="true">

                            <label icon="QUESTION_CIRCLE" align="MIDDLE_CENTER" css="font-size:500%" height="150"/>
                        </vbox>
                    </groupBox>
                </groupBox>
                <hbox height="30"/>

                <vbox height="30%" id="questionAnswerShow">
                    <hbox width="100%" height="100%" spacing="true">
                        <groupBox width="100%" height="100%" spacing="true" id="btn1" visible="false">
                            <vbox width="100%" height="100%" align="MIDDLE_CENTER" spacing="true">
                                <button id="answer1" caption="queation 1" align="MIDDLE_CENTER" css="font-size:150%" height="70"/>
                            </vbox>
                        </groupBox>
                        <groupBox width="100%" height="100%" spacing="true" id="btn2" visible="false">
                            <vbox width="100%" height="100%" align="MIDDLE_CENTER" spacing="true">

                                <button id="answer2" caption="question 2" align="MIDDLE_CENTER" css="font-size:150%" height="70"/>
                            </vbox>
                        </groupBox>
                    </hbox>
                    <hbox height="10"/>
                    <hbox width="100%" height="100%" spacing="true">
                        <groupBox width="100%" height="100%" spacing="true" id="btn3" visible="false">
                            <vbox width="100%" height="100%" align="MIDDLE_CENTER" spacing="true">

                                <button id="answer3" caption="question 3" align="MIDDLE_CENTER" css="font-size:150%" height="70"/>
                            </vbox>
                        </groupBox>
                        <groupBox width="100%" height="100%" spacing="true" id="btn4" visible="false">
                            <vbox width="100%" height="100%" align="MIDDLE_CENTER" spacing="true">

                                <button id="answer4" caption="question 4" align="MIDDLE_CENTER" css="font-size:150%" height="70"/>
                            </vbox>
                        </groupBox>
                    </hbox>
                </vbox>

                <groupBox id="resultShowId" width="100%" height="40%" spacing="false">
                    <groupBox width="100%" height="60%" css="border: none">
                        <vbox width="100%" height="100%" align="MIDDLE_CENTER" spacing="true">

                            <label icon="FLAG" align="MIDDLE_CENTER" css="font-size:500%" height="150"/>
                        </vbox>
                    </groupBox>
                    <groupBox width="100%" align="MIDDLE_CENTER" height="20%" spacing="true" css="border: none">
                       <button id="closeBtn" align="MIDDLE_CENTER"  css="font-size: 150%" caption="Закрыть"/>
                    </groupBox>

                </groupBox>
            </vbox>
        </groupBox>

        <!--            <groupBox width="100%" height="100%" align="TOP_CENTER">-->
        <!--                <vbox width="100%" height="100%" spacing="false">-->
        <!--                    <groupBox width="100%" height="20%" spacing="true">-->
        <!--                        <vbox width="100%" height="100%" align="MIDDLE_CENTER" spacing="true">-->
        <!--                            <label icon="font-icon:USER_CIRCLE_O" css="font-size: 300%" align="MIDDLE_CENTER" height="100"/>-->
        <!--                            <label value="Name" align="MIDDLE_CENTER" css="font-size:150%" height="100"/>-->
        <!--                        </vbox>-->
        <!--                    </groupBox>-->
        <!--                    <vbox  height="20%">-->
        <!--                        <label value="Timer" align="MIDDLE_CENTER" css="font-size:150%" height="50"/>-->

        <!--                    </vbox>-->
        <!--                    <groupBox width="100%" height="60%" >-->
        <!--                        <vbox width="100%" height="100%" align="MIDDLE_CENTER" spacing="true">-->
        <!--                            <label icon="font-icon:USER_CIRCLE_O" css="font-size: 300%" align="MIDDLE_CENTER" height="100"/>-->
        <!--                            <label value="Opponent" align="MIDDLE_CENTER" css="font-size:150%" height="100"/>-->
        <!--                        </vbox>-->
        <!--                    </groupBox>-->
        <!--                </vbox>-->
        <!--            </groupBox>-->

        <!--            <groupBox width="100%" height="70%" align="BOTTOM_CENTER">-->
        <!--                <hbox width="100%" height="100%" spacing="true">-->
        <!--                    <groupBox width="100%" height="100%" spacing="true">-->
        <!--                        <vbox width="100%" height="100%" align="MIDDLE_CENTER" spacing="true">-->
        <!--                            <label icon="font-icon:USER_CIRCLE_O" css="font-size: 300%" align="MIDDLE_CENTER" height="100"/>-->
        <!--                            <label value="Name" align="MIDDLE_CENTER" css="font-size:150%" height="100"/>-->
        <!--                        </vbox>-->
        <!--                    </groupBox>-->
        <!--                    <vbox  spacing="true">-->
        <!--                        <label value="Timer" align="MIDDLE_CENTER" css="font-size:150%" height="50"/>-->

        <!--                    </vbox>-->
        <!--                    <groupBox width="100%" height="100%"  spacing="true">-->
        <!--                        <vbox width="100%" height="100%" align="MIDDLE_CENTER" spacing="true">-->
        <!--                            <label icon="font-icon:USER_CIRCLE_O" css="font-size: 300%" align="MIDDLE_CENTER" height="100"/>-->
        <!--                            <label value="Opponent" align="MIDDLE_CENTER" css="font-size:150%" height="100"/>-->
        <!--                        </vbox>-->
        <!--                    </groupBox>-->
        <!--                </hbox>-->
        <!--            </groupBox>-->
        <!--        </groupBox>-->
    </layout>
</window>