<?xml version="1.0" encoding="UTF-8" standalone="no"?>
<window xmlns="http://jmix.io/schema/ui/window"
        xmlns:c="http://jmix.io/schema/ui/jpql-condition"
        caption="msg://kpiGoalDictPlanBrowse.caption"
        focusComponent="kpiGoalDictPlansTable">
    <data readOnly="true">
        <collection id="kpiGoalDictPlansDc"
                    class="kz.eub.kpi.entity.kpi.KpiGoalDictPlan">
            <fetchPlan extends="_base">
                <property name="goalDict"/>
            </fetchPlan>
            <loader id="kpiGoalDictPlansDl">
                <query>
                    <![CDATA[select e from kpi_KpiGoalDictPlan e]]>
                </query>
            </loader>
        </collection>
    </data>
    <facets>
        <dataLoadCoordinator auto="true"/>
        <screenSettings id="settingsFacet" auto="true"/>
    </facets>
    <actions>
        <action id="lookupSelectAction"
                caption="msg:///actions.Select"
                icon="LOOKUP_OK"
                primary="true"
                shortcut="${COMMIT_SHORTCUT}"/>
        <action id="lookupCancelAction"
                caption="msg:///actions.Cancel"
                icon="LOOKUP_CANCEL"/>
    </actions>
    <dialogMode height="800"
                width="1200"/>
    <layout expand="kpiGoalDictPlansTable" spacing="true">
        <filter id="filter"
                dataLoader="kpiGoalDictPlansDl">
            <properties include=".*"/>
            <configurations>
                <configuration id="configSubCatAndPeriod" operation="AND"
                               name="Плановые показатели" default="true">
                    <propertyFilter property="goalDict.category" operation="EQUAL"
                                    operationCaptionVisible="false" operationEditable="false"
                                    defaultValue="FINANCIAL_GOAL" editable="false" visible="false"/>
                    <propertyFilter property="status" operation="EQUAL"
                                    defaultValue="APPROVED" visible="false"
                                    operationCaptionVisible="false" operationEditable="false"/>
                    <propertyFilter property="goalDict.subCategory" operation="EQUAL"
                                    operationCaptionVisible="false" operationEditable="false"
                                    caption="msg://subCategory"/>
                    <propertyFilter property="goalDict.business" operation="EQUAL"
                                    operationCaptionVisible="false" operationEditable="false"
                                    caption="msg://business"/>
                    <propertyFilter property="goalDict.name" operation="CONTAINS"
                                    operationCaptionVisible="false" operationEditable="false"
                                    caption="msg://goal"/>
                    <propertyFilter property="goalDict.goalDescription" operation="CONTAINS"
                                    operationCaptionVisible="false" operationEditable="false"
                                    caption="msg://description"/>
                    <propertyFilter id="filterPeriodField" property="period" operation="EQUAL"
                                    operationCaptionVisible="false" operationEditable="false"
                                    editable="false"/>

                </configuration>
            </configurations>
        </filter>
        <groupTable id="kpiGoalDictPlansTable"
                    multiLineCells="true"
                    width="100%"
                    dataContainer="kpiGoalDictPlansDc">
            <actions>
                <action id="excelExport" type="excelExport"/>
            </actions>
            <columns>
                <column id="goalDict.category"/>
                <column id="goalDict.subCategory"/>
                <column id="goalDict.name"/>
                <column id="goalDict.business"/>
                <column id="goalDict.goalDescription"/>
                <column id="goalDict.unit"/>
                <column id="goalDict.dataSource"/>
                <column id="plan"/>
                <column id="goalDict.info"/>
                <column id="status"/>
            </columns>
            <simplePagination itemsPerPageUnlimitedOptionVisible="true" itemsPerPageVisible="true" itemsPerPageDefaultValue="500"/>
            <buttonsPanel id="buttonsPanel"
                          alwaysVisible="true">
                <button id="kpiGoalDictPlansTableExcelExportBtn" action="kpiGoalDictPlansTable.excelExport"/>
            </buttonsPanel>
        </groupTable>
        <hbox id="lookupActions" spacing="true" visible="false">
            <button action="lookupSelectAction"/>
            <button action="lookupCancelAction"/>
        </hbox>
    </layout>
</window>
