<?xml version="1.0" encoding="UTF-8" standalone="no"?>
<window xmlns="http://jmix.io/schema/ui/window"
        xmlns:c="http://jmix.io/schema/ui/jpql-condition"
        caption="msg://gvkDepartmentBrowse.caption"
        focusComponent="gvkDepartmentsTable">
    <data readOnly="true">
        <collection id="gvkDepartmentsDc"
                    class="kz.eub.kpi.entity.GvkDepartment">
            <fetchPlan extends="_base">
                <property name="department"/>
            </fetchPlan>
            <loader id="gvkDepartmentsDl">
                <query>
                    <![CDATA[select e from kpi_GvkDepartment e]]>
                </query>
            </loader>
        </collection>
    </data>
    <facets>
        <dataLoadCoordinator auto="true"/>
        <screenSettings id="settingsFacet" auto="true"/>
    </facets>
    <actions>
        <action id="lookupSelectAction"
                caption="msg:///actions.Select"
                icon="LOOKUP_OK"
                primary="true"
                shortcut="${COMMIT_SHORTCUT}"/>
        <action id="lookupCancelAction"
                caption="msg:///actions.Cancel"
                icon="LOOKUP_CANCEL"/>
    </actions>
    <dialogMode height="600"
                width="800"/>
    <layout expand="gvkDepartmentsTable" spacing="true">
        <filter id="filter"
                dataLoader="gvkDepartmentsDl">
            <properties include=".*"/>
        </filter>
        <groupTable id="gvkDepartmentsTable"
                    width="100%"
                    dataContainer="gvkDepartmentsDc">
            <actions>
                <action id="create" type="create"/>
                <action id="edit" type="edit"/>
                <action id="remove" type="remove"/>
            </actions>
            <columns>
                <column id="code"/>
                <column id="sapId"/>
                <column id="name"/>
                <column id="department.fullName"/>
            </columns>
            <simplePagination/>
            <buttonsPanel id="buttonsPanel"
                          alwaysVisible="true">
                <button id="createBtn" action="gvkDepartmentsTable.create"/>
                <button id="editBtn" action="gvkDepartmentsTable.edit"/>
                <button id="removeBtn" action="gvkDepartmentsTable.remove"/>
            </buttonsPanel>
        </groupTable>
        <hbox id="lookupActions" spacing="true" visible="false">
            <button action="lookupSelectAction"/>
            <button action="lookupCancelAction"/>
        </hbox>
    </layout>
</window>
