<?xml version="1.0" encoding="UTF-8" standalone="no"?>
<window xmlns="http://jmix.io/schema/ui/window"
        caption="msg://gvkDepartmentEdit.caption"
        focusComponent="form">
    <data>
        <instance id="gvkDepartmentDc"
                  class="kz.eub.kpi.entity.GvkDepartment">
            <fetchPlan extends="_base">
                <property name="department" fetchPlan="_base"/>
            </fetchPlan>
            <loader/>
        </instance>
    </data>
    <facets>
        <dataLoadCoordinator auto="true"/>
        <screenSettings id="settingsFacet" auto="true"/>
    </facets>
    <actions>
        <action id="windowCommitAndClose" caption="msg:///actions.Ok"
                icon="EDITOR_OK"
                primary="true"
                shortcut="${COMMIT_SHORTCUT}"/>
        <action id="windowClose"
                caption="msg:///actions.Close"
                icon="EDITOR_CANCEL"/>
    </actions>
    <dialogMode forceDialog="true"
                height="AUTO"
                width="AUTO"/>
    <layout spacing="true" expand="editActions">
        <form id="form" dataContainer="gvkDepartmentDc">
            <column width="350px">
                <textField id="codeField" property="code" editable="false"/>
                <textField id="sapIdField" property="sapId" editable="false"/>
                <textField id="nameField" property="name" editable="false"/>
                <entityPicker id="departmentField" property="department">
                    <actions>
                        <action id="entityLookup" type="entity_lookup"/>
                        <action id="entityClear" type="entity_clear"/>
                    </actions>
                </entityPicker>
                <textArea id="fullNameField" property="department.fullName" editable="false"/>
            </column>
        </form>
        <hbox id="editActions" spacing="true">
            <button id="commitAndCloseBtn" action="windowCommitAndClose"/>
            <button id="closeBtn" action="windowClose"/>
        </hbox>
    </layout>
</window>
