<?xml version="1.0" encoding="UTF-8" standalone="no"?>
<window xmlns="http://jmix.io/schema/ui/window"
        caption="msg://awardTypeEdit.caption"
        focusComponent="form">
    <data>
        <instance id="awardTypeDc"
                  class="kz.eub.kpi.entity.AwardType">
            <fetchPlan extends="_base"/>
            <loader/>
        </instance>
    </data>
    <facets>
        <dataLoadCoordinator auto="true"/>
        <screenSettings id="settingsFacet" auto="true"/>
    </facets>
    <actions>
        <action id="windowCommitAndClose" caption="msg:///actions.Ok"
                icon="EDITOR_OK"
                primary="true"
                shortcut="${COMMIT_SHORTCUT}"/>
        <action id="windowClose"
                caption="msg:///actions.Close"
                icon="EDITOR_CANCEL"/>
    </actions>
    <dialogMode height="600"
                width="800"/>
    <layout spacing="true" expand="editActions">
        <form id="form" dataContainer="awardTypeDc">
            <column width="350px">
                <textField id="nameField" property="name" caption="msg://kz.eub.kpi.screen.user/AwardType.name"/>
                <textField id="descriptionField" property="description" caption="msg://kz.eub.kpi.screen.user/AwardType.description"/>
                <textField id="pointsField" property="points" caption="msg://kz.eub.kpi.screen.user/AwardType.points"/>
                <fileStorageUpload id="imageField" property="imageOpened" caption="msg://kz.eub.kpi.screen.user/AwardType.image"/>
            </column>
        </form>
        <hbox id="editActions" spacing="true">
            <button id="commitAndCloseBtn" action="windowCommitAndClose"/>
            <button id="closeBtn" action="windowClose"/>
        </hbox>
    </layout>
</window>
