<?xml version="1.0" encoding="UTF-8" standalone="no"?>
<window xmlns="http://jmix.io/schema/ui/window"
        xmlns:c="http://jmix.io/schema/ui/jpql-condition"
        caption="msg://awardTypeBrowse.caption"
        focusComponent="awardTypesTable">
    <data readOnly="true">
        <collection id="awardTypesDc"
                    class="kz.eub.kpi.entity.AwardType">
            <fetchPlan extends="_base"/>
            <loader id="awardTypesDl">
                <query>
                    <![CDATA[select e from account_profiles e]]>
                </query>
            </loader>
        </collection>
    </data>
    <facets>
        <dataLoadCoordinator auto="true"/>
        <screenSettings id="settingsFacet" auto="true"/>
    </facets>
    <actions>
        <action id="lookupSelectAction"
                caption="msg:///actions.Select"
                icon="LOOKUP_OK"
                primary="true"
                shortcut="${COMMIT_SHORTCUT}"/>
        <action id="lookupCancelAction"
                caption="msg:///actions.Cancel"
                icon="LOOKUP_CANCEL"/>
    </actions>
    <dialogMode height="600"
                width="800"/>
    <layout expand="awardTypesTable" spacing="true">
        <groupTable id="awardTypesTable"
                    width="100%"
                    dataContainer="awardTypesDc">
            <actions>
                <action id="add" type="add"/>
                <action id="create" type="create"/>
                <action id="edit" type="edit"/>
                <action id="remove" type="remove"/>
            </actions>
            <columns>
                <column id="name" caption="msg://kz.eub.kpi.screen.user/AwardType.name"/>
                <column id="description" caption="msg://kz.eub.kpi.screen.user/AwardType.description"/>
                <column id="points" caption="msg://kz.eub.kpi.screen.user/AwardType.points"/>
                <column id="imageOpened" caption="msg://kz.eub.kpi.screen.user/AwardType.image"/>
                <column id="isActive" caption="msg://kz.eub.kpi.screen.user/AwardType.isActive"/>
            </columns>
            <simplePagination/>
            <buttonsPanel id="buttonsPanel"
                          alwaysVisible="true">
                <button id="addBtn" action="awardTypesTable.add"/>
                <button id="createBtn" action="awardTypesTable.create"/>
                <button id="editBtn" action="awardTypesTable.edit"/>
                <button id="removeBtn" action="awardTypesTable.remove"/>
            </buttonsPanel>
        </groupTable>
        <hbox id="lookupActions" spacing="true" visible="false">
            <button action="lookupSelectAction"/>
            <button action="lookupCancelAction"/>
        </hbox>
    </layout>
</window>
