<?xml version="1.0" encoding="UTF-8" standalone="no"?>
<window xmlns="http://jmix.io/schema/ui/window"
        caption="msg://userGroupEdit.caption"
        focusComponent="form">
    <data>
        <instance id="userGroupDc"
                  class="kz.eub.report360.entity.UserGroup">
            <fetchPlan extends="_base">
                <property name="users" fetchPlan="_base"/>
                <property name="departments" fetchPlan="_base"/>
            </fetchPlan>
            <collection id="usersDc" property="users"/>
            <collection id="departmentsDc" property="departments"/>
            <loader/>
        </instance>
    </data>
    <facets>
        <dataLoadCoordinator auto="true"/>
        <screenSettings id="settingsFacet" auto="true"/>
    </facets>
    <actions>
        <action id="windowCommitAndClose" caption="msg:///actions.Ok"
                icon="EDITOR_OK"
                primary="true"
                shortcut="${COMMIT_SHORTCUT}"/>
        <action id="windowClose"
                caption="msg:///actions.Close"
                icon="EDITOR_CANCEL"/>
    </actions>
    <dialogMode height="600"
                forceDialog="true"
                width="AUTO"/>
    <layout spacing="true" expand="tabSheet">
        <form id="form" dataContainer="userGroupDc">
            <column width="350px">
                <textField id="nameField" property="name" editable="false"/>
            </column>
            <column width="350px">
                <textField id="codeField" property="code" inputPrompt="msg://codeField.inputPrompt" maxLength="20"
                           caseConversion="UPPER" editable="false"/>
            </column>
        </form>

        <tabSheet id="tabSheet">
            <tab caption="msg://usersTab" id="usersTab"
                 margin="true,false,false,false"
                 spacing="true" expand="userGroupsTable">
                <table id="userGroupsTable" width="100%" dataContainer="usersDc">
                    <actions>
                        <action id="add" type="add"/>
                        <action id="view" type="view"/>
                        <action id="remove" type="remove"/>
                    </actions>
                    <buttonsPanel alwaysVisible="true">
                        <button id="userGroupsTableAddBtn" action="userGroupsTable.add"/>
                        <button id="userGroupsTableViewBtn" action="userGroupsTable.view"/>
                        <button id="userGroupsTableRemoveBtn" action="userGroupsTable.remove"/>
                    </buttonsPanel>
                    <columns>
                        <column id="username"/>
                        <column id="fullName"/>
                        <column id="nameShort"/>
                        <column id="email"/>
                        <column id="active"/>
                        <column id="pn"/>
                        <column id="mobile"/>
                    </columns>
                </table>
            </tab>

            <tab caption="msg://departments" id="depsTab"
                 margin="true,false,false,false"
                 spacing="true" expand="dictDepartmentsTable">
                <table id="dictDepartmentsTable"
                       width="100%" dataContainer="departmentsDc">
                    <actions>
                        <action id="add" type="add"/>
                        <action id="view" type="view"/>
                        <action id="remove" type="remove"/>
                    </actions>
                    <buttonsPanel alwaysVisible="true">
                        <button id="dictDepartmentsTableAddBtn" action="dictDepartmentsTable.add"/>
                        <button id="dictDepartmentsTableViewBtn" action="dictDepartmentsTable.view"/>
                        <button id="dictDepartmentsTableRemoveBtn" action="dictDepartmentsTable.remove"/>
                    </buttonsPanel>
                    <columns>
                        <column id="name"/>
                        <column id="code"/>
                        <column id="sapId"/>
                        <column id="startDate"/>
                        <column id="level"/>
                        <column id="branch"/>
                        <column id="endDate"/>
                        <column id="parent"/>
                    </columns>
                </table>
            </tab>
        </tabSheet>

        <hbox id="editActions" spacing="true">
            <button id="commitAndCloseBtn" action="windowCommitAndClose"/>
            <button id="closeBtn" action="windowClose"/>
        </hbox>
    </layout>
</window>
