<?xml version="1.0" encoding="UTF-8" standalone="no"?>
<window xmlns="http://jmix.io/schema/ui/window"
        caption="msg://userGroupBrowse.caption"
        focusComponent="userGroupsTable">
    <data readOnly="true">
        <collection id="userGroupsDc"
                    class="kz.eub.report360.entity.UserGroup">
            <fetchPlan extends="_base">
                <property name="users" fetchPlan="_base"/>
                <property name="departments" fetchPlan="_base"/>
            </fetchPlan>
            <loader id="userGroupsDl">
                <query>
                    <![CDATA[select e from r360_UserGroup e]]>
                </query>
            </loader>
        </collection>
    </data>
    <facets>
        <dataLoadCoordinator auto="true"/>
        <screenSettings id="settingsFacet" auto="true"/>
    </facets>
    <actions>
        <action id="lookupSelectAction"
                caption="msg:///actions.Select"
                icon="LOOKUP_OK"
                primary="true"
                shortcut="${COMMIT_SHORTCUT}"/>
        <action id="lookupCancelAction"
                caption="msg:///actions.Cancel"
                icon="LOOKUP_CANCEL"/>
    </actions>
    <dialogMode height="700px"
                width="1200px"/>
    <layout expand="userGroupsTable" spacing="true">
        <filter id="filter"
                dataLoader="userGroupsDl">
            <properties include=".*"/>
        </filter>
        <groupTable id="userGroupsTable"
                    width="100%"
                    dataContainer="userGroupsDc" multiLineCells="true">
            <actions>
                <action id="create" type="create"/>
                <action id="edit" type="edit"/>
                <action id="remove" type="remove"/>
            </actions>
            <columns>
                <column id="name"/>
                <column id="code"/>
                <column id="departments"/>
                <column id="users"/>
            </columns>
            <simplePagination itemsPerPageUnlimitedOptionVisible="true" itemsPerPageVisible="true"/>
            <buttonsPanel id="buttonsPanel"
                          alwaysVisible="true">
                <button id="createBtn" action="userGroupsTable.create"/>
                <button id="editBtn" action="userGroupsTable.edit"/>
                <button id="removeBtn" action="userGroupsTable.remove"/>
            </buttonsPanel>
        </groupTable>
        <hbox id="lookupActions" spacing="true" visible="false">
            <button action="lookupSelectAction"/>
            <button action="lookupCancelAction"/>
        </hbox>
    </layout>
</window>
