<?xml version="1.0" encoding="UTF-8"?>
<project version="4">
  <component name="JmixDataStoreSettingsManager">
    <moduleSettings>
      <entry key="kpi.main">
        <ModuleSettings>
          <option name="dataStoreOptions">
            <map>
              <entry key="dwhprod">
                <value>
                  <DataStoreSettings>
                    <option name="supportedTypes">
                      <option value="postgres" />
                    </option>
                  </DataStoreSettings>
                </value>
              </entry>
              <entry key="main">
                <value>
                  <DataStoreSettings />
                </value>
              </entry>
            </map>
          </option>
        </ModuleSettings>
      </entry>
      <entry key="kz.eub.kpi.main">
        <ModuleSettings>
          <option name="dataStoreOptions">
            <map>
              <entry key="main">
                <value>
                  <DataStoreSettings>
                    <option name="generateDdlType" value="CREATE_AND_UPDATE" />
                    <option name="supportedTypes">
                      <option value="postgres" />
                    </option>
                  </DataStoreSettings>
                </value>
              </entry>
            </map>
          </option>
        </ModuleSettings>
      </entry>
    </moduleSettings>
  </component>
  <component name="JmixLiquibaseChangesConfig">
    <exclude-change idName="KPI_KPI_EMPL_DEV_PLAN#PERFORMANCE" tagName="modifyDataType" />
    <exclude-change idName="KPI_KPI_EMPL_DEV_PLAN#WEIGHT" tagName="modifyDataType" />
    <exclude-change idName="KPI_OVERTIME_APP_ITEM#WORK_HOURS" tagName="modifyDataType" />
    <exclude-change idName="kpi_dict_position#dep_sap_id" tagName="dropColumn" />
    <exclude-change idName="kpi_dict_department#parent_sap_id" tagName="dropColumn" />
    <exclude-change idName="kpi_dict_department#audit_id" tagName="dropColumn" />
    <exclude-change idName="kpi_dict_department#empl_sap_id" tagName="dropColumn" />
    <exclude-change idName="kpi_dict_position#audit_id" tagName="dropColumn" />
    <exclude-change idName="kpi_employee#audit_id" tagName="dropColumn" />
    <exclude-change idName="kpi_employee#department_sap_id" tagName="dropColumn" />
    <exclude-change idName="kpi_employee#leader_sap_id" tagName="dropColumn" />
    <exclude-change idName="kpi_employee#position_sap_id" tagName="dropColumn" />
    <exclude-change idName="kpi_employee#supervisor_sap_id" tagName="dropColumn" />
    <exclude-change idName="kpi_dict_job_title" tagName="dropTable" />
    <exclude-change idName="kpi_dict_absence" tagName="dropTable" />
    <exclude-change idName="kpi_organigram" tagName="dropTable" />
    <exclude-change idName="kpi_employee#active_status" tagName="dropColumn" />
    <exclude-change idName="kpi_employee#job_title_id" tagName="dropColumn" />
    <exclude-change idName="kpi_employee#job_title_sap_id" tagName="dropColumn" />
    <exclude-change idName="kpi_dict_department#parent_functional_id" tagName="dropColumn" />
    <exclude-change idName="kpi_dict_department#parent_functional_sap_id" tagName="dropColumn" />
    <exclude-change idName="kpi_dict_department#level_user" tagName="dropColumn" />
    <exclude-change idName="kpi_dict_department#position_sap_id" tagName="dropColumn" />
    <exclude-change idName="kpi_empl_group_type#audit_id" tagName="dropColumn" />
    <exclude-change idName="kpi_empl_group_type#change_date" tagName="dropColumn" />
    <exclude-change idName="kpi_employee#payroll_number" tagName="dropColumn" />
    <exclude-change idName="kpi_dict_position#job_title_id" tagName="dropColumn" />
    <exclude-change idName="kpi_dict_position#job_title_sap_id" tagName="dropColumn" />
    <exclude-change idName="kpi_dict_events" tagName="dropTable" />
    <exclude-change idName="kpi_employee#change_date" tagName="dropColumn" />
    <exclude-change idName="kpi_dict_position#change_date" tagName="dropColumn" />
    <exclude-change idName="kpi_Employee#PHOTO" tagName="addColumn" />
    <exclude-change idName="KPI_CMDB_ATTACHMENT#ATTACHMENT_FILE" tagName="dropColumn" />
    <exclude-change idName="KPI_CMDB_ATTACHMENT#ATTACHMENT_FILE" tagName="addColumn" />
    <exclude-change idName="KPI_KPI_GOAL_ATTACHMENT#ATTACHMENT_FILE" tagName="dropColumn" />
    <exclude-change idName="KPI_KPI_GOAL_ATTACHMENT#ATTACHMENT_FILE" tagName="addColumn" />
    <exclude-change idName="KPI_OVERTIME_SCANS#ATTACHMENT_FILE" tagName="dropColumn" />
    <exclude-change idName="KPI_OVERTIME_SCANS#ATTACHMENT_FILE" tagName="addColumn" />
    <exclude-change idName="kpi_Employee#PHOTO" tagName="dropColumn" />
    <exclude-change idName="kpi_application_comment" tagName="dropTable" />
    <exclude-change idName="kpi_kpi_goal_comment" tagName="dropTable" />
    <exclude-change idName="kpi_kpi_application#department_id" tagName="dropColumn" />
    <exclude-change idName="kpi_kpi_application#leader_id" tagName="dropColumn" />
    <exclude-change idName="kpi_kpi_application#position_id" tagName="dropColumn" />
    <exclude-change idName="kpi_kpi_application#supervisor_id" tagName="dropColumn" />
    <exclude-change idName="KPI_ACCOUNT_CUSTOM_STORAGE#VALUE" tagName="addColumn" />
    <exclude-change idName="KPI_ACCOUNT_CUSTOM_STORAGE#VALUE" tagName="dropColumn" />
    <exclude-change idName="point_user#id" tagName="addPrimaryKey" />
    <exclude-change idName="point_user#audit_id" tagName="dropColumn" />
    <exclude-change idName="point_user#plan" tagName="dropColumn" />
    <exclude-change idName="point_user#ratio" tagName="dropColumn" />
    <exclude-change idName="point_user#value" tagName="dropColumn" />
    <exclude-change idName="point_user#plan" tagName="addColumn" />
    <exclude-change idName="point_user#ratio" tagName="addColumn" />
    <exclude-change idName="point_user#value" tagName="addColumn" />
    <exclude-change idName="kpi_kpi_card#total_kpi" tagName="dropColumn" />
    <exclude-change idName="rating_user#PAYROLL_NUMBER" tagName="modifyDataType" />
    <exclude-change idName="rating_user#id" tagName="dropColumn" />
    <exclude-change idName="rating_user#type_id" tagName="dropColumn" />
    <exclude-change idName="rating_user#id" tagName="addColumn" />
    <exclude-change idName="rating_user#type_id" tagName="addColumn" />
    <exclude-change idName="rating_user#period_id" tagName="dropNotNullConstraint" />
    <exclude-change idName="rating_user#position" tagName="dropNotNullConstraint" />
    <exclude-change idName="rating_user#value" tagName="dropNotNullConstraint" />
    <exclude-change idName="duel_sessions" tagName="dropTable" />
    <exclude-change idName="duel_states" tagName="dropTable" />
    <exclude-change idName="jmix_probonus_users" tagName="dropTable" />
    <exclude-change idName="point_categories" tagName="dropTable" />
    <exclude-change idName="accounts#audit_id" tagName="dropColumn" />
    <exclude-change idName="kpi_contracts#audit_id" tagName="dropColumn" />
    <exclude-change idName="kpi_contracts#change_date" tagName="dropColumn" />
    <exclude-change idName="point_type#audit_id" tagName="dropColumn" />
    <exclude-change idName="point_type#change_date" tagName="dropColumn" />
    <exclude-change idName="point_type#category_id" tagName="dropColumn" />
    <exclude-change idName="point_type#id" tagName="dropColumn" />
    <exclude-change idName="KPI_DICT_JOB_TITLE#audit_id" tagName="dropColumn" />
    <exclude-change idName="KPI_DICT_JOB_TITLE#audit_id" tagName="addColumn" />
    <exclude-change idName="account_profiles#BRANCH_NAME" tagName="modifyDataType" />
    <exclude-change idName="account_profiles#CHANGE_DATE" tagName="dropColumn" />
    <exclude-change idName="account_profiles#CHANGE_DATE" tagName="addColumn" />
    <exclude-change idName="account_profiles#DEP_NAME" tagName="modifyDataType" />
    <exclude-change idName="account_profiles#city" tagName="modifyDataType" />
    <exclude-change idName="point_type#created_at" tagName="dropNotNullConstraint" />
    <exclude-change idName="rating_user#created_at" tagName="dropNotNullConstraint" />
    <exclude-change idName="point_user#entity_id" tagName="dropColumn" />
    <exclude-change idName="point_user#type_id" tagName="dropColumn" />
    <exclude-change idName="account_profiles#firstname" tagName="modifyDataType" />
    <exclude-change idName="account_profiles#firstname" tagName="dropNotNullConstraint" />
    <exclude-change idName="ACCOUNT_VISITS#id" tagName="dropColumn" />
    <exclude-change idName="ACCOUNT_VISITS#visited_at" tagName="dropColumn" />
    <exclude-change idName="rating_user#period_id" tagName="dropColumn" />
    <exclude-change idName="rating_user#period_id" tagName="addColumn" />
    <exclude-change idName="point_user#entity_id" tagName="addColumn" />
    <exclude-change idName="point_user#type_id" tagName="addColumn" />
    <exclude-change idName="point_type#category_id" tagName="addColumn" />
    <exclude-change idName="point_type#id" tagName="addColumn" />
    <exclude-change idName="accounts#identity_property" tagName="dropNotNullConstraint" />
    <exclude-change idName="account_profiles#image_normal" tagName="modifyDataType" />
    <exclude-change idName="account_profiles#lastname" tagName="modifyDataType" />
    <exclude-change idName="account_profiles#lastname" tagName="dropNotNullConstraint" />
    <exclude-change idName="account_profiles#middlename" tagName="modifyDataType" />
    <exclude-change idName="point_type#name" tagName="dropNotNullConstraint" />
    <exclude-change idName="account_profiles#phone" tagName="modifyDataType" />
    <exclude-change idName="account_profiles#position" tagName="modifyDataType" />
    <exclude-change idName="account_profiles#sex" tagName="modifyDataType" />
    <exclude-change idName="point_type#title" tagName="dropNotNullConstraint" />
    <exclude-change idName="point_type#type" tagName="dropNotNullConstraint" />
    <exclude-change idName="point_type#updated_at" tagName="dropNotNullConstraint" />
    <exclude-change idName="ACCOUNT_VISITS#visited_at" tagName="dropNotNullConstraint" />
    <exclude-change idName="ACCOUNT_VISITS#id" tagName="addColumn" />
    <exclude-change idName="ACCOUNT_VISITS#visited_at" tagName="addColumn" />
    <exclude-change idName="kpi_dict_department" tagName="dropTable" />
    <exclude-change idName="accounts" tagName="dropTable" />
    <exclude-change idName="kpi_dict_absence#abdsn_work_hours" tagName="dropColumn" />
  </component>
  <component name="JmixPluginProjectSettings">
    <option name="savedDbProperties">
      <list>
        <SavedDbProperties>
          <option name="databaseName" value="kpi" />
          <option name="dbType" value="hsqlfile" />
          <option name="dbmsVersion" />
          <option name="host" value=".jmix/hsqldb" />
          <option name="url" value="jdbc:hsqldb:file:.jmix/hsqldb/kpi" />
          <option name="user" value="sa" />
        </SavedDbProperties>
      </list>
    </option>
  </component>
</project>