<?xml version="1.0" encoding="UTF-8" standalone="no"?>
<window xmlns="http://jmix.io/schema/ui/window"
        xmlns:c="http://jmix.io/schema/ui/jpql-condition"
        caption="msg://kpiCompetenceBrowse.caption"
        focusComponent="kpiCompetencesTable">
    <data readOnly="true">
        <collection id="kpiCompetencesDc"
                    class="kz.eub.kpi.entity.kpi.KpiCompetence">
            <fetchPlan extends="_base">
                <property name="employee" fetchPlan="_base"/>
            </fetchPlan>
            <loader id="kpiCompetencesDl">
                <query>
                    <![CDATA[select e from kpi_KpiCompetence e]]>
                </query>
            </loader>
        </collection>
    </data>
    <facets>
        <dataLoadCoordinator auto="true"/>
        <screenSettings id="settingsFacet" auto="true"/>
    </facets>
    <actions>
        <action id="lookupSelectAction"
                caption="msg:///actions.Select"
                icon="LOOKUP_OK"
                primary="true"
                shortcut="${COMMIT_SHORTCUT}"/>
        <action id="lookupCancelAction"
                caption="msg:///actions.Cancel"
                icon="LOOKUP_CANCEL"/>
    </actions>
    <dialogMode height="600"
                width="800"/>
    <layout expand="kpiCompetencesTable" spacing="true">
        <filter id="filter"
                dataLoader="kpiCompetencesDl">
            <properties include=".*"/>
        </filter>
        <groupTable id="kpiCompetencesTable"
                    width="100%"
                    dataContainer="kpiCompetencesDc">
            <actions>
                <action id="create" type="create"/>
                <action id="edit" type="edit"/>
                <action id="remove" type="remove"/>
            </actions>
            <columns>
                <column id="employee"/>
                <column id="name"/>
                <column id="weight"/>
                <column id="requiredLevel"/>
                <column id="currentLevel"/>
                <column id="performance"/>
                <column id="efficiency"/>
            </columns>
            <simplePagination/>
            <buttonsPanel id="buttonsPanel"
                          alwaysVisible="true">
                <button id="createBtn" action="kpiCompetencesTable.create"/>
                <button id="editBtn" action="kpiCompetencesTable.edit"/>
                <button id="removeBtn" action="kpiCompetencesTable.remove"/>
            </buttonsPanel>
        </groupTable>
        <hbox id="lookupActions" spacing="true" visible="false">
            <button action="lookupSelectAction"/>
            <button action="lookupCancelAction"/>
        </hbox>
    </layout>
</window>
