<?xml version="1.0" encoding="UTF-8" standalone="no"?>
<window xmlns="http://jmix.io/schema/ui/window"
        caption="msg://kpiCompetenceEdit.caption"
        focusComponent="form">
    <data>
        <instance id="kpiCompetenceDc"
                  class="kz.eub.kpi.entity.kpi.KpiCompetence">
            <fetchPlan extends="_base">
                <property name="employee" fetchPlan="_base"/>
                <property name="efficiency"/>
            </fetchPlan>
            <loader/>
        </instance>
    </data>
    <facets>
        <dataLoadCoordinator auto="true"/>
        <screenSettings id="settingsFacet" auto="true"/>
    </facets>
    <actions>
        <action id="windowCommitAndClose"
                caption="msg:///actions.SaveClose"
                icon="EDITOR_OK"
                primary="true"
                shortcut="${COMMIT_SHORTCUT}"/>
        <action id="windowCommit"
                caption="msg:///actions.Save"
                icon="SAVE"/>
        <action id="windowClose"
                caption="msg:///actions.Close"
                icon="EDITOR_CANCEL"/>
    </actions>
    <dialogMode height="AUTO"
                width="AUTO"
                modal="true"
                forceDialog="true"/>
    <layout spacing="true" expand="scrollBox">
        <scrollBox id="scrollBox" spacing="true">
            <form id="form" dataContainer="kpiCompetenceDc">
                <column width="500px">
                    <entityPicker id="employeeField" property="employee">
                        <actions>
                            <action id="entityLookup" type="entity_lookup"/>
                            <action id="entityClear" type="entity_clear"/>
                        </actions>
                    </entityPicker>
                    <textField id="nameField" property="name"/>
                    <currencyField id="weightField" property="weight" currency="%"/>
                    <textField id="requiredLevelField" property="requiredLevel"/>
                    <textField id="currentLevelField" property="currentLevel"/>
                    <currencyField id="performanceField" property="performance" currency="%"/>
                    <currencyField id="efficiencyField" property="efficiency" currency="%" editable="false"/>
                </column>
            </form>
        </scrollBox>
        <hbox id="editActions" spacing="true">
            <button id="commitAndCloseBtn" action="windowCommitAndClose"/>
            <button id="commitBtn" action="windowCommit"/>
            <button id="closeBtn" action="windowClose"/>
        </hbox>
    </layout>
</window>
