<window xmlns="http://jmix.io/schema/ui/window"
        caption="msg://caption">

    <actions>
        <action id="submit"
                caption="msg://loginButton"
                icon="CHECK"
                shortcut="ENTER"/>
    </actions>
    <layout stylename="jmix-brandlogin-main-layout">
        <cssLayout id="mainLayout"
                   height="100%"
                   stylename="jmix-brandlogin-main-layout"
                   width="100%">
            <vbox id="loginPanel"
                  height="100%"
                  stylename="jmix-brandlogin-login-panel">
                <vbox id="loginBox"
                      align="MIDDLE_CENTER"
                      margin="true"
                      width="AUTO">

                    <label id="welcomeLabel"
                           align="MIDDLE_CENTER"
                           stylename="jmix-brandlogin-welcome-label h1"
                           value="msg://welcomeLabel" htmlEnabled="true"/>
                    <capsLockIndicator id="capsLockIndicator"
                                       align="MIDDLE_CENTER"/>
                    <vbox id="loginForm"
                          spacing="true">
                        <textField id="usernameField"
                                   align="MIDDLE_CENTER"
                                   htmlName="usernameField"
                                   height="40px"
                                   icon="USER"
                                   inputPrompt="msg://usernamePlaceholder"
                                   stylename="jmix-brandlogin-textfield inline-icon"
                                   width="350px"/>
                        <passwordField id="passwordField"
                                       align="MIDDLE_CENTER"
                                       autocomplete="true"
                                       capsLockIndicator="capsLockIndicator"
                                       htmlName="passwordField"
                                       icon="LOCK"
                                       inputPrompt="msg://passwordPlaceholder"
                                       height="40px"
                                       width="350px"
                                       stylename="jmix-brandlogin-textfield inline-icon"/>
                        <hbox id="paramsBox"
                              align="MIDDLE_CENTER"
                              width="350px">
                            <checkBox id="rememberMeCheckBox"
                                      align="MIDDLE_LEFT"
                                      stylename="jmix-brandlogin-remember-me"
                                      caption="msg://rememberMe" visible="false"/>
                            <comboBox id="localesField"
                                      align="MIDDLE_RIGHT"
                                      nullOptionVisible="false"
                                      stylename="jmix-brandlogin-locales borderless"
                                      textInputAllowed="false"/>
                        </hbox>
                        <button id="loginButton"
                                action="submit"
                                align="MIDDLE_CENTER"
                                width="200px"
                                height="40px"
                                stylename="jmix-login-button primary"
                                css="margin-top: -37px"
                                caption="msg://loginButton.caption"/>
                    </vbox>
                </vbox>
            </vbox>

                <hbox id="imgHBox"
                      width="100%" height="100%"
                      css="background-color: #1d3e87;"
                      stylename="jmix-brandlogin-background">
                    <vbox box.expandRatio="0.5"><label/></vbox>
                    <image id="backgroundImage" box.expandRatio="0.5"
                           scaleMode="FILL" align="TOP_LEFT" height="37%">
                        <resource>
                            <relativePath path="VAADIN/brand-login-screen/eub_white.svg"/>
                        </resource>
                    </image>
                </hbox>

        </cssLayout>
    </layout>
</window>