<?xml version="1.0" encoding="UTF-8" standalone="no"?>
<window xmlns="http://jmix.io/schema/ui/window"
        caption="msg://cmdbIsPassportEdit.caption"
        focusComponent="form">
    <data>
        <instance id="cmdbIsPassportDc"
                  class="kz.eub.kpi.entity.cmdb.CmdbIsPassport">
            <fetchPlan extends="_base">
                <property fetchPlan="_base" name="criticalityClass"/>
                <property fetchPlan="_base" name="busOwnerDep"/>
                <property fetchPlan="_base" name="busOwnerEmp"/>
                <property fetchPlan="_base" name="itOwnerDep"/>
                <property fetchPlan="_base" name="itOwnerEmp"/>
                <property fetchPlan="_base" name="appSupportDep"/>
                <property fetchPlan="_base" name="dbSupportDep"/>
                <property name="attachments" fetchPlan="_base">
                    <property name="attachmentType" fetchPlan="_base"/>
                </property>
            </fetchPlan>
            <loader/>
            <collection id="attachmentsDc" property="attachments"/>
        </instance>
        <collection id="cmdbCriticalityClassesDc" class="kz.eub.kpi.entity.cmdb.CmdbCriticalityClass">
            <fetchPlan extends="_base"/>
            <loader id="cmdbCriticalityClassesDl">
                <query>
                    <![CDATA[select e from kpi_CmdbCriticalityClass e]]>
                </query>
            </loader>
        </collection>
        <collection id="dictDepartmentsDc" class="kz.eub.kpi.entity.DictDepartment">
            <fetchPlan extends="_base"/>
            <loader id="dictDepartmentsDl">
                <query>
                    <![CDATA[select e from kpi_DictDepartment e]]>
                </query>
            </loader>
        </collection>
        <collection id="employeesDc" class="kz.eub.kpi.entity.Employee">
            <fetchPlan extends="_base"/>
            <loader id="employeesDl">
                <query>
                    <![CDATA[select e from kpi_Employee e]]>
                </query>
            </loader>
        </collection>
    </data>
    <facets>
        <dataLoadCoordinator auto="true"/>
        <screenSettings id="settingsFacet" auto="true"/>
    </facets>
    <actions>
        <action id="windowCommitAndClose" caption="msg:///actions.Ok"
                icon="EDITOR_OK"
                primary="true"
                shortcut="${COMMIT_SHORTCUT}"/>
        <action id="windowClose"
                caption="msg:///actions.Close"
                icon="EDITOR_CANCEL"/>
    </actions>
    <dialogMode height="600"
                width="800"/>
    <layout spacing="true" expand="scrollBox">
        <scrollBox id="scrollBox" spacing="true">
            <groupBox id="formBox">
                <form id="form" dataContainer="cmdbIsPassportDc">
                    <column width="350px">
                        <textField id="nameShortField" property="nameShort"/>
                        <textField id="nameLongField" property="nameLong"/>
                        <entityComboBox id="criticalityClassField"
                                        property="criticalityClass"
                                        optionsContainer="cmdbCriticalityClassesDc">
                            <actions>
                                <action id="entityLookup" type="entity_lookup"/>
                                <action id="entityClear" type="entity_clear"/>
                            </actions>
                        </entityComboBox>
                        <entityComboBox id="busOwnerDepField"
                                        property="busOwnerDep"
                                        optionsContainer="dictDepartmentsDc">
                            <actions>
                                <action id="entityLookup" type="entity_lookup"/>
                                <action id="entityClear" type="entity_clear"/>
                            </actions>
                        </entityComboBox>
                        <entityComboBox id="busOwnerEmpField"
                                        property="busOwnerEmp"
                                        optionsContainer="employeesDc">
                            <actions>
                                <action id="entityLookup" type="entity_lookup"/>
                                <action id="entityClear" type="entity_clear"/>
                            </actions>
                        </entityComboBox>
                        <entityComboBox id="itOwnerDepField"
                                        property="itOwnerDep"
                                        optionsContainer="dictDepartmentsDc">
                            <actions>
                                <action id="entityLookup" type="entity_lookup"/>
                                <action id="entityClear" type="entity_clear"/>
                            </actions>
                        </entityComboBox>
                        <entityComboBox id="itOwnerEmpField"
                                        property="itOwnerEmp"
                                        optionsContainer="employeesDc">
                            <actions>
                                <action id="entityLookup" type="entity_lookup"/>
                                <action id="entityClear" type="entity_clear"/>
                            </actions>
                        </entityComboBox>
                        <entityComboBox id="appSupportDepField"
                                        property="appSupportDep"
                                        optionsContainer="dictDepartmentsDc">
                            <actions>
                                <action id="entityLookup" type="entity_lookup"/>
                                <action id="entityClear" type="entity_clear"/>
                            </actions>
                        </entityComboBox>
                        <entityComboBox id="dbSupportDepField"
                                        property="dbSupportDep"
                                        optionsContainer="dictDepartmentsDc">
                            <actions>
                                <action id="entityLookup" type="entity_lookup"/>
                                <action id="entityClear" type="entity_clear"/>
                            </actions>
                        </entityComboBox>
                        <dateField id="prodIntroDateField" property="prodIntroDate"/>
                        <dateField id="retirementDateField" property="retirementDate"/>
                        <textArea id="descriptionField" property="description" rows="5"/>
                    </column>
                </form>
            </groupBox>
            <groupBox id="attachmentsBox" caption="msg:///kz.eub.kpi.screen.cmdbispassport.attachment">
                <table id="cmdbAttachmentsTable" height="100%" width="100%" dataContainer="attachmentsDc">
                    <actions>
                        <action id="create" type="create"/>
                        <action id="edit" type="edit"/>
                        <action id="remove" type="remove"/>
                    </actions>
                    <buttonsPanel alwaysVisible="true">
                        <button id="cmdbAttachmentsTableCreateBtn" action="cmdbAttachmentsTable.create"/>
                        <button id="cmdbAttachmentsTableEditBtn" action="cmdbAttachmentsTable.edit"/>
                        <button id="cmdbAttachmentsTableRemoveBtn" action="cmdbAttachmentsTable.remove"/>
                    </buttonsPanel>
                    <columns>
                        <column id="attachmentType"/>
                        <column id="description"/>
                        <column id="actual"/>
                    </columns>
                </table>
            </groupBox>
        </scrollBox>
        <hbox id="editActions" spacing="true">
            <button id="commitAndCloseBtn" action="windowCommitAndClose"/>
            <button id="closeBtn" action="windowClose"/>
        </hbox>
    </layout>
</window>
