<?xml version="1.0" encoding="UTF-8" standalone="no"?>
<window xmlns="http://jmix.io/schema/ui/window"
        xmlns:c="http://jmix.io/schema/ui/jpql-condition"
        caption="msg://cmdbIsPassportBrowse.caption"
        focusComponent="cmdbIsPassportsTable">
    <data readOnly="true">
        <collection id="cmdbIsPassportsDc"
                    class="kz.eub.kpi.entity.cmdb.CmdbIsPassport">
            <fetchPlan extends="_base">
                <property name="criticalityClass" fetchPlan="_base"/>
            </fetchPlan>
            <loader id="cmdbIsPassportsDl">
                <query>
                    <![CDATA[select e from kpi_CmdbIsPassport e]]>
                </query>
            </loader>
        </collection>
    </data>
    <facets>
        <dataLoadCoordinator auto="true"/>
        <screenSettings id="settingsFacet" auto="true"/>
    </facets>
    <actions>
        <action id="lookupSelectAction"
                caption="msg:///actions.Select"
                icon="LOOKUP_OK"
                primary="true"
                shortcut="${COMMIT_SHORTCUT}"/>
        <action id="lookupCancelAction"
                caption="msg:///actions.Cancel"
                icon="LOOKUP_CANCEL"/>
    </actions>
    <dialogMode height="600"
                width="800"/>
    <layout expand="cmdbIsPassportsTable" spacing="true">
        <filter id="filter"
                dataLoader="cmdbIsPassportsDl">
            <properties include=".*"/>
        </filter>
        <groupTable id="cmdbIsPassportsTable"
                    width="100%"
                    dataContainer="cmdbIsPassportsDc">
            <actions>
                <action id="create" type="create"/>
                <action id="edit" type="edit"/>
                <action id="remove" type="remove"/>
            </actions>
            <columns>
                <column id="nameShort"/>
                <column id="nameLong"/>
                <column id="criticalityClass"/>
                <column id="prodIntroDate"/>
                <column id="retirementDate"/>
                <column id="description"/>
            </columns>
            <simplePagination/>
            <buttonsPanel id="buttonsPanel"
                          alwaysVisible="true">
                <button id="createBtn" action="cmdbIsPassportsTable.create"/>
                <button id="editBtn" action="cmdbIsPassportsTable.edit"/>
                <button id="removeBtn" action="cmdbIsPassportsTable.remove"/>
            </buttonsPanel>
        </groupTable>
        <hbox id="lookupActions" spacing="true" visible="false">
            <button action="lookupSelectAction"/>
            <button action="lookupCancelAction"/>
        </hbox>
    </layout>
</window>
