<?xml version="1.0" encoding="UTF-8" standalone="no"?>
<window xmlns="http://jmix.io/schema/ui/window"
        caption="msg://dictBasketSnpEdit.caption"
        focusComponent="form">
    <data>
        <instance id="dictBasketSnpDc"
                  class="kz.eub.report360.entity.DictBasketSnp">
            <fetchPlan extends="_base"/>
            <loader/>
        </instance>
    </data>
    <facets>
        <dataLoadCoordinator auto="true"/>
        <screenSettings id="settingsFacet" auto="true"/>
    </facets>
    <actions>
        <action id="windowCommitAndClose" caption="msg:///actions.Ok"
                icon="EDITOR_OK"
                primary="true"
                shortcut="${COMMIT_SHORTCUT}"/>
        <action id="windowClose"
                caption="msg:///actions.Close"
                icon="EDITOR_CANCEL"/>
    </actions>
    <dialogMode height="AUTO"
                forceDialog="true"
                width="AUTO"/>
    <layout spacing="true" expand="scrollBox">
        <scrollBox id="scrollBox" spacing="true">
            <form id="form" dataContainer="dictBasketSnpDc">
                <column width="350px">
                    <textField id="codeField" property="code"/>
                    <textField id="nameField" property="name"/>
                    <textField id="tdLvlField" property="tdLvl"/>
                    <textField id="basketField" property="basket"/>
                    <textField id="uniformityField" property="uniformity"/>
                    <textField id="ulSignField" property="ulSign"/>
                    <dateField id="startDateField" property="startDate"/>
                    <dateField id="endDateField" property="endDate"/>
                    <textField id="isActualField" property="isActual"/>
                    <dateField id="changeDateField" property="changeDate"/>
                    <textField id="userField" property="user"/>
                </column>
            </form>
        </scrollBox>
        <hbox id="editActions" spacing="true">
            <button id="commitAndCloseBtn" action="windowCommitAndClose"/>
            <button id="closeBtn" action="windowClose"/>
        </hbox>
    </layout>
</window>
