<?xml version="1.0" encoding="UTF-8" standalone="no"?>
<window xmlns="http://jmix.io/schema/ui/window"
        caption="msg://dictBasketSnpBrowse.caption"
        focusComponent="dictBasketSnpsTable">
    <data readOnly="true">
        <collection id="dictBasketSnpsDc"
                    class="kz.eub.report360.entity.DictBasketSnp">
            <fetchPlan extends="_base"/>
            <loader id="dictBasketSnpsDl">
                <query>
                    <![CDATA[select e from r360_DictBasketSnp e]]>
                </query>
            </loader>
        </collection>
    </data>
    <facets>
        <dataLoadCoordinator auto="true"/>
        <screenSettings id="settingsFacet" auto="true"/>
    </facets>
    <actions>
        <action id="lookupSelectAction"
                caption="msg:///actions.Select"
                icon="LOOKUP_OK"
                primary="true"
                shortcut="${COMMIT_SHORTCUT}"/>
        <action id="lookupCancelAction"
                caption="msg:///actions.Cancel"
                icon="LOOKUP_CANCEL"/>
    </actions>
    <dialogMode height="600"
                width="800"/>
    <layout expand="dictBasketSnpsTable" spacing="true">
        <filter id="filter"
                dataLoader="dictBasketSnpsDl">
            <properties include=".*"/>
        </filter>
        <groupTable id="dictBasketSnpsTable"
                    width="100%"
                    dataContainer="dictBasketSnpsDc">
            <actions>
                <action id="create" type="create"/>
                <action id="edit" type="edit"/>
                <action id="remove" type="remove"/>
                <action id="excelExport" type="excelExport"/>
            </actions>
            <columns>
                <column id="code"/>
                <column id="name" maxTextLength="50"/>
                <column id="tdLvl"/>
                <column id="basket"/>
                <column id="uniformity"/>
                <column id="ulSign"/>
                <column id="startDate"/>
                <column id="endDate"/>
                <column id="isActual"/>
                <column id="changeDate"/>
                <column id="user"/>
            </columns>
            <simplePagination itemsPerPageUnlimitedOptionVisible="true" itemsPerPageVisible="true"/>
            <buttonsPanel id="buttonsPanel"
                          alwaysVisible="true">
                <button id="createBtn" action="dictBasketSnpsTable.create"/>
                <button id="editBtn" action="dictBasketSnpsTable.edit"/>
                <button id="removeBtn" action="dictBasketSnpsTable.remove"/>
                <button id="excelExportBtn" action="dictBasketSnpsTable.excelExport"/>
            </buttonsPanel>
        </groupTable>
        <hbox id="lookupActions" spacing="true" visible="false">
            <button action="lookupSelectAction"/>
            <button action="lookupCancelAction"/>
        </hbox>
    </layout>
</window>
