<?xml version="1.0" encoding="UTF-8" standalone="no"?>
<window xmlns="http://jmix.io/schema/ui/window"
        caption="msg://awardAssignScreen.caption">
    <data readOnly="true">
        <collection id="accountDc"
                    class="kz.eub.kpi.entity.Accounts"/>
        <collection id="signedDc"
                    class="kz.eub.kpi.entity.Accounts"/>
    </data>
    <dialogMode height="800"
                width="1100" forceDialog="true"/>
    <layout spacing="false">
        <groupBox height="100%" width="100%" align="TOP_CENTER">
            <vbox width="100%">
                <textField editable="false" id="titleField" caption="Название награды:"/>
                <vbox height="10"/>
                <textField editable="false" id="descriptionField" caption="Описание награды:"/>
                <vbox height="10"/>
                <hbox width="100%" spacing="true">
                    <vbox width="100%">
                        <textField id="fioField" caption="Наградить пользователя"/>
                    </vbox>
                    <vbox width="100%">
                        <textField align="MIDDLE_LEFT" editable="false" id="countId" caption="Награжденные "/>
                    </vbox>
                </hbox>
            </vbox>
            <hbox width="100%" align="TOP_CENTER" spacing="true">
                <hbox height="100%" width="100%">
                    <groupTable id="ratingUserTable"
                                width="100%" height="400"
                                dataContainer="accountDc">
                        <columns>
                            <column id="profileId.firstname" caption="Имя"/>
                            <column id="profileId.lastname" caption="Фамилия"/>
                        </columns>
                    </groupTable>
                </hbox>
                <hbox height="100%" width="100%">
                    <groupTable id="ratingUserTable2"
                                width="100%" height="400"
                                dataContainer="signedDc">
                        <columns>
                            <column id="profileId.firstname" caption="Имя"/>
                            <column id="profileId.lastname" caption="Фамилия"/>
                        </columns>
                    </groupTable>
                </hbox>
            </hbox>
            <vbox width="100%" height="20" align="BOTTOM_CENTER">
                <button id="saveBtn" visible="true" caption="Сохранить" align="MIDDLE_CENTER"/>
            </vbox>
        </groupBox>
    </layout>
</window>