<?xml version="1.0" encoding="UTF-8" standalone="no"?>
<window xmlns="http://jmix.io/schema/ui/window"
        caption="msg://dictFilialBrowse.caption"
        focusComponent="dictFilialsTable">
    <data readOnly="true">
        <collection id="dictFilialsDc"
                    class="kz.eub.report360.entity.DictFilial">
            <fetchPlan extends="_base"/>
            <loader id="dictFilialsDl">
                <query>
                    <![CDATA[select e from r360_DictFilial e]]>
                </query>
            </loader>
        </collection>
    </data>
    <facets>
        <dataLoadCoordinator auto="true"/>
        <screenSettings id="settingsFacet" auto="true"/>
    </facets>
    <actions>
        <action id="lookupSelectAction"
                caption="msg:///actions.Select"
                icon="LOOKUP_OK"
                primary="true"
                shortcut="${COMMIT_SHORTCUT}"/>
        <action id="lookupCancelAction"
                caption="msg:///actions.Cancel"
                icon="LOOKUP_CANCEL"/>
    </actions>
    <dialogMode height="700px"
                width="1200px"/>
    <layout expand="dictFilialsTable" spacing="true">
        <filter id="filter"
                dataLoader="dictFilialsDl">
            <properties include=".*"/>
        </filter>
        <table id="dictFilialsTable"
               width="100%"
               dataContainer="dictFilialsDc">
            <actions>
                <action id="excelExport" type="excelExport"/>
            </actions>
            <columns>
                <column id="startDate"/>
                <column id="endDate"/>
                <column id="rowStatus"/>
                <column id="name"/>
                <column id="dprtSource"/>
                <column id="filname"/>
            </columns>
            <simplePagination itemsPerPageUnlimitedOptionVisible="true" itemsPerPageVisible="true"/>
            <buttonsPanel id="buttonsPanel"
                          alwaysVisible="true">
                <button id="excelExportBtn" action="dictFilialsTable.excelExport"/>
            </buttonsPanel>
        </table>
        <hbox id="lookupActions" spacing="true" visible="false">
            <button action="lookupSelectAction"/>
            <button action="lookupCancelAction"/>
        </hbox>
    </layout>
</window>
