<?xml version="1.0" encoding="UTF-8" standalone="no"?>
<window xmlns="http://jmix.io/schema/ui/window"
        xmlns:c="http://jmix.io/schema/ui/jpql-condition"
        caption="msg://taskTemplateBrowse.caption"
        focusComponent="taskTemplatesTable">
    <data readOnly="true">
        <collection id="taskTemplatesDc"
                    class="kz.eub.moncl.entity.TaskTemplate">
            <fetchPlan extends="_base"/>
            <loader id="taskTemplatesDl">
                <query>
                    <![CDATA[select e from mcl_TaskTemplate e]]>
                </query>
            </loader>
        </collection>
    </data>
    <facets>
        <dataLoadCoordinator auto="true"/>
        <screenSettings id="settingsFacet" auto="true"/>
    </facets>
    <actions>
        <action id="lookupSelectAction"
                caption="msg:///actions.Select"
                icon="LOOKUP_OK"
                primary="true"
                shortcut="${COMMIT_SHORTCUT}"/>
        <action id="lookupCancelAction"
                caption="msg:///actions.Cancel"
                icon="LOOKUP_CANCEL"/>
    </actions>
    <dialogMode height="600"
                width="800"/>
    <layout spacing="true">
        <vbox id="vbox" spacing="true">
            <filter id="filter"
                    dataLoader="taskTemplatesDl">
                <properties include=".*"/>
            </filter>
            <dataGrid id="taskTemplatesTable"
                      width="100%"
                      height="500"
                      dataContainer="taskTemplatesDc"
                      selectionMode="MULTI_CHECK">
                <actions>
                    <action id="create" type="create"/>
                    <action id="edit" type="edit"/>
                    <action id="remove" type="remove"/>
                </actions>
                <columns>
                    <column id="systemName" property="systemName"/>
                    <column id="taskName" property="taskName"/>
                    <column id="taskDescription" property="taskDescription"/>
                    <column id="priority" property="priority"/>
                    <column id="scheduledStartTime" property="scheduledStartTime"/>
                    <column id="scheduledEndTime" property="scheduledEndTime"/>
                    <column id="cyclicity" property="cyclicity"/>
                    <column id="appointmentDate" property="appointmentDate"/>

                </columns>
                <simplePagination/>
                <buttonsPanel id="buttonsPanel"
                              alwaysVisible="true">
                    <button id="createBtn" action="taskTemplatesTable.create"/>
                    <button id="editBtn" action="taskTemplatesTable.edit"/>
                    <button id="removeBtn" action="taskTemplatesTable.remove"/>
                    <button id="transferBtn" caption="Перенести задачи" visible="false"/>
                </buttonsPanel>
            </dataGrid>
        </vbox>
        <hbox id="lookupActions" spacing="true" visible="false">
            <button action="lookupSelectAction"/>
            <button action="lookupCancelAction"/>
        </hbox>
    </layout>
</window>
