<?xml version="1.0" encoding="UTF-8" standalone="no"?>
<window xmlns="http://jmix.io/schema/ui/window"
        caption="msg://taskTemplateEdit.caption"
        focusComponent="form">
    <data>
        <instance id="taskTemplateDc"
                  class="kz.eub.moncl.entity.TaskTemplate">
            <fetchPlan extends="_base"/>
            <loader/>
        </instance>
    </data>
    <facets>
        <dataLoadCoordinator auto="true"/>
        <screenSettings id="settingsFacet" auto="true"/>
    </facets>
    <actions>
        <action id="windowCommitAndClose" caption="msg:///actions.Ok"
                icon="EDITOR_OK"
                primary="true"
                shortcut="${COMMIT_SHORTCUT}"/>
        <action id="windowClose"
                caption="msg:///actions.Close"
                icon="EDITOR_CANCEL"/>
    </actions>
    <dialogMode height="AUTO"
                width="AUTO"
                forceDialog="true"/>
    <layout spacing="true" expand="scrollBox">
        <scrollBox id="scrollBox" spacing="true">
            <form id="form" dataContainer="taskTemplateDc">
                <column width="350px">
                    <textField id="systemNameField" property="systemName"/>
                    <textField id="taskNameField" property="taskName"/>
                    <textField id="taskDescription" property="taskDescription"/>
                    <comboBox id="priorityField" property="priority" required="true"/>
                    <timeField id="scheduledStartTimeField" property="scheduledStartTime"/>
                    <timeField id="scheduledEndTimeField" property="scheduledEndTime"/>
                    <comboBox id="cyclicityField" property="cyclicity" required="false"/>
                    <dateField id="appointmentDateField" property="appointmentDate"/>
                </column>
            </form>
        </scrollBox>
        <hbox id="editActions" spacing="true">
            <button id="commitAndCloseBtn" action="windowCommitAndClose"/>
            <button id="closeBtn" action="windowClose"/>
        </hbox>
    </layout>
</window>
