<?xml version="1.0" encoding="UTF-8" standalone="no"?>
<window xmlns="http://jmix.io/schema/ui/window"
        xmlns:ext="http://jmix.io/schema/ui/window-ext"
        caption="msg://abstractUserFriendlyReportScreen.caption">
    <layout>
        <tabSheet id="tabSheet">
            <tab id="singleReportTab">
                <vbox id="singleReportVbox">
                    <buttonsPanel id="buttonsPanel" ext:index="1"/>
                </vbox>
            </tab>
        </tabSheet>
    </layout>
</window>