<?xml version="1.0" encoding="UTF-8" standalone="no"?>
<window xmlns="http://jmix.io/schema/ui/window"
        caption="msg://dictResponsibleMatrixEdit.caption"
        focusComponent="form">
    <data>
        <instance id="dictResponsibleMatrixDc"
                  class="kz.eub.report360.entity.DictResponsibleMatrix">
            <fetchPlan extends="_base">
                <property name="drmErrorGroup" fetchPlan="_base"/>
                <property name="drmSubError" fetchPlan="_base"/>
                <property name="drmError" fetchPlan="_base"/>
                <property name="drmDead" fetchPlan="_base"/>
                <property name="drmFilial" fetchPlan="_base"/>
                <property name="drmSource" fetchPlan="_base"/>
                <property name="userGroup" fetchPlan="_base"/>
                <property name="user" fetchPlan="_base"/>
                <property name="branch" fetchPlan="_base"/>
            </fetchPlan>
            <loader/>
        </instance>
    </data>
    <facets>
        <dataLoadCoordinator auto="true"/>
        <screenSettings id="settingsFacet" auto="true"/>
    </facets>
    <actions>
        <action id="windowCommitAndClose" caption="msg:///actions.Ok"
                icon="EDITOR_OK"
                primary="true"
                shortcut="${COMMIT_SHORTCUT}"/>
        <action id="windowClose"
                caption="msg:///actions.Close"
                icon="EDITOR_CANCEL"/>
    </actions>
    <dialogMode height="AUTO"
                forceDialog="true"
                width="AUTO"/>
    <layout spacing="true" expand="scrollBox">
        <scrollBox id="scrollBox" spacing="true">
            <form id="form" dataContainer="dictResponsibleMatrixDc">
                <column width="350px">
                    <entityPicker id="drmErrorGroupField" property="drmErrorGroup"/>
                    <entityPicker id="drmSubErrorField" property="drmSubError"/>
                    <entityPicker id="drmErrorField" property="drmError"/>
                    <entityPicker id="drmDeadField" property="drmDead"/>
                    <entityPicker id="drmFilialField" property="drmFilial"/>
                    <entityPicker id="drmSourceField" property="drmSource"/>
                    <checkBox id="drmOnlineNotifField" property="drmOnlineNotif"/>
                    <checkBox id="drmStatDayField" property="drmStatDay"/>
                    <checkBox id="drmStatWeekField" property="drmStatWeek"/>
                    <checkBox id="drmStatMonthField" property="drmStatMonth"/>
                    <groupBox caption="msg://groupBox.caption" spacing="true" width="100%">
                        <form dataContainer="dictResponsibleMatrixDc">
                            <entityPicker id="userGroupField" property="userGroup" width="100%"/>
                            <entityPicker id="userField" property="user" width="100%"/>
                            <entityPicker id="branchField" property="branch" width="100%"/>
                        </form>
                    </groupBox>
                </column>
            </form>
        </scrollBox>
        <hbox id="editActions" spacing="true">
            <button id="commitAndCloseBtn" action="windowCommitAndClose"/>
            <button id="closeBtn" action="windowClose"/>
        </hbox>
    </layout>
</window>
