<?xml version="1.0" encoding="UTF-8" standalone="no"?>
<window xmlns="http://jmix.io/schema/ui/window"
        caption="msg://dictResponsibleMatrixBrowse.caption"
        focusComponent="dictResponsibleMatrixesTable">
    <data>
        <collection id="dictResponsibleMatrixesDc"
                    class="kz.eub.report360.entity.DictResponsibleMatrix">
            <fetchPlan extends="_base">
                <property name="drmError" fetchPlan="_base"/>
                <property name="drmErrorGroup" fetchPlan="_base"/>
                <property name="drmSubError" fetchPlan="_base"/>
                <property name="drmDead" fetchPlan="_base"/>
                <property name="userGroup" fetchPlan="_base"/>
                <property name="branch" fetchPlan="_base"/>
                <property name="drmSource" fetchPlan="_base"/>
                <property name="drmFilial" fetchPlan="_base"/>
                <property name="user" fetchPlan="_base"/>
            </fetchPlan>
            <loader id="dictResponsibleMatrixesDl">
                <query>
                    <![CDATA[select e from r360_DictResponsibleMatrix e]]>
                </query>
            </loader>
        </collection>
    </data>
    <facets>
        <dataLoadCoordinator auto="true"/>
        <screenSettings id="settingsFacet" auto="true"/>
    </facets>
    <actions>
        <action id="lookupSelectAction"
                caption="msg:///actions.Select"
                icon="LOOKUP_OK"
                primary="true"
                shortcut="${COMMIT_SHORTCUT}"/>
        <action id="lookupCancelAction"
                caption="msg:///actions.Cancel"
                icon="LOOKUP_CANCEL"/>
    </actions>
    <dialogMode height="600"
                width="800"/>
    <layout expand="dictResponsibleMatrixesTable" spacing="true">
        <filter id="filter"
                dataLoader="dictResponsibleMatrixesDl">
            <properties include=".*"/>
        </filter>
        <groupTable id="dictResponsibleMatrixesTable"
                    width="100%"
                    dataContainer="dictResponsibleMatrixesDc" multiLineCells="true">
            <actions>
                <action id="create" type="create"/>
                <action id="edit" type="edit"/>
                <action id="remove" type="remove"/>
                <action id="excelExport" type="excelExport"/>
                <action id="jsonExport" type="jsonExport"/>
            </actions>
            <columns>
                <column id="drmErrorGroup"/>
                <column id="drmSubError"/>
                <column id="drmError"/>
                <column id="drmDead"/>
                <column id="userGroup"/>
                <column id="user"/>
                <column id="branch"/>
                <column id="drmFilial"/>
                <column id="drmSource"/>
                <column id="drmOnlineNotif"/>
                <column id="drmStatDay"/>
                <column id="drmStatWeek"/>
                <column id="drmStatMonth"/>
            </columns>
            <simplePagination itemsPerPageUnlimitedOptionVisible="true" itemsPerPageVisible="true"/>
            <buttonsPanel id="buttonsPanel"
                          alwaysVisible="true">
                <button id="createBtn" action="dictResponsibleMatrixesTable.create"/>
                <button id="editBtn" action="dictResponsibleMatrixesTable.edit"/>
                <button id="removeBtn" action="dictResponsibleMatrixesTable.remove"/>
                <button id="excelExportBtn" action="dictResponsibleMatrixesTable.excelExport"/>
                <button id="jsonExportBtn" action="dictResponsibleMatrixesTable.jsonExport"/>
            </buttonsPanel>
        </groupTable>
        <hbox id="lookupActions" spacing="true" visible="false">
            <button action="lookupSelectAction"/>
            <button action="lookupCancelAction"/>
        </hbox>
    </layout>
</window>
