<?xml version="1.0" encoding="UTF-8" standalone="no"?>
<window xmlns="http://jmix.io/schema/ui/window"
        caption="msg://dmPledgeSnpEdit.caption"
        focusComponent="form">
    <data>
        <instance id="dmPledgeSnpDc"
                  class="kz.eub.report360.entity.DmPledgeSnp">
            <fetchPlan extends="_base">
                <property name="dpsSourceUuid" fetchPlan="_base"/>
            </fetchPlan>
            <loader/>
        </instance>
    </data>
    <facets>
        <dataLoadCoordinator auto="true"/>
        <screenSettings id="settingsFacet" auto="true"/>
    </facets>
    <actions>
        <action id="windowCommitAndClose" caption="msg:///actions.Ok"
                icon="EDITOR_OK"
                primary="true"
                shortcut="${COMMIT_SHORTCUT}"/>
        <action id="windowClose"
                caption="msg:///actions.Close"
                icon="EDITOR_CANCEL"/>
    </actions>
    <dialogMode height="AUTO"
                forceDialog="true"
                width="AUTO"/>
    <layout spacing="true" expand="scrollBox">
        <scrollBox id="scrollBox" spacing="true">
            <form id="form" dataContainer="dmPledgeSnpDc">
                <column width="350px">
                    <textField id="dpsIdField" property="dpsId"/>
                    <textField id="dpsAuditIdField" property="dpsAuditId"/>
                    <dateField id="dpsChangeDateField" property="dpsChangeDate"/>
                    <dateField id="dpsReportDateField" property="dpsReportDate"/>
                    <entityPicker id="dpsSourceUuidField" property="dpsSourceUuid">
                        <actions>
                            <action id="entityLookup" type="entity_lookup"/>
                            <action id="entityClear" type="entity_clear"/>
                        </actions>
                    </entityPicker>
                    <textField id="dpsGidField" property="dpsGid"/>
                    <textField id="dpsDogNumField" property="dpsDogNum"/>
                    <textField id="dpsCurrCodeField" property="dpsCurrCode"/>
                    <textField id="dpsCliNameField" property="dpsCliName"/>
                    <textField id="dpsCliIinBinField" property="dpsCliIinBin"/>
                    <textField id="dpsDprtNameField" property="dpsDprtName"/>
                    <textField id="dpsDoGidField" property="dpsDoGid"/>
                    <textField id="dpsDoDogNumField" property="dpsDoDogNum"/>
                    <dateField id="dpsDoDateField" property="dpsDoDate"/>
                    <textField id="dpsDoCurrCodeField" property="dpsDoCurrCode"/>
                    <textField id="dpsPlgCliNameField" property="dpsPlgCliName"/>
                    <textField id="dpsPlgCliIinBinField" property="dpsPlgCliIinBin"/>
                    <textField id="dpsPlgTypeField" property="dpsPlgType"/>
                    <textField id="dpsPlgCategField" property="dpsPlgCateg"/>
                    <dateField id="dpsDateNokField" property="dpsDateNok"/>
                    <textField id="dpsSumCurField" property="dpsSumCur"/>
                    <textField id="dpsSumKztField" property="dpsSumKzt"/>
                    <dateField id="dpsDateMonField" property="dpsDateMon"/>
                    <textField id="dpsSumMarCurField" property="dpsSumMarCur"/>
                    <textField id="dpsSumMarKztField" property="dpsSumMarKzt"/>
                    <textField id="dpsSumAlcField" property="dpsSumAlc"/>
                    <textField id="dpsPropPercField" property="dpsPropPerc"/>
                    <textField id="dpsDoStateField" property="dpsDoState"/>
                    <textField id="dpsStateField" property="dpsState"/>
                </column>
            </form>
        </scrollBox>
        <hbox id="editActions" spacing="true">
            <button id="commitAndCloseBtn" action="windowCommitAndClose"/>
            <button id="closeBtn" action="windowClose"/>
        </hbox>
    </layout>
</window>
