<?xml version="1.0" encoding="UTF-8" standalone="no"?>
<window xmlns="http://jmix.io/schema/ui/window"
        caption="msg://dmPledgeSnpBrowse.caption"
        focusComponent="dmPledgeSnpsTable">
    <data readOnly="true">
        <collection id="dmPledgeSnpsDc"
                    class="kz.eub.report360.entity.DmPledgeSnp">
            <fetchPlan extends="_base">
                <property name="dpsSourceUuid" fetchPlan="_base"/>
            </fetchPlan>
            <loader id="dmPledgeSnpsDl">
                <query>
                    <![CDATA[select e from r360_DmPledgeSnp e]]>
                </query>
            </loader>
        </collection>
    </data>
    <facets>
        <dataLoadCoordinator auto="true"/>
        <screenSettings id="settingsFacet" auto="true"/>
    </facets>
    <actions>
        <action id="lookupSelectAction"
                caption="msg:///actions.Select"
                icon="LOOKUP_OK"
                primary="true"
                shortcut="${COMMIT_SHORTCUT}"/>
        <action id="lookupCancelAction"
                caption="msg:///actions.Cancel"
                icon="LOOKUP_CANCEL"/>
    </actions>
    <dialogMode height="600"
                width="800"/>
    <layout expand="dmPledgeSnpsTable" spacing="true">
        <filter id="filter"
                dataLoader="dmPledgeSnpsDl">
            <properties include=".*"/>
        </filter>
        <groupTable id="dmPledgeSnpsTable"
                    width="100%"
                    dataContainer="dmPledgeSnpsDc">
            <actions>
                <action id="create" type="create"/>
                <action id="edit" type="edit"/>
                <action id="remove" type="remove"/>
                <action id="excelExport" type="excelExport"/>
            </actions>
            <columns>
                <column id="dpsId"/>
                <column id="dpsAuditId"/>
                <column id="dpsChangeDate"/>
                <column id="dpsReportDate"/>
                <column id="dpsSourceUuid"/>
                <column id="dpsGid"/>
                <column id="dpsDogNum"/>
                <column id="dpsCurrCode"/>
                <column id="dpsCliName"/>
                <column id="dpsCliIinBin"/>
                <column id="dpsDprtName"/>
                <column id="dpsDoGid"/>
                <column id="dpsDoDogNum"/>
                <column id="dpsDoDate"/>
                <column id="dpsDoCurrCode"/>
                <column id="dpsPlgCliName"/>
                <column id="dpsPlgCliIinBin"/>
                <column id="dpsPlgType"/>
                <column id="dpsPlgCateg"/>
                <column id="dpsDateNok"/>
                <column id="dpsSumCur"/>
                <column id="dpsSumKzt"/>
                <column id="dpsDateMon"/>
                <column id="dpsSumMarCur"/>
                <column id="dpsSumMarKzt"/>
                <column id="dpsSumAlc"/>
                <column id="dpsPropPerc"/>
                <column id="dpsDoState"/>
                <column id="dpsState"/>
            </columns>
            <simplePagination itemsPerPageUnlimitedOptionVisible="true" itemsPerPageVisible="true"/>
            <buttonsPanel id="buttonsPanel"
                          alwaysVisible="true">
                <button id="createBtn" action="dmPledgeSnpsTable.create"/>
                <button id="editBtn" action="dmPledgeSnpsTable.edit"/>
                <button id="removeBtn" action="dmPledgeSnpsTable.remove"/>
                <button id="excelExportBtn" action="dmPledgeSnpsTable.excelExport" stylename="friendly"/>
            </buttonsPanel>
        </groupTable>
        <hbox id="lookupActions" spacing="true" visible="false">
            <button action="lookupSelectAction"/>
            <button action="lookupCancelAction"/>
        </hbox>
    </layout>
</window>
