<?xml version="1.0" encoding="UTF-8" standalone="no"?>
<window xmlns="http://jmix.io/schema/ui/window"
        caption="msg://kpiGoalPlanImportDocEdit.caption"
        focusComponent="form">
    <data>
        <instance id="kpiGoalPlanImportDocDc"
                  class="kz.eub.kpi.entity.kpi.KpiGoalPlanImportDoc">
            <fetchPlan extends="_base">
                <property name="period" fetchPlan="_base"/>
                <property name="goalDictPlans" fetchPlan="_base">
                    <property name="goalDict" fetchPlan="_base"/>
                    <property name="period" fetchPlan="_base"/>
                </property>
                <property name="author" fetchPlan="_base"/>
            </fetchPlan>
            <loader/>
            <collection id="goalDictPlansDc" property="goalDictPlans"/>
        </instance>
        <collection id="kpiPeriodsDc" class="kz.eub.kpi.entity.kpi.KpiPeriod">
            <fetchPlan extends="_base"/>
            <loader id="kpiPeriodsDl">
                <query>
                    <![CDATA[select e from kpi_KpiPeriod e]]>
                </query>
            </loader>
        </collection>
    </data>
    <facets>
        <dataLoadCoordinator auto="true"/>
        <screenSettings id="settingsFacet" auto="true"/>
    </facets>
    <actions>
        <action id="windowCommitAndClose" caption="msg:///actions.Ok"
                icon="EDITOR_OK"
                primary="true"
                shortcut="${COMMIT_SHORTCUT}"/>
        <action id="windowClose"
                caption="msg:///actions.Close"
                icon="EDITOR_CANCEL"/>
    </actions>
    <dialogMode height="600"
                width="800"/>
    <layout spacing="true" expand="goalDictPlansBox">
        <form id="form" dataContainer="kpiGoalPlanImportDocDc">
            <column width="350px">
                <textField id="snField" property="sn" editable="false"/>
                <textField id="authorField" property="author" editable="false"/>
                <dateField id="dateField" property="date" editable="false"/>
                <comboBox id="statusField" property="status" editable="false"/>
                <entityComboBox id="periodField" property="period" optionsContainer="kpiPeriodsDc">
                    <actions>
                        <action id="entityLookup" type="entity_lookup"/>
                        <action id="entityClear" type="entity_clear"/>
                    </actions>
                </entityComboBox>
                <comboBox id="categoryField" property="category"/>
                <textArea id="infoField" property="info"/>
            </column>
        </form>
        <groupBox id="goalDictPlansBox" expand="goalDictPlansTable">
            <table id="goalDictPlansTable" dataContainer="goalDictPlansDc" width="100%">
                <actions>
                    <action id="create" type="create"/>
                    <action id="edit" type="edit"/>
                    <action id="remove" type="remove"/>
                    <action id="downloadTemplate" caption="msg:///downloadTemplate" icon="DOWNLOAD"/>
                    <action id="excelExport" type="excelExport"/>
                </actions>
                <columns>
                    <column id="goalDict.subCategory"/>
                    <column id="goalDict.name"/>
                    <column id="goalDict.goalDescription"/>
                    <column id="plan" align="RIGHT"/>
                    <column id="goalDict.unit"/>
                </columns>
                <simplePagination itemsPerPageUnlimitedOptionVisible="true" itemsPerPageVisible="true" itemsPerPageDefaultValue="500"/>
                <buttonsPanel>
                    <button action="goalDictPlansTable.create"/>
                    <button action="goalDictPlansTable.edit"/>
                    <button action="goalDictPlansTable.remove"/>
                    <button action="goalDictPlansTable.downloadTemplate"/>
                    <fileUpload id="uploadField"
                                accept="*.xls,*.xlsx"
                                uploadButtonIcon="EXCEL_ACTION"
                                showFileName="true"/>
                    <button id="approveBtn" caption="msg://approve" icon="font-icon:SAVE" enable="false"/>
                    <button id="goalDictPlansTableExcelExportBtn" action="goalDictPlansTable.excelExport"/>
                </buttonsPanel>
            </table>
        </groupBox>
        <hbox id="editActions" spacing="true">
            <button id="commitAndCloseBtn" caption="msg://ok" primary="true" icon="CHECK"/>
            <button id="closeBtn" action="windowClose"/>
        </hbox>
    </layout>
</window>
