<?xml version="1.0" encoding="UTF-8" standalone="no"?>
<window xmlns="http://jmix.io/schema/ui/window"
        xmlns:c="http://jmix.io/schema/ui/jpql-condition"
        caption="msg://kpiGoalPlanImportDocBrowse.caption"
        focusComponent="kpiGoalPlanImportDocsTable">
    <data readOnly="true">
        <collection id="kpiGoalPlanImportDocsDc"
                    class="kz.eub.kpi.entity.kpi.KpiGoalPlanImportDoc">
            <fetchPlan extends="_base">
                <property name="period" fetchPlan="_base"/>
                <property name="author" fetchPlan="_base"/>
            </fetchPlan>
            <loader id="kpiGoalPlanImportDocsDl">
                <query>
                    <![CDATA[select e from kpi_KpiGoalPlanImportDoc e]]>
                </query>
            </loader>
        </collection>
    </data>
    <facets>
        <dataLoadCoordinator auto="true"/>
        <screenSettings id="settingsFacet" auto="true"/>
    </facets>
    <actions>
        <action id="lookupSelectAction"
                caption="msg:///actions.Select"
                icon="LOOKUP_OK"
                primary="true"
                shortcut="${COMMIT_SHORTCUT}"/>
        <action id="lookupCancelAction"
                caption="msg:///actions.Cancel"
                icon="LOOKUP_CANCEL"/>
    </actions>
    <dialogMode height="600"
                width="800"/>
    <layout expand="kpiGoalPlanImportDocsTable" spacing="true">
        <filter id="filter"
                dataLoader="kpiGoalPlanImportDocsDl">
            <properties include=".*"/>
        </filter>
        <groupTable id="kpiGoalPlanImportDocsTable"
                    width="100%"
                    dataContainer="kpiGoalPlanImportDocsDc">
            <actions>
                <action id="create" type="create"/>
                <action id="edit" type="edit"/>
                <action id="remove" type="remove" enable="false"/>
            </actions>
            <columns>
                <column id="sn"/>
                <column id="author"/>
                <column id="date"/>
                <column id="status"/>
                <column id="info"/>
                <column id="period"/>
                <column id="category"/>
            </columns>
            <simplePagination itemsPerPageUnlimitedOptionVisible="true" itemsPerPageVisible="true" itemsPerPageDefaultValue="500"/>
            <buttonsPanel id="buttonsPanel"
                          alwaysVisible="true">
                <button id="createBtn" action="kpiGoalPlanImportDocsTable.create"/>
                <button id="editBtn" action="kpiGoalPlanImportDocsTable.edit"/>
                <button id="removeBtn" action="kpiGoalPlanImportDocsTable.remove"/>
                <button id="finGoalsPivotBtn" icon="font-icon:FILE_EXCEL_O" caption="msg://finGoalsPivot"/>
            </buttonsPanel>
        </groupTable>
        <hbox id="lookupActions" spacing="true" visible="false">
            <button action="lookupSelectAction"/>
            <button action="lookupCancelAction"/>
        </hbox>
    </layout>
</window>
