<?xml version="1.0" encoding="UTF-8" standalone="no"?>
<window xmlns="http://jmix.io/schema/ui/window"
        xmlns:c="http://jmix.io/schema/ui/jpql-condition"
        caption="msg://kpiPeriodBrowse.caption"
        focusComponent="kpiPeriodsTable">
    <data readOnly="true">
        <collection id="kpiPeriodsDc"
                    class="kz.eub.kpi.entity.kpi.KpiPeriod">
            <fetchPlan extends="_base"/>
            <loader id="kpiPeriodsDl">
                <query>
                    <![CDATA[select e from kpi_KpiPeriod e]]>
                </query>
            </loader>
        </collection>
    </data>
    <facets>
        <dataLoadCoordinator auto="true"/>
        <screenSettings id="settingsFacet" auto="true"/>
    </facets>
    <actions>
        <action id="lookupSelectAction"
                caption="msg:///actions.Select"
                icon="LOOKUP_OK"
                primary="true"
                shortcut="${COMMIT_SHORTCUT}"/>
        <action id="lookupCancelAction"
                caption="msg:///actions.Cancel"
                icon="LOOKUP_CANCEL"/>
    </actions>
    <dialogMode height="600"
                width="800"/>
    <layout expand="kpiPeriodsTable" spacing="true">
        <filter id="filter"
                dataLoader="kpiPeriodsDl">
            <properties include=".*"/>
        </filter>
        <groupTable id="kpiPeriodsTable"
                    width="100%"
                    dataContainer="kpiPeriodsDc">
            <actions>
                <action id="view" type="view"/>
            </actions>
            <columns>
                <column id="year"/>
                <column id="quarter"/>
            </columns>
            <simplePagination/>
            <buttonsPanel id="buttonsPanel"
                          alwaysVisible="true">
                <button id="kpiPeriodsTableViewBtn" action="kpiPeriodsTable.view"/>
            </buttonsPanel>
        </groupTable>
        <hbox id="lookupActions" spacing="true" visible="false">
            <button action="lookupSelectAction"/>
            <button action="lookupCancelAction"/>
        </hbox>
    </layout>
</window>
